JvmtiExport can_access_local_variables 0
JvmtiExport can_hotswap_or_post_breakpoint 0
JvmtiExport can_post_on_exceptions 0
# 684 ciObject found
instanceKlass org/jetbrains/kotlin/resolve/calls/inference/model/NewConstraintSystemImpl
ciInstanceKlass java/lang/Cloneable 1 1 7 100 1 100 1 1 1
instanceKlass org/jetbrains/kotlin/fir/scopes/impl/FirAbstractImportingScope$processFunctionsByName$$inlined$processCallablesFromImportsByName$1
instanceKlass org/jetbrains/kotlin/fir/scopes/impl/FirAbstractImportingScope$processPropertiesByName$$inlined$processCallablesFromImportsByName$1
instanceKlass org/jetbrains/kotlin/fir/expressions/builder/FirDesugaredAssignmentValueReferenceExpressionBuilder
instanceKlass org/jetbrains/kotlin/fir/references/builder/FirResolvedCallableReferenceBuilder
instanceKlass org/jetbrains/kotlin/resolve/calls/model/LambdaWithTypeVariableAsExpectedTypeMarker
instanceKlass org/jetbrains/kotlin/fir/resolve/calls/stages/EagerResolveOfCallableReferences$WhenMappings
instanceKlass org/jetbrains/kotlin/fir/resolve/calls/CallableReferenceConversionStrategy
instanceKlass org/jetbrains/kotlin/fir/resolve/calls/InputOutputTypes
instanceKlass org/jetbrains/kotlin/fir/resolve/calls/PostponedAtomsKt
instanceKlass org/jetbrains/kotlin/fir/resolve/calls/stages/CheckCallableReferenceExpectedTypeKt
instanceKlass org/jetbrains/kotlin/fir/types/TypeUtilsKt$WhenMappings
instanceKlass org/jetbrains/kotlin/fir/scopes/impl/FirFakeOverrideGenerator$Maybe
instanceKlass org/jetbrains/kotlin/fir/resolve/dfa/cfg/UncaughtExceptionPath
instanceKlass org/jetbrains/kotlin/fir/resolve/DoubleColonLHS
instanceKlass org/jetbrains/kotlin/types/AbstractTypeApproximator$ApproximationResult
instanceKlass org/jetbrains/kotlin/fir/resolve/calls/FirCallResolver$WhenMappings
instanceKlass org/jetbrains/kotlin/fir/resolve/dfa/FirLocalVariableAssignmentAnalyzer$Companion$Assignment
instanceKlass org/jetbrains/kotlin/fir/scopes/impl/FirTypeIntersectionScope$Companion
instanceKlass org/jetbrains/kotlin/com/intellij/psi/impl/SharedPsiElementImplUtil
instanceKlass org/jetbrains/kotlin/it/unimi/dsi/fastutil/ints/Int2ObjectOpenHashMap$MapEntry
instanceKlass org/jetbrains/kotlin/it/unimi/dsi/fastutil/ints/Int2ObjectMap$Entry
instanceKlass org/jetbrains/kotlin/it/unimi/dsi/fastutil/ints/Int2ObjectOpenHashMap$MapIterator
instanceKlass org/jetbrains/kotlin/it/unimi/dsi/fastutil/ints/Int2ObjectMaps
instanceKlass org/jetbrains/kotlin/fir/java/FirJavaElementFinderKt$WhenMappings
instanceKlass org/jetbrains/kotlin/load/java/structure/impl/NotEvaluatedConstAware
instanceKlass org/jetbrains/kotlin/metadata/jvm/JvmProtoBuf$1
instanceKlass org/jetbrains/kotlin/fir/resolve/transformers/body/resolve/FirArrayOfCallTransformerKt
instanceKlass org/jetbrains/kotlin/fir/expressions/builder/FirInaccessibleReceiverExpressionBuilder
instanceKlass org/jetbrains/kotlin/fir/resolve/transformers/plugin/FirAnnotationArgumentsTransformerKt
instanceKlass org/jetbrains/kotlin/resolve/constants/evaluate/OperationsMapGeneratedKt$WhenMappings
instanceKlass org/jetbrains/kotlin/resolve/constants/evaluate/OperationsMapGeneratedKt
instanceKlass org/jetbrains/kotlin/fir/FirEvaluatorResult
instanceKlass org/jetbrains/kotlin/fir/expressions/FirExpressionEvaluatorKt
instanceKlass org/jetbrains/kotlin/fir/expressions/FirConstCheckVisitor$Companion
instanceKlass org/jetbrains/kotlin/fir/expressions/FirConstChecksKt
instanceKlass org/jetbrains/kotlin/fir/expressions/FirExpressionEvaluator
instanceKlass org/jetbrains/kotlin/fir/java/declarations/FirJavaValueParameterKt$buildJavaValueParameterCopy$1
instanceKlass kotlin/sequences/SequenceScope
instanceKlass kotlin/sequences/SequencesKt__SequenceBuilderKt$sequence$$inlined$Sequence$1
instanceKlass org/jetbrains/kotlin/fir/declarations/DeprecationUtilsKt$WhenMappings
instanceKlass org/jetbrains/kotlin/fir/expressions/builder/FirResolvedReifiedParameterReferenceBuilder
instanceKlass org/jetbrains/kotlin/types/model/TypeSystemContext$iterator$1
instanceKlass org/jetbrains/kotlin/fir/resolve/calls/tower/FirInvokeResolveTowerExtensionKt
instanceKlass org/jetbrains/kotlin/fir/java/declarations/FirJavaMethodKt$buildJavaMethodCopy$1
instanceKlass org/jetbrains/kotlin/fir/resolve/dfa/cfg/ControlFlowGraphBuilder$exitClass$$inlined$sortedBy$1
instanceKlass org/jetbrains/kotlin/resolve/calls/inference/model/NewConstraintSystemImpl$WhenMappings
instanceKlass org/jetbrains/kotlin/fir/types/CapturedArguments
instanceKlass org/jetbrains/kotlin/fir/java/scopes/JavaClassUseSiteMemberScope$doesOverrideRenamedBuiltins$$inlined$collectMembersGroupedByScope$1
instanceKlass org/jetbrains/kotlin/fir/scopes/FirCompositeScope$processComposite$1
instanceKlass org/jetbrains/kotlin/fir/resolve/transformers/body/resolve/FirDeclarationsResolveTransformer$transformAnonymousObject$lambda$57$lambda$56$$inlined$withAnonymousObject$1
instanceKlass org/jetbrains/kotlin/fir/resolve/transformers/contracts/FirAbstractContractResolveTransformerDispatcher$FirDeclarationsContractResolveTransformer$transformAnonymousObject$$inlined$withAnonymousObject$1
instanceKlass org/jetbrains/kotlin/fir/resolve/transformers/contracts/FirContractResolveTransformerAdapterKt
instanceKlass org/jetbrains/kotlin/fir/resolve/transformers/body/resolve/FirImplicitBodyResolveKt
instanceKlass org/jetbrains/kotlin/fir/resolve/transformers/FirStatusResolveTransformerKt
instanceKlass org/jetbrains/kotlin/fir/resolve/transformers/FirTypeResolveTransformerKt
instanceKlass org/jetbrains/kotlin/fir/resolve/transformers/plugin/FirCompanionGenerationProcessorKt
instanceKlass org/jetbrains/kotlin/fir/resolve/transformers/plugin/FirCompilerRequiredAnnotationsResolveTransformerKt
instanceKlass org/jetbrains/kotlin/fir/resolve/transformers/body/resolve/LocalClassesNavigationInfo
instanceKlass org/jetbrains/kotlin/fir/resolve/transformers/body/resolve/LocalClassesNavigationKt
instanceKlass org/jetbrains/kotlin/fir/resolve/transformers/body/resolve/LocalClassesResolutionKt
instanceKlass org/jetbrains/kotlin/contracts/description/KtLogicalNot
instanceKlass org/jetbrains/kotlin/fir/resolve/dfa/ContractsKt
instanceKlass org/jetbrains/kotlin/fir/scopes/FirTypeScopeKt$getDirectOverriddenProperties$$inlined$processDirectlyOverriddenProperties$1
instanceKlass org/jetbrains/kotlin/name/CallableIdKt
instanceKlass org/jetbrains/kotlin/fir/java/SyntheticPropertiesCacheKey
instanceKlass org/jetbrains/kotlin/com/intellij/psi/PsiPrefixExpression
instanceKlass org/jetbrains/kotlin/com/intellij/psi/impl/source/DummyHolder$DummyHolderTreeLock
instanceKlass org/jetbrains/kotlin/com/intellij/psi/impl/compiled/ClsJavaCodeReferenceElementImpl$Resolver
instanceKlass org/jetbrains/kotlin/com/intellij/codeInsight/AnnotationTargetUtil
instanceKlass org/jetbrains/kotlin/fir/resolve/providers/FirProviderUtilsKt
instanceKlass org/jetbrains/kotlin/utils/SmartSet$ArrayIterator
instanceKlass org/jetbrains/kotlin/resolve/checkers/EmptyIntersectionTypeChecker
instanceKlass org/jetbrains/kotlin/fir/PrimitivesKt
instanceKlass kotlin/jvm/internal/CharCompanionObject
instanceKlass org/jetbrains/kotlin/com/intellij/util/containers/ObjectIntHashMap
instanceKlass org/jetbrains/kotlin/com/intellij/psi/util/TypeConversionUtil
instanceKlass org/jetbrains/kotlin/util/ConstUtils
instanceKlass org/jetbrains/kotlin/fir/scopes/impl/ConvertibleIntegerOperators
instanceKlass org/jetbrains/kotlin/fir/java/scopes/BuiltinMethodsWithSpecialGenericSignature
instanceKlass org/jetbrains/kotlin/fir/java/scopes/BuiltinMethodsWithDifferentJvmName
instanceKlass org/jetbrains/kotlin/fir/java/scopes/JavaScopeUtilsKt$firstOverriddenCallable$1
instanceKlass org/jetbrains/kotlin/fir/java/scopes/JavaScopeUtilsKt
instanceKlass org/jetbrains/kotlin/fir/TypeUtilsKt
instanceKlass org/jetbrains/kotlin/fir/resolve/calls/tower/MemberScopeTowerLevel$MemberFromSmartcastScope
instanceKlass org/jetbrains/kotlin/fir/expressions/builder/FirSmartCastExpressionBuilder
instanceKlass org/jetbrains/kotlin/fir/java/scopes/JavaClassUseSiteMemberScope$shouldBeVisibleAsOverrideOfBuiltInWithErasedValueParameters$$inlined$collectIntersectionResultsForCallables$1
instanceKlass org/jetbrains/kotlin/utils/SmartList$1
instanceKlass org/jetbrains/kotlin/diagnostics/WhenMissingCase
instanceKlass org/jetbrains/kotlin/fir/expressions/ExhaustivenessStatus$NotExhaustive$Companion
instanceKlass org/jetbrains/kotlin/fir/scopes/FirTypeScopeKt$anyOverriddenOf$$inlined$anyOverriddenOf$1
instanceKlass org/jetbrains/kotlin/fir/diagnostics/ConeCannotInferValueParameterType
instanceKlass org/jetbrains/kotlin/fir/expressions/builder/FirSamConversionExpressionBuilder
instanceKlass org/jetbrains/kotlin/kotlinx/collections/immutable/implementations/immutableMap/PersistentHashMapBuilderEntriesIterator
instanceKlass org/jetbrains/kotlin/fir/types/ConeIntegerLiteralIntersector
instanceKlass org/jetbrains/kotlin/resolve/calls/inference/components/ConstraintInjector$TypeCheckerStateForConstraintInjector$WhenMappings
instanceKlass org/jetbrains/kotlin/contracts/description/KtIsNullPredicate
instanceKlass org/jetbrains/kotlin/util/ArrayMapImpl$Entry
instanceKlass org/jetbrains/kotlin/fir/declarations/builder/FirErrorFunctionBuilder
instanceKlass org/jetbrains/kotlin/fir/resolve/calls/candidate/ErrorCandidateUtilsKt
instanceKlass org/jetbrains/kotlin/fir/resolve/diagnostics/ConeUnresolvedNameError
instanceKlass org/jetbrains/kotlin/fir/resolve/diagnostics/ConeUnresolvedError
instanceKlass org/jetbrains/kotlin/types/AbstractFlexibilityChecker
instanceKlass org/jetbrains/kotlin/fir/resolve/inference/FirCallCompleterKt
instanceKlass org/jetbrains/kotlin/fir/expressions/impl/FirAnnotationArgumentMappingImplKt
instanceKlass org/jetbrains/kotlin/fir/ScopeUtilsKt
instanceKlass org/jetbrains/kotlin/resolve/calls/results/FlatSignatureKt
instanceKlass org/jetbrains/kotlin/fir/resolve/calls/overloads/ConeSimpleConstraintSystemImpl
instanceKlass org/jetbrains/kotlin/resolve/calls/results/SimpleConstraintSystem
instanceKlass org/jetbrains/kotlin/resolve/calls/results/FlatSignature$Companion
instanceKlass org/jetbrains/kotlin/resolve/calls/results/FlatSignature
instanceKlass org/jetbrains/kotlin/resolve/calls/results/TypeWithConversion
instanceKlass org/jetbrains/kotlin/fir/resolve/calls/overloads/ConeOverloadConflictResolver$DiscriminationFlags
instanceKlass org/jetbrains/kotlin/fir/resolve/calls/jvm/ConeEquivalentCallConflictResolver$filterOutEquivalentCalls$$inlined$sortedBy$1
instanceKlass org/jetbrains/kotlin/resolve/calls/inference/model/ConstraintSystemError
instanceKlass org/jetbrains/kotlin/resolve/calls/inference/model/NewConstraintMismatch
instanceKlass org/jetbrains/kotlin/fir/resolve/SAMInfo
instanceKlass org/jetbrains/kotlin/utils/SmartSet$SingletonIterator
instanceKlass org/jetbrains/kotlin/fir/resolve/TypeAttributeUtilsKt
instanceKlass org/jetbrains/kotlin/name/StandardClassIds$Collections
instanceKlass org/jetbrains/kotlin/fir/types/ConeFlexibleTypeBoundsChecker
instanceKlass org/jetbrains/kotlin/fir/resolve/ImplicitReceiverStackKt
instanceKlass org/jetbrains/kotlin/fir/resolve/dfa/FirLocalVariableAssignmentAnalyzer$Companion$Fork
instanceKlass org/jetbrains/kotlin/fir/resolve/dfa/FirLocalVariableAssignmentAnalyzer$Companion$MiniFlow$Companion
instanceKlass org/jetbrains/kotlin/fir/resolve/dfa/FirLocalVariableAssignmentAnalyzer$Companion$MiniFlow
instanceKlass org/jetbrains/kotlin/fir/resolve/dfa/FirLocalVariableAssignmentAnalyzer$Companion$MiniCfgBuilder$MiniCfgData
instanceKlass org/jetbrains/kotlin/fir/scopes/impl/TypeAliasConstructorsSubstitutingScopeKt
instanceKlass org/jetbrains/kotlin/fir/resolve/calls/ConstructorProcessingKt$WhenMappings
instanceKlass org/jetbrains/kotlin/fir/resolve/calls/SymbolWithSubstitutor
instanceKlass org/jetbrains/kotlin/fir/resolve/calls/SyntheticsKt
instanceKlass org/jetbrains/kotlin/fir/declarations/synthetic/FirSyntheticPropertyBuilderKt
instanceKlass org/jetbrains/kotlin/fir/declarations/synthetic/FirSyntheticPropertyBuilder
instanceKlass org/jetbrains/kotlin/fir/resolve/calls/FirSyntheticPropertiesScope$GetterCompatibilityResult
instanceKlass org/jetbrains/kotlin/fir/resolve/calls/FirSyntheticPropertiesScope$WhenMappings
instanceKlass org/jetbrains/kotlin/fir/resolve/dfa/LogicSystemKt
instanceKlass org/jetbrains/kotlin/fir/expressions/ExhaustivenessStatusKt
instanceKlass org/jetbrains/kotlin/fir/FirEnumWhenTrackerComponent
instanceKlass org/jetbrains/kotlin/fir/FirEnumWhenTrackerComponentKt
instanceKlass org/jetbrains/kotlin/fir/expressions/ExhaustivenessStatus
instanceKlass org/jetbrains/kotlin/fir/resolve/dfa/UtilKt$WhenMappings
instanceKlass org/jetbrains/kotlin/fir/resolve/calls/QualifierReceiver
instanceKlass org/jetbrains/kotlin/fir/resolve/calls/QualifierReceiverKt
instanceKlass org/jetbrains/kotlin/fir/resolve/calls/ConstructorProcessingKt$getSingleVisibleClassifier$$inlined$processClassifiersByName$1
instanceKlass org/jetbrains/kotlin/com/intellij/psi/impl/source/tree/java/PsiMethodCallExpressionImpl$TypeEvaluator
instanceKlass org/jetbrains/kotlin/types/AbstractTypeApproximator$WhenMappings
instanceKlass org/jetbrains/kotlin/fir/types/ConeIntegerLiteralTypeImplKt
instanceKlass org/jetbrains/kotlin/resolve/calls/inference/model/ConstraintStorageKt$WhenMappings
instanceKlass org/jetbrains/kotlin/resolve/calls/inference/model/ConstraintStorageKt
instanceKlass org/jetbrains/kotlin/fir/types/ConeTypeIntersector
instanceKlass org/jetbrains/kotlin/fir/symbols/FirBasedSymbolKt
instanceKlass org/jetbrains/kotlin/resolve/calls/NewCommonSuperTypeCalculator
instanceKlass org/jetbrains/kotlin/resolve/calls/inference/components/ResultTypeResolver$sinkIntegerLiteralTypes$1$containsILT$1
instanceKlass org/jetbrains/kotlin/resolve/calls/inference/components/ResultTypeResolver$sinkIntegerLiteralTypes$$inlined$sortedBy$1
instanceKlass org/jetbrains/kotlin/resolve/calls/inference/components/VariableFixationFinder$VariableForFixation
instanceKlass org/jetbrains/kotlin/resolve/calls/inference/model/MutableVariableWithConstraints$WhenMappings
instanceKlass org/jetbrains/kotlin/fir/types/ConeInferenceContext$WhenMappings
instanceKlass org/jetbrains/kotlin/resolve/calls/inference/components/ConstraintIncorporatorKt
instanceKlass org/jetbrains/kotlin/resolve/calls/inference/components/ConstraintIncorporator$WhenMappings
instanceKlass org/jetbrains/kotlin/resolve/calls/inference/components/VariableFixationFinder$WhenMappings
instanceKlass org/jetbrains/kotlin/types/model/TypeSystemContextHelpersKt
instanceKlass org/jetbrains/kotlin/resolve/calls/inference/components/TypeVariableDependencyInformationProvider
instanceKlass org/jetbrains/kotlin/fir/resolve/inference/CalculatorForNestedCall$FixationDirectionForVariable
instanceKlass org/jetbrains/kotlin/fir/resolve/inference/CalculatorForNestedCall$WhenMappings
instanceKlass org/jetbrains/kotlin/fir/resolve/inference/CalculatorForNestedCall
instanceKlass org/jetbrains/kotlin/resolve/calls/inference/components/VariableFixationFinderKt
instanceKlass org/jetbrains/kotlin/resolve/calls/inference/model/Constraint
instanceKlass org/jetbrains/kotlin/resolve/calls/inference/components/ConstraintContext
instanceKlass org/jetbrains/kotlin/fir/resolve/calls/stages/ReceiverDescription
instanceKlass org/jetbrains/kotlin/resolve/calls/inference/model/MutableVariableWithConstraints
instanceKlass org/jetbrains/kotlin/resolve/calls/inference/model/VariableWithConstraints
instanceKlass org/jetbrains/kotlin/fir/types/ConeTypeVariable
instanceKlass org/jetbrains/kotlin/types/model/TypeVariableMarker
instanceKlass org/jetbrains/kotlin/fir/resolve/calls/stages/CreateFreshTypeVariableSubstitutorStageKt
instanceKlass org/jetbrains/kotlin/fir/resolve/dfa/DataFlowInfo
instanceKlass org/jetbrains/kotlin/fir/resolve/QualifiedNameResolutionKt
instanceKlass org/jetbrains/kotlin/fir/types/ConeIntegerLiteralTypeExtensions
instanceKlass kotlin/ranges/LongRange$Companion
instanceKlass kotlin/ranges/LongProgression$Companion
instanceKlass kotlin/ranges/LongProgression
instanceKlass org/jetbrains/kotlin/fir/types/ConeIntegerLiteralConstantTypeImpl$Companion
instanceKlass org/jetbrains/kotlin/fir/types/ConeIntegerLiteralType$Companion
instanceKlass org/jetbrains/kotlin/util/EmptyArrayMap$iterator$1
instanceKlass org/jetbrains/kotlin/fir/resolve/transformers/body/resolve/DeclarationApproximationUtilsKt
instanceKlass org/jetbrains/kotlin/fir/resolve/transformers/body/resolve/ImplicitBodyResolveComputationStatus
instanceKlass org/jetbrains/kotlin/fir/resolve/dfa/DfaVariablesKt
instanceKlass org/jetbrains/kotlin/fir/scopes/impl/ImportedFromObjectOrStaticData
instanceKlass org/jetbrains/kotlin/kotlinx/collections/immutable/implementations/persistentOrderedSet/PersistentOrderedSetIterator
instanceKlass org/jetbrains/kotlin/contracts/description/KtBinaryLogicExpression
instanceKlass org/jetbrains/kotlin/kotlinx/collections/immutable/implementations/immutableMap/MapEntry
instanceKlass org/jetbrains/kotlin/kotlinx/collections/immutable/PersistentSet$Builder
instanceKlass org/jetbrains/kotlin/fir/resolve/dfa/Operation$WhenMappings
instanceKlass org/jetbrains/kotlin/fir/resolve/dfa/cfg/ControlFlowGraphBuilder$WhenMappings
instanceKlass org/jetbrains/kotlin/contracts/description/KtIsInstancePredicate
instanceKlass org/jetbrains/kotlin/contracts/description/KtBooleanExpression
instanceKlass org/jetbrains/kotlin/contracts/description/KtConstantReference
instanceKlass org/jetbrains/kotlin/fir/contracts/description/ConeContractConstantValues
instanceKlass org/jetbrains/kotlin/fir/resolve/transformers/contracts/ConeEffectExtractor$Companion
instanceKlass org/jetbrains/kotlin/fir/resolve/transformers/contracts/FirContractsDslNames
instanceKlass org/jetbrains/kotlin/kotlinx/collections/immutable/internal/DeltaCounter
instanceKlass org/jetbrains/kotlin/fir/resolve/inference/ReturnArgumentsAnalysisResult
instanceKlass org/jetbrains/kotlin/fir/resolve/dfa/cfg/FirAnonymousFunctionReturnExpressionInfo
instanceKlass org/jetbrains/kotlin/fir/resolve/dfa/FirControlFlowGraphReferenceImplKt
instanceKlass org/jetbrains/kotlin/kotlinx/collections/immutable/implementations/immutableMap/TrieNodeBaseIterator
instanceKlass org/jetbrains/kotlin/kotlinx/collections/immutable/implementations/immutableMap/PersistentHashMapBaseIterator
instanceKlass org/jetbrains/kotlin/fir/resolve/dfa/cfg/ControlFlowGraphKt
instanceKlass org/jetbrains/kotlin/fir/resolve/transformers/ExpectedArgumentType
instanceKlass org/jetbrains/kotlin/fir/resolve/FirSamResolver$SamConversionInfo
instanceKlass org/jetbrains/kotlin/fir/resolve/dfa/Implication
instanceKlass org/jetbrains/kotlin/fir/resolve/dfa/ModelKt
instanceKlass org/jetbrains/kotlin/fir/resolve/dfa/FirDataFlowAnalyzer$WhenMappings
instanceKlass org/jetbrains/kotlin/fir/resolve/transformers/body/resolve/FirExpressionsResolveTransformer$WhenMappings
instanceKlass org/jetbrains/kotlin/fir/resolve/BodyResolveComponentsKt
instanceKlass org/jetbrains/kotlin/fir/extensions/FirExpressionResolutionExtensionKt
instanceKlass org/jetbrains/kotlin/fir/resolve/transformers/body/resolve/FirExpressionsResolveTransformerKt
instanceKlass org/jetbrains/kotlin/fir/resolve/transformers/FirCallCompletionResultsWriterTransformerKt
instanceKlass org/jetbrains/kotlin/fir/resolve/transformers/FirCallCompletionResultsWriterTransformer$ResultingArgumentsMapping
instanceKlass org/jetbrains/kotlin/fir/resolve/calls/FirSyntheticNamesProviderKt
instanceKlass org/jetbrains/kotlin/fir/resolve/calls/FirSyntheticPropertiesScope$Companion
instanceKlass org/jetbrains/kotlin/fir/resolve/calls/ResolutionDiagnostic
instanceKlass org/jetbrains/kotlin/fir/declarations/ExpectActualAttributesKt
instanceKlass org/jetbrains/kotlin/fir/resolve/FirDefaultParametersResolverKt
instanceKlass org/jetbrains/kotlin/fir/resolve/calls/tower/TowerLevelsKt
instanceKlass org/jetbrains/kotlin/fir/visitors/TransformData
instanceKlass org/jetbrains/kotlin/contracts/description/EventOccurrencesRangeKt
instanceKlass org/jetbrains/kotlin/fir/resolve/dfa/FirLocalVariableAssignmentAnalyzer$Companion$VariableAssignments
instanceKlass org/jetbrains/kotlin/fir/resolve/ResolutionModeKt
instanceKlass org/jetbrains/kotlin/types/TypeApproximatorConfiguration
instanceKlass org/jetbrains/kotlin/fir/resolve/inference/ConstraintSystemCompleter$PostponedAtomAnalyzer
instanceKlass org/jetbrains/kotlin/fir/resolve/inference/FirCallCompleter$WhenMappings
instanceKlass org/jetbrains/kotlin/fir/resolve/inference/PostponedArgumentsAnalyzer
instanceKlass org/jetbrains/kotlin/fir/resolve/inference/FirCallCompleter$LambdaAnalyzerImpl
instanceKlass org/jetbrains/kotlin/fir/resolve/inference/LambdaAnalyzer
instanceKlass org/jetbrains/kotlin/fir/resolve/inference/CompletionModeCalculatorKt
instanceKlass org/jetbrains/kotlin/resolve/calls/inference/InferenceUtilsKt
instanceKlass org/jetbrains/kotlin/fir/resolve/calls/FirCallResolver$ResolutionResult
instanceKlass org/jetbrains/kotlin/fir/resolve/inference/FirDelegatedPropertyInferenceSessionKt
instanceKlass org/jetbrains/kotlin/resolve/calls/model/PostponedCallableReferenceMarker
instanceKlass org/jetbrains/kotlin/resolve/calls/model/PostponedAtomWithRevisableExpectedType
instanceKlass org/jetbrains/kotlin/resolve/calls/inference/components/ConstraintIncorporator$Context
instanceKlass org/jetbrains/kotlin/resolve/calls/inference/model/InitialConstraint
instanceKlass org/jetbrains/kotlin/resolve/calls/inference/ConstraintSystemBuilderKt$WhenMappings
instanceKlass org/jetbrains/kotlin/resolve/calls/inference/ConstraintSystemTransaction
instanceKlass org/jetbrains/kotlin/resolve/calls/inference/ConstraintSystemBuilderKt
instanceKlass org/jetbrains/kotlin/fir/resolve/calls/ConePostponedResolvedAtom
instanceKlass org/jetbrains/kotlin/resolve/calls/model/PostponedResolvedAtomMarker
instanceKlass org/jetbrains/kotlin/fir/types/InferenceUtilsKt
instanceKlass org/jetbrains/kotlin/fir/resolve/inference/InferenceUtilsKt
instanceKlass org/jetbrains/kotlin/fir/resolve/inference/ConstraintSystemCompleterKt
instanceKlass org/jetbrains/kotlin/fir/resolve/calls/stages/ArgumentCheckingProcessor$ArgumentContext
instanceKlass org/jetbrains/kotlin/resolve/calls/inference/model/OnlyInputTypeConstraintPosition
instanceKlass org/jetbrains/kotlin/resolve/calls/inference/model/ConstraintPosition
instanceKlass org/jetbrains/kotlin/fir/resolve/calls/stages/ArgumentCheckingProcessor
instanceKlass org/jetbrains/kotlin/fir/resolve/calls/ArgumentUtilsKt
instanceKlass org/jetbrains/kotlin/fir/resolve/calls/stages/CheckArgumentsKt
instanceKlass org/jetbrains/kotlin/resolve/descriptorUtil/AnnotationsForResolveKt
instanceKlass org/jetbrains/kotlin/fir/resolve/calls/stages/ResolutionStagesKt
instanceKlass org/jetbrains/kotlin/fir/resolve/calls/stages/TypeArgumentMapping
instanceKlass org/jetbrains/kotlin/fir/resolve/calls/stages/CheckExplicitReceiverConsistency$WhenMappings
instanceKlass org/jetbrains/kotlin/fir/resolve/calls/ResolutionDiagnosticKt
instanceKlass org/jetbrains/kotlin/fir/resolve/calls/ResolvedCallArgument
instanceKlass org/jetbrains/kotlin/fir/resolve/calls/stages/FirCallArgumentsProcessor
instanceKlass org/jetbrains/kotlin/fir/resolve/calls/stages/ArgumentMapping
instanceKlass org/jetbrains/kotlin/fir/resolve/calls/stages/FirArgumentsToParametersMapperKt
instanceKlass org/jetbrains/kotlin/fir/resolve/calls/VisibilityUtilsKt
instanceKlass org/jetbrains/kotlin/fir/resolve/calls/stages/ResolutionStageRunner$processCandidate$2
instanceKlass org/jetbrains/kotlin/fir/resolve/calls/candidate/CheckerSink
instanceKlass org/jetbrains/kotlin/fir/resolve/calls/candidate/CandidateFactory$WhenMappings
instanceKlass org/jetbrains/kotlin/fir/scopes/impl/FirIntegerConstantOperatorScopeKt
instanceKlass org/jetbrains/kotlin/fir/resolve/calls/tower/ScopeTowerLevel$processObjectsByName$$inlined$processClassifiersByName$1
instanceKlass kotlin/coroutines/jvm/internal/Boxing
instanceKlass org/jetbrains/kotlin/fir/resolve/calls/ConstructorProcessingKt
instanceKlass org/jetbrains/kotlin/fir/resolve/calls/tower/TowerScopeLevelProcessor
instanceKlass org/jetbrains/kotlin/fir/resolve/calls/tower/TowerScopeLevel$TowerScopeLevelProcessor
instanceKlass org/jetbrains/kotlin/fir/resolve/calls/tower/TowerScopeLevel
instanceKlass org/jetbrains/kotlin/resolve/calls/tower/CandidateApplicabilityKt
instanceKlass org/jetbrains/kotlin/fir/resolve/calls/tower/FirInvokeResolveTowerExtension$enqueueInvokeReceiverTask$invokeReceiverProcessor$1
instanceKlass org/jetbrains/kotlin/fir/resolve/calls/tower/TowerResolveManager$SuspendedResolverTask
instanceKlass org/jetbrains/kotlin/fir/resolve/calls/tower/TowerResolveManager$enqueueResolverTask$continuation$1
instanceKlass org/jetbrains/kotlin/fir/resolve/calls/tower/TowerLevelHandler
instanceKlass org/jetbrains/kotlin/fir/resolve/calls/tower/TowerDataElementsForName
instanceKlass org/jetbrains/kotlin/fir/resolve/calls/tower/FirBaseTowerResolveTask
instanceKlass org/jetbrains/kotlin/fir/resolve/calls/tower/FirInvokeResolveTowerExtension
instanceKlass org/jetbrains/kotlin/fir/resolve/calls/tower/CandidateFactoriesAndCollectors
instanceKlass org/jetbrains/kotlin/resolve/calls/inference/model/MutableConstraintStorage
instanceKlass org/jetbrains/kotlin/resolve/calls/inference/model/ConstraintStorage
instanceKlass org/jetbrains/kotlin/resolve/calls/inference/components/ConstraintSystemCompletionContext
instanceKlass org/jetbrains/kotlin/resolve/calls/inference/components/VariableFixationFinder$Context
instanceKlass org/jetbrains/kotlin/resolve/calls/inference/components/ResultTypeResolver$Context
instanceKlass org/jetbrains/kotlin/resolve/calls/inference/components/ConstraintInjector$Context
instanceKlass org/jetbrains/kotlin/resolve/calls/inference/NewConstraintSystem
instanceKlass org/jetbrains/kotlin/resolve/calls/inference/ConstraintSystemBuilder
instanceKlass org/jetbrains/kotlin/resolve/calls/inference/ConstraintSystemOperation
instanceKlass org/jetbrains/kotlin/resolve/calls/components/PostponedArgumentsAnalyzerContext
instanceKlass org/jetbrains/kotlin/fir/resolve/calls/candidate/CandidateFactory$Companion
instanceKlass org/jetbrains/kotlin/fir/resolve/calls/candidate/CandidateFactory
instanceKlass org/jetbrains/kotlin/fir/resolve/calls/AbstractCallInfo
instanceKlass org/jetbrains/kotlin/fir/resolve/calls/stages/ResolutionStage
instanceKlass org/jetbrains/kotlin/fir/resolve/calls/candidate/CallKind
instanceKlass org/jetbrains/kotlin/fir/resolve/transformers/InvocationKindTransformerKt
instanceKlass org/jetbrains/kotlin/fir/resolve/transformers/contracts/FirAbstractContractResolveTransformerDispatcherKt
instanceKlass org/jetbrains/kotlin/utils/DFS$VisitedWithSet
instanceKlass org/jetbrains/kotlin/utils/DFS$Visited
instanceKlass org/jetbrains/kotlin/utils/DFS
instanceKlass org/jetbrains/kotlin/utils/DFS$AbstractNodeHandler
instanceKlass org/jetbrains/kotlin/utils/DFS$NodeHandler
instanceKlass org/jetbrains/kotlin/utils/DFS$Neighbors
instanceKlass org/jetbrains/kotlin/fir/util/PersistentMultimap
instanceKlass org/jetbrains/kotlin/kotlinx/collections/immutable/implementations/persistentOrderedSet/Links
instanceKlass org/jetbrains/kotlin/kotlinx/collections/immutable/implementations/persistentOrderedSet/PersistentOrderedSet$Companion
instanceKlass org/jetbrains/kotlin/kotlinx/collections/immutable/implementations/persistentOrderedMap/LinkedValue
instanceKlass org/jetbrains/kotlin/fir/declarations/TowerElementsForClass
instanceKlass org/jetbrains/kotlin/fir/resolve/calls/FirReceiversKt
instanceKlass org/jetbrains/kotlin/fir/resolve/calls/ReceiverValue
instanceKlass org/jetbrains/kotlin/fir/caches/FirCacheWithPostComputeKt
instanceKlass org/jetbrains/kotlin/fir/symbols/impl/UtilsKt
instanceKlass org/jetbrains/kotlin/fir/analysis/checkers/FirHelpersKt
instanceKlass org/jetbrains/kotlin/fir/scopes/impl/FirOverrideUtilsKt
instanceKlass org/jetbrains/kotlin/fir/scopes/impl/FirTypeIntersectionScopeContext$WhenMappings
instanceKlass org/jetbrains/kotlin/fir/scopes/FirOverrideService$MemberWithBaseScopeAndReturnType
instanceKlass org/jetbrains/kotlin/fir/scopes/DeferredCallableCopyReturnType
instanceKlass org/jetbrains/kotlin/descriptors/ValueClassRepresentationKt$WhenMappings
instanceKlass org/jetbrains/kotlin/descriptors/ValueClassRepresentationKt
instanceKlass org/jetbrains/kotlin/descriptors/EffectiveVisibility$Protected$WhenMappings
instanceKlass org/jetbrains/kotlin/fir/DelegatedWrapperData
instanceKlass org/jetbrains/kotlin/fir/declarations/FirDeclarationDataRegistry$AttributeDataAccessor
instanceKlass org/jetbrains/kotlin/fir/scopes/CallableCopyTypeCalculatorKt
instanceKlass org/jetbrains/kotlin/fir/scopes/impl/FirDelegatedMemberScopeKt
instanceKlass org/jetbrains/kotlin/fir/types/CompilerConeAttributesKt
instanceKlass org/jetbrains/kotlin/fir/java/enhancement/JavaTypeUtilsKt$WhenMappings
instanceKlass org/jetbrains/kotlin/fir/declarations/FirDeclarationOriginKt
instanceKlass org/jetbrains/kotlin/fir/scopes/impl/FirClassSubstitutionScope$SubstitutedData
instanceKlass org/jetbrains/kotlin/fir/scopes/impl/FirFakeOverrideGenerator
instanceKlass org/jetbrains/kotlin/fir/scopes/FirPlatformDeclarationFilter
instanceKlass org/jetbrains/kotlin/fir/scopes/jvm/FirJvmPlatformDeclarationFilter
instanceKlass org/jetbrains/kotlin/fir/resolve/SupertypeUtilsKt$WhenMappings
instanceKlass org/jetbrains/kotlin/fir/resolve/transformers/DesignationState$Companion
instanceKlass org/jetbrains/kotlin/fir/resolve/transformers/DesignationState
instanceKlass org/jetbrains/kotlin/resolve/DataClassResolver
instanceKlass org/jetbrains/kotlin/fir/scopes/impl/FirSynthesizedStorage$SynthesizedCache
instanceKlass org/jetbrains/kotlin/fir/scopes/impl/FirClassAnySynthesizedMemberScopeKt
instanceKlass org/jetbrains/kotlin/fir/scopes/impl/FirClassAnySynthesizedMemberScope$Companion
instanceKlass org/jetbrains/kotlin/fir/scopes/impl/FirSubstitutionOverrideStorage$SubstitutionOverrideCache
instanceKlass org/jetbrains/kotlin/fir/scopes/impl/FirClassSubstitutionScopeKt
instanceKlass org/jetbrains/kotlin/fir/scopes/impl/FirEnumEntriesSupportKt
instanceKlass org/jetbrains/kotlin/types/TypeCheckerState$SupertypesPolicy
instanceKlass org/jetbrains/kotlin/fir/types/ConeStubTypeConstructor
instanceKlass org/jetbrains/kotlin/fir/resolve/substitution/NoSubstitutor
instanceKlass org/jetbrains/kotlin/types/model/MarkerExtensionsKt
instanceKlass org/jetbrains/kotlin/load/java/structure/JavaTypesKt
instanceKlass org/jetbrains/kotlin/fir/java/scopes/JavaClassUseSiteMemberScope$collectProperties$$inlined$collectIntersectionResultsForCallables$1
instanceKlass org/jetbrains/kotlin/fir/scopes/ProcessorAction$WhenMappings
instanceKlass org/jetbrains/kotlin/fir/scopes/impl/AbstractFirOverrideScopeKt
instanceKlass org/jetbrains/kotlin/types/AbstractTypeChecker$WhenMappings
instanceKlass org/jetbrains/kotlin/fir/types/ConeTypeContext$WhenMappings
instanceKlass org/jetbrains/kotlin/fir/types/FirCorrespondingSupertypesCacheKt
instanceKlass org/jetbrains/kotlin/fir/types/ConeTypeVariableTypeConstructor
instanceKlass org/jetbrains/kotlin/types/model/TypeVariableTypeConstructorMarker
instanceKlass org/jetbrains/kotlin/fir/types/ConeCapturedTypeConstructor
instanceKlass org/jetbrains/kotlin/types/model/CapturedTypeConstructorMarker
instanceKlass org/jetbrains/kotlin/types/AbstractNullabilityChecker
instanceKlass org/jetbrains/kotlin/types/model/CapturedTypeMarker
instanceKlass org/jetbrains/kotlin/types/model/StubTypeMarker
instanceKlass org/jetbrains/kotlin/types/AbstractTypeRefiner
instanceKlass org/jetbrains/kotlin/types/AbstractTypePreparator
instanceKlass org/jetbrains/kotlin/types/AbstractTypeChecker
instanceKlass org/jetbrains/kotlin/fir/resolve/transformers/PhaseUtilsKt
instanceKlass org/jetbrains/kotlin/descriptors/Visibilities
instanceKlass org/jetbrains/kotlin/fir/scopes/impl/FirAbstractOverrideCheckerKt
instanceKlass org/jetbrains/kotlin/fir/scopes/MemberWithBaseScope
instanceKlass org/jetbrains/kotlin/fir/scopes/impl/FirTypeIntersectionScopeContext$ResultOfIntersection
instanceKlass org/jetbrains/kotlin/fir/declarations/CheckResult
instanceKlass org/jetbrains/kotlin/fir/declarations/Checks$Returns
instanceKlass org/jetbrains/kotlin/fir/declarations/Checks$ValueParametersCount
instanceKlass org/jetbrains/kotlin/fir/declarations/Checks
instanceKlass org/jetbrains/kotlin/fir/declarations/Check
instanceKlass org/jetbrains/kotlin/fir/declarations/OperatorFunctionChecks
instanceKlass org/jetbrains/kotlin/fir/java/enhancement/FirSignatureEnhancement$TypeInSignature
instanceKlass org/jetbrains/kotlin/fir/scopes/FirTypeScopeKt$getDirectOverriddenFunctions$$inlined$processDirectlyOverriddenFunctions$1
instanceKlass org/jetbrains/kotlin/fir/scopes/FirTypeScopeKt
instanceKlass org/jetbrains/kotlin/load/java/typeEnhancement/PredefinedFunctionEnhancementInfo
instanceKlass org/jetbrains/kotlin/load/java/typeEnhancement/SignatureEnhancementBuilder$ClassEnhancementBuilder$FunctionEnhancementBuilder
instanceKlass org/jetbrains/kotlin/load/java/typeEnhancement/SignatureEnhancementBuilder$ClassEnhancementBuilder
instanceKlass org/jetbrains/kotlin/load/java/typeEnhancement/SignatureEnhancementBuilder
instanceKlass org/jetbrains/kotlin/load/java/typeEnhancement/PredefinedEnhancementInfoKt
instanceKlass org/jetbrains/kotlin/load/kotlin/SignatureBuildingComponentsKt
instanceKlass org/jetbrains/kotlin/com/intellij/psi/impl/cache/TypeInfo$1
instanceKlass org/jetbrains/kotlin/fir/scopes/jvm/SignatureUtilsKt
instanceKlass org/jetbrains/kotlin/fir/symbols/impl/FirIntersectionCallableSymbol
instanceKlass org/jetbrains/kotlin/fir/java/scopes/JavaClassUseSiteMemberScope$collectFunctions$$inlined$collectMembersGroupedByScope$1
instanceKlass org/jetbrains/kotlin/com/intellij/util/containers/UnmodifiableHashMap$MyIterator
instanceKlass org/jetbrains/kotlin/com/intellij/psi/util/PsiUtil$1
instanceKlass org/jetbrains/kotlin/com/intellij/psi/util/PsiSuperMethodUtil
instanceKlass org/jetbrains/kotlin/com/intellij/util/containers/TreeTraversal$2$1WrappedTree
instanceKlass org/jetbrains/kotlin/com/intellij/util/containers/TreeTraversal$TraversalArgs
instanceKlass org/jetbrains/kotlin/com/intellij/util/containers/TreeTraversal$2
instanceKlass org/jetbrains/kotlin/com/intellij/psi/impl/PsiClassImplUtil$MemberCache
instanceKlass org/jetbrains/kotlin/com/intellij/psi/PsiTypeCodeFragment
instanceKlass org/jetbrains/kotlin/load/java/BuiltinSpecialPropertiesKt
instanceKlass org/jetbrains/kotlin/load/java/BuiltinSpecialProperties
instanceKlass org/jetbrains/kotlin/load/java/PropertiesConventionUtilKt
instanceKlass org/jetbrains/kotlin/fir/scopes/impl/FirTypeIntersectionScopeContext$collectMembersGroupedByScope$1$1
instanceKlass org/jetbrains/kotlin/fir/scopes/impl/FirGeneratedClassDeclaredMemberScope$Companion
instanceKlass org/jetbrains/kotlin/fir/resolve/transformers/FirStatusResolverKt
instanceKlass org/jetbrains/kotlin/util/OneElementArrayMap$iterator$1
instanceKlass org/jetbrains/kotlin/fir/scopes/impl/FirNestedClassifierScopeKt
instanceKlass org/jetbrains/kotlin/fir/resolve/TypeExpansionUtilsKt$createParametersSubstitutor$1$WhenMappings
instanceKlass org/jetbrains/kotlin/asJava/SyntheticElementUtilsKt
instanceKlass org/jetbrains/kotlin/com/intellij/ui/DummyIconImpl
instanceKlass org/jetbrains/kotlin/com/intellij/openapi/util/ScalableIcon
instanceKlass org/jetbrains/kotlin/com/intellij/openapi/util/DummyIcon
instanceKlass org/jetbrains/kotlin/com/intellij/ui/DummyIconManager
instanceKlass org/jetbrains/kotlin/com/intellij/ui/IconManager$Companion
instanceKlass org/jetbrains/kotlin/com/intellij/ui/IconManager
instanceKlass org/jetbrains/kotlin/com/intellij/psi/OriginInfoAwareElement
instanceKlass org/jetbrains/kotlin/com/intellij/util/containers/UnmodifiableHashMap
instanceKlass org/jetbrains/kotlin/com/intellij/psi/impl/PsiSubstitutorImpl$1
instanceKlass org/jetbrains/kotlin/com/intellij/psi/impl/PsiSubstitutorImpl
instanceKlass org/jetbrains/kotlin/com/intellij/psi/PsiDeclarationStatement
instanceKlass org/jetbrains/kotlin/com/intellij/psi/impl/compiled/SignatureParsing$TypeParameterDeclaration
instanceKlass org/jetbrains/kotlin/com/intellij/psi/impl/source/PsiEnumConstantImpl$MyReference
instanceKlass org/jetbrains/kotlin/fir/types/ConeTypesKt
instanceKlass org/jetbrains/kotlin/fir/declarations/FirDeprecationInfo
instanceKlass org/jetbrains/kotlin/load/java/structure/impl/JavaLiteralAnnotationArgumentImpl
instanceKlass org/jetbrains/kotlin/com/intellij/codeInsight/FileModificationService
instanceKlass org/jetbrains/kotlin/com/intellij/psi/util/PsiLiteralUtil
instanceKlass java/lang/Character$Subset
instanceKlass org/jetbrains/kotlin/com/intellij/psi/PsiNewExpression
instanceKlass org/jetbrains/kotlin/com/intellij/psi/SyntheticElement
instanceKlass org/jetbrains/kotlin/com/intellij/psi/util/JavaPsiRecordUtil
instanceKlass org/jetbrains/kotlin/com/intellij/psi/impl/source/resolve/JavaResolveCache$ConstValueComputer
instanceKlass org/jetbrains/kotlin/com/intellij/psi/ExternallyDefinedPsiElement
instanceKlass org/jetbrains/kotlin/fir/resolve/transformers/FirTypeResolveTransformer$WhenMappings
instanceKlass org/jetbrains/kotlin/fir/scopes/FirPlatformClassMapperKt
instanceKlass org/jetbrains/kotlin/fir/expressions/ReferenceUtilsKt
instanceKlass org/jetbrains/kotlin/fir/expressions/builder/FirVarargArgumentsExpressionBuilder
instanceKlass org/jetbrains/kotlin/com/intellij/util/containers/ObjectIntMap
instanceKlass org/jetbrains/kotlin/com/intellij/psi/util/ClassUtil
instanceKlass org/jetbrains/kotlin/com/intellij/openapi/util/NullableLazyValue
instanceKlass org/jetbrains/kotlin/com/intellij/psi/impl/source/resolve/ParameterTypeInferencePolicy
instanceKlass org/jetbrains/kotlin/com/intellij/psi/PsiSuperExpression
instanceKlass org/jetbrains/kotlin/com/intellij/psi/PsiQualifiedExpression
instanceKlass org/jetbrains/kotlin/com/intellij/psi/scope/ElementClassFilter$1
instanceKlass org/jetbrains/kotlin/com/intellij/psi/meta/PsiMetaOwner
instanceKlass org/jetbrains/kotlin/com/intellij/psi/impl/cache/TypeAnnotationContainer
instanceKlass org/jetbrains/kotlin/com/intellij/psi/impl/cache/TypeAnnotationContainer$Collector
instanceKlass org/jetbrains/kotlin/com/intellij/psi/scope/conflictResolvers/JavaVariableConflictResolver
instanceKlass org/jetbrains/kotlin/com/intellij/psi/scope/PsiConflictResolver
instanceKlass org/jetbrains/kotlin/com/intellij/psi/scope/ElementClassFilter
instanceKlass org/jetbrains/kotlin/com/intellij/psi/impl/source/tree/java/PsiReferenceExpressionImpl$OurGenericsResolver
instanceKlass org/jetbrains/kotlin/com/intellij/psi/PsiConstantEvaluationHelper$AuxEvaluator
instanceKlass org/jetbrains/kotlin/com/intellij/psi/impl/JavaConstantExpressionEvaluator$1
instanceKlass org/jetbrains/kotlin/com/intellij/psi/PsiWalkingState$PsiTreeGuide
instanceKlass org/jetbrains/kotlin/com/intellij/psi/PsiUnaryExpression
instanceKlass org/jetbrains/kotlin/com/intellij/psi/PsiPolyadicExpression
instanceKlass org/jetbrains/kotlin/com/intellij/psi/PsiForeachStatementBase
instanceKlass org/jetbrains/kotlin/com/intellij/psi/PsiLoopStatement
instanceKlass org/jetbrains/kotlin/com/intellij/psi/PsiClassObjectAccessExpression
instanceKlass org/jetbrains/kotlin/load/java/structure/impl/JavaAnnotationArgumentImpl$Factory
instanceKlass org/jetbrains/kotlin/load/java/structure/impl/JavaAnnotationArgumentImpl
instanceKlass org/jetbrains/kotlin/fir/declarations/AnnotationTargetUtilsKt
instanceKlass org/jetbrains/kotlin/fir/resolve/transformers/TransformUtilsKt
instanceKlass org/jetbrains/kotlin/com/intellij/psi/impl/source/resolve/SymbolCollectingProcessor$ResultWithContext
instanceKlass org/jetbrains/kotlin/com/intellij/psi/impl/source/PsiJavaFileBaseImpl$MyResolveCacheProcessor
instanceKlass org/jetbrains/kotlin/com/intellij/psi/PsiNameHelper
instanceKlass org/jetbrains/kotlin/com/intellij/psi/impl/source/tree/java/PsiReferenceExpressionImpl$TypeEvaluator
instanceKlass org/jetbrains/kotlin/com/intellij/util/NullableFunction
instanceKlass org/jetbrains/kotlin/com/intellij/psi/impl/source/resolve/ResolveCache$PolyVariantResolver
instanceKlass org/jetbrains/kotlin/com/intellij/psi/PsiImportStaticReferenceElement
instanceKlass kotlin/InitializedLazyImpl
instanceKlass org/jetbrains/kotlin/fir/declarations/SealedClassInheritorsKt$setSealedClassInheritors$$inlined$sortedBy$1
instanceKlass org/jetbrains/kotlin/fir/declarations/SealedClassInheritorsKt
instanceKlass org/jetbrains/kotlin/com/intellij/lang/java/parser/BasicOldExpressionParser$1
instanceKlass org/jetbrains/kotlin/fir/contracts/builder/FirEffectDeclarationBuilder
instanceKlass org/jetbrains/kotlin/fir/contracts/ContractUtilsKt
instanceKlass org/jetbrains/kotlin/fir/contracts/builder/FirResolvedContractDescriptionBuilder
instanceKlass org/jetbrains/kotlin/contracts/description/KtEffectDeclaration
instanceKlass org/jetbrains/kotlin/contracts/description/EventOccurrencesRange$Companion
instanceKlass org/jetbrains/kotlin/contracts/description/KtValueParameterReference
instanceKlass org/jetbrains/kotlin/contracts/description/KtContractDescriptionValue
instanceKlass org/jetbrains/kotlin/contracts/description/KtContractDescriptionElement
instanceKlass org/jetbrains/kotlin/serialization/deserialization/ProtoBufContractDeserializer$WhenMappings
instanceKlass kotlin/jvm/internal/LongCompanionObject
instanceKlass java/lang/Short$ShortCache
instanceKlass org/jetbrains/kotlin/descriptors/ValueClassRepresentation
instanceKlass org/jetbrains/kotlin/fir/java/deserialization/FirJvmConstDeserializer$loadConstant$2
instanceKlass org/jetbrains/kotlin/resolve/constants/ClassLiteralValue
instanceKlass kotlin/jvm/internal/ShortCompanionObject
instanceKlass kotlin/jvm/internal/ByteCompanionObject
instanceKlass java/lang/Byte$ByteCache
instanceKlass kotlin/jvm/internal/FloatCompanionObject
instanceKlass kotlin/jvm/internal/DoubleCompanionObject
instanceKlass kotlin/jvm/internal/BooleanCompanionObject
instanceKlass kotlin/jvm/internal/IntCompanionObject
instanceKlass org/jetbrains/kotlin/fir/deserialization/FirConstDeserializerKt
instanceKlass org/jetbrains/kotlin/fir/expressions/builder/FirClassReferenceExpressionBuilder
instanceKlass org/jetbrains/kotlin/fir/declarations/DeprecationsKt
instanceKlass kotlin/jvm/internal/Ref$IntRef
instanceKlass org/jetbrains/kotlin/types/model/TypeSystemContextKt$WhenMappings
instanceKlass org/jetbrains/kotlin/types/model/TypeSystemContextKt
instanceKlass org/jetbrains/kotlin/fir/java/enhancement/EnhancedTypeForWarningAttributeKt
instanceKlass org/jetbrains/kotlin/fir/types/ErrorTypeConstructor
instanceKlass org/jetbrains/kotlin/fir/java/enhancement/FirSignatureEnhancement$enhanceTypeParameterBoundsAfterFirstRound$$inlined$replaceEnhancedBounds$2
instanceKlass java/util/EnumMap$EntryIterator$Entry
instanceKlass java/util/EnumMap$EnumMapIterator
instanceKlass org/jetbrains/kotlin/fir/declarations/EnumValueArgumentInfo
instanceKlass org/jetbrains/kotlin/fir/java/JavaTypeConversionKt$WhenMappings
instanceKlass org/jetbrains/kotlin/load/java/structure/JavaClassObjectAnnotationArgument
instanceKlass org/jetbrains/kotlin/fir/java/enhancement/FirSignatureEnhancement$enhanceTypeParameterBoundsAfterFirstRound$$inlined$replaceEnhancedBounds$1
instanceKlass org/jetbrains/kotlin/types/AbstractStrictEqualityTypeChecker
instanceKlass org/jetbrains/kotlin/fir/diagnostics/ConeRecursiveTypeParameterDuringErasureError
instanceKlass org/jetbrains/kotlin/fir/types/ConeRawType$Companion
instanceKlass org/jetbrains/kotlin/fir/java/declarations/FirJavaTypeParameterBuilder
instanceKlass org/jetbrains/kotlin/load/java/structure/JavaAnnotationAsAnnotationArgument
instanceKlass javaslang/control/Option$Some
instanceKlass org/jetbrains/kotlin/load/java/structure/impl/classFiles/ClassifierResolutionContext$InnerClassInfo
instanceKlass java/util/ArrayList$SubList$1
instanceKlass javaslang/control/Option$None
instanceKlass javaslang/control/Option
instanceKlass org/jetbrains/kotlin/util/javaslang/JavaslangAdaptersKt
instanceKlass org/jetbrains/kotlin/load/java/structure/impl/classFiles/BinaryJavaTypeParameter
instanceKlass org/jetbrains/kotlin/fir/scopes/jvm/JvmMappedScope$FirMappedSymbolStorage$MappedSymbolsCache
instanceKlass org/jetbrains/kotlin/fir/scopes/jvm/JvmMappedScopeKt
instanceKlass org/jetbrains/kotlin/fir/scopes/jvm/JvmMappedScope$Companion
instanceKlass org/jetbrains/kotlin/fir/java/FirSyntheticPropertiesStorage$cacheByOwner$1$1
instanceKlass org/jetbrains/kotlin/fir/java/FirSyntheticPropertiesStorageKt
instanceKlass org/jetbrains/kotlin/fir/scopes/impl/FirIntersectionOverrideStorage$cacheByScope$1$1
instanceKlass org/jetbrains/kotlin/fir/scopes/impl/FirTypeIntersectionScopeContextKt
instanceKlass org/jetbrains/kotlin/fir/scopes/FirOverrideServiceKt
instanceKlass org/jetbrains/kotlin/fir/scopes/impl/FirTypeIntersectionScopeContext
instanceKlass org/jetbrains/kotlin/fir/scopes/PlatformSpecificOverridabilityRulesKt
instanceKlass org/jetbrains/kotlin/fir/scopes/FirIntersectionScopeOverrideChecker
instanceKlass org/jetbrains/kotlin/fir/java/JavaScopeProviderKt
instanceKlass org/jetbrains/kotlin/fir/resolve/scopes/JvmMappedScopesKt
instanceKlass org/jetbrains/kotlin/fir/scopes/FirKotlinScopeProviderKt
instanceKlass org/jetbrains/kotlin/fir/resolve/substitution/SubstitutorsKt
instanceKlass org/jetbrains/kotlin/load/java/structure/impl/classFiles/BinaryJavaClass$WhenMappings
instanceKlass org/jetbrains/kotlin/name/StandardClassIds$Annotations$ParameterNames
instanceKlass org/jetbrains/kotlin/fir/extensions/FirTypeAttributeExtensionKt
instanceKlass org/jetbrains/kotlin/fir/types/CompilerConeAttributes$ContextFunctionTypeParams$Companion
instanceKlass org/jetbrains/kotlin/fir/deserialization/AbstractAnnotationDeserializer$WhenMappings
instanceKlass org/jetbrains/kotlin/fir/declarations/DeprecationsPerUseSite
instanceKlass org/jetbrains/kotlin/resolve/deprecation/CommonDeprecationUtilsKt$WhenMappings
instanceKlass org/jetbrains/kotlin/resolve/deprecation/CommonDeprecationUtilsKt
instanceKlass org/jetbrains/kotlin/metadata/deserialization/VersionRequirement$Companion$WhenMappings
instanceKlass org/jetbrains/kotlin/metadata/deserialization/VersionRequirement$Version$Companion
instanceKlass org/jetbrains/kotlin/metadata/deserialization/VersionRequirement$Version
instanceKlass org/jetbrains/kotlin/load/java/typeEnhancement/NullabilityQualifierWithMigrationStatus
instanceKlass org/jetbrains/kotlin/load/java/JavaDefaultQualifiers
instanceKlass org/jetbrains/kotlin/load/java/JvmAnnotationNamesKt
instanceKlass org/jetbrains/kotlin/load/java/JavaDefaultQualifiersKt
instanceKlass org/jetbrains/kotlin/fir/java/AnnotationData
instanceKlass org/jetbrains/kotlin/load/java/structure/JavaEnumValueAnnotationArgument
instanceKlass org/jetbrains/kotlin/load/java/structure/JavaArrayAnnotationArgument
instanceKlass org/jetbrains/kotlin/load/java/structure/impl/classFiles/PlainJavaAnnotationArgument
instanceKlass org/jetbrains/kotlin/load/java/structure/JavaLiteralAnnotationArgument
instanceKlass org/jetbrains/kotlin/load/java/structure/impl/classFiles/BinaryJavaField
instanceKlass org/jetbrains/kotlin/builtins/functions/FunctionTypeKindExtractor$KindWithArity
instanceKlass org/jetbrains/kotlin/fir/scopes/impl/FirNestedClassifierScopeWithSubstitutionKt
instanceKlass kotlin/jvm/internal/EnumCompanionObject
instanceKlass org/jetbrains/kotlin/fir/deserialization/FirTypeDeserializer$WhenMappings
instanceKlass org/jetbrains/kotlin/load/java/structure/JavaAnnotationArgument
instanceKlass org/jetbrains/kotlin/load/java/structure/impl/classFiles/BinaryJavaAnnotation$Companion
instanceKlass org/jetbrains/kotlin/load/java/structure/impl/classFiles/BinaryJavaAnnotation
instanceKlass org/jetbrains/kotlin/fir/types/AbbreviatedTypeAttributeKt
instanceKlass org/jetbrains/kotlin/fir/java/JavaBinarySourceElement
instanceKlass org/jetbrains/kotlin/it/unimi/dsi/fastutil/objects/Object2ObjectOpenHashMap$MapIterator
instanceKlass org/jetbrains/kotlin/load/java/structure/impl/classFiles/BinaryJavaValueParameter
instanceKlass org/jetbrains/kotlin/load/java/structure/impl/classFiles/BinaryJavaMethodBase$Companion$MethodInfo
instanceKlass java/text/StringCharacterIterator
instanceKlass java/text/CharacterIterator
instanceKlass org/jetbrains/kotlin/load/java/structure/impl/classFiles/BinaryJavaMethodBase$Companion
instanceKlass org/jetbrains/kotlin/load/java/structure/impl/classFiles/BinaryJavaMethodBase
instanceKlass org/jetbrains/kotlin/load/java/structure/impl/classFiles/CommonMixinsKt
instanceKlass org/jetbrains/kotlin/load/java/structure/impl/classFiles/ClassifierResolutionContext$Result
instanceKlass org/jetbrains/kotlin/load/java/structure/impl/classFiles/JavaPlainType
instanceKlass javaslang/collection/HashArrayMappedTrieModule$AbstractNode
instanceKlass javaslang/collection/HashArrayMappedTrie
instanceKlass javaslang/collection/Set
instanceKlass javaslang/collection/Seq
instanceKlass javaslang/collection/Iterator
instanceKlass javaslang/collection/HashMap
instanceKlass javaslang/collection/Map
instanceKlass javaslang/collection/Traversable
instanceKlass javaslang/collection/Foldable
instanceKlass javaslang/Value
instanceKlass javaslang/Function1
instanceKlass javaslang/\u03bb
instanceKlass org/jetbrains/kotlin/load/java/structure/impl/classFiles/ClassifierResolutionContext
instanceKlass org/jetbrains/kotlin/com/intellij/psi/impl/source/PsiClassReferenceType$DelegatingClassResolveResult
instanceKlass org/jetbrains/kotlin/com/intellij/psi/PsiDeconstructionPattern
instanceKlass org/jetbrains/kotlin/com/intellij/psi/PsiPrimaryPattern
instanceKlass org/jetbrains/kotlin/com/intellij/psi/ServerPageFile
instanceKlass org/jetbrains/kotlin/com/intellij/psi/FileResolveScopeProvider
instanceKlass org/jetbrains/kotlin/com/intellij/psi/PsiMethodCallExpression
instanceKlass org/jetbrains/kotlin/com/intellij/psi/infos/CandidateInfo
instanceKlass org/jetbrains/kotlin/com/intellij/psi/PsiPattern
instanceKlass org/jetbrains/kotlin/com/intellij/psi/PsiExpressionList
instanceKlass org/jetbrains/kotlin/com/intellij/psi/impl/source/resolve/JavaResolveUtil
instanceKlass org/jetbrains/kotlin/com/intellij/psi/PsiClassLevelDeclarationStatement
instanceKlass org/jetbrains/kotlin/com/intellij/notebook/editor/BackedVirtualFile
instanceKlass org/jetbrains/kotlin/com/intellij/psi/search/PsiSearchScopeUtil
instanceKlass org/jetbrains/kotlin/com/intellij/codeInsight/completion/scope/JavaCompletionHints
instanceKlass org/jetbrains/kotlin/com/intellij/psi/scope/PsiScopeProcessor$Event$1
instanceKlass org/jetbrains/kotlin/com/intellij/psi/scope/DelegatingScopeProcessor
instanceKlass org/jetbrains/kotlin/com/intellij/util/containers/SequenceIterator
instanceKlass org/jetbrains/kotlin/com/intellij/psi/PsiImportStaticStatement
instanceKlass org/jetbrains/kotlin/com/intellij/psi/PsiImportStatement
instanceKlass org/jetbrains/kotlin/com/intellij/psi/impl/ScopedClassHierarchy$1
instanceKlass org/jetbrains/kotlin/com/intellij/psi/impl/ScopedClassHierarchy
instanceKlass org/jetbrains/kotlin/com/intellij/psi/impl/PsiClassImplUtil$1
instanceKlass org/jetbrains/kotlin/com/intellij/psi/scope/JavaScopeProcessorEvent
instanceKlass org/jetbrains/kotlin/com/intellij/psi/ResolveState
instanceKlass org/jetbrains/kotlin/com/intellij/psi/PsiCallExpression
instanceKlass org/jetbrains/kotlin/com/intellij/psi/scope/util/PsiScopesUtil
instanceKlass org/jetbrains/kotlin/com/intellij/psi/JavaCodeFragment
instanceKlass org/jetbrains/kotlin/com/intellij/psi/PsiCodeFragment
instanceKlass org/jetbrains/kotlin/com/intellij/psi/JavaResolveResult$1
instanceKlass org/jetbrains/kotlin/com/intellij/psi/impl/source/resolve/ClassResolverProcessor
instanceKlass org/jetbrains/kotlin/com/intellij/psi/impl/source/PsiJavaCodeReferenceElementImpl$1
instanceKlass java/util/Collections$SynchronizedCollection
instanceKlass org/jetbrains/kotlin/com/intellij/util/IdempotenceChecker
instanceKlass org/jetbrains/kotlin/com/intellij/psi/impl/source/PsiJavaCodeReferenceElementImpl$OurGenericsResolver
instanceKlass org/jetbrains/kotlin/com/intellij/psi/impl/source/tree/JavaSharedImplUtil$FilteringTypeAnnotationProvider
instanceKlass org/jetbrains/kotlin/com/intellij/util/PairFunction
instanceKlass org/jetbrains/kotlin/com/intellij/psi/impl/source/ClassReferencePointer$1
instanceKlass org/jetbrains/kotlin/com/intellij/psi/javadoc/PsiInlineDocTag
instanceKlass org/jetbrains/kotlin/com/intellij/lang/java/parser/BasicJavaDocParser
instanceKlass org/jetbrains/kotlin/com/intellij/lexer/MergingLexerAdapter$MyMergeFunction
instanceKlass org/jetbrains/kotlin/com/intellij/lang/java/lexer/_JavaDocLexer
instanceKlass org/jetbrains/kotlin/com/intellij/lexer/JavaDocTokenTypes
instanceKlass org/jetbrains/kotlin/com/intellij/lexer/DocCommentTokenTypes
instanceKlass org/jetbrains/kotlin/com/intellij/lexer/MergeFunction
instanceKlass org/jetbrains/kotlin/com/intellij/psi/javadoc/PsiDocTag
instanceKlass org/jetbrains/kotlin/load/java/typeEnhancement/TypeComponentPositionKt
instanceKlass org/jetbrains/kotlin/load/java/typeEnhancement/TypeEnhancementInfo
instanceKlass org/jetbrains/kotlin/load/java/typeEnhancement/TypeEnhancementUtilsKt
instanceKlass org/jetbrains/kotlin/load/java/typeEnhancement/JavaTypeQualifiers$Companion
instanceKlass org/jetbrains/kotlin/load/java/typeEnhancement/JavaTypeQualifiers
instanceKlass org/jetbrains/kotlin/load/java/typeEnhancement/AbstractSignatureParts$TypeAndDefaultQualifiers
instanceKlass org/jetbrains/kotlin/fir/types/ConeTypeProjectionKt
instanceKlass org/jetbrains/kotlin/it/unimi/dsi/fastutil/objects/Object2IntOpenHashMap$MapIterator
instanceKlass org/jetbrains/kotlin/com/intellij/psi/impl/cache/ModifierFlags
instanceKlass org/jetbrains/kotlin/fir/java/enhancement/JavaTypeUtilsKt
instanceKlass java/util/RegularEnumSet$EnumSetIterator
instanceKlass org/jetbrains/kotlin/load/java/typeEnhancement/AbstractSignatureParts
instanceKlass org/jetbrains/kotlin/load/java/FakePureImplementationsProvider
instanceKlass org/jetbrains/kotlin/fir/java/enhancement/FirEnhancedSymbolsStorage$FunctionEnhancementContext
instanceKlass org/jetbrains/kotlin/fir/java/enhancement/FirEnhancedSymbolsStorage$EnhancementSymbolsCache
instanceKlass org/jetbrains/kotlin/fir/java/enhancement/SignatureEnhancementKt
instanceKlass org/jetbrains/kotlin/load/java/JavaTypeQualifiersByElementType
instanceKlass org/jetbrains/kotlin/fir/java/enhancement/FirAnnotationTypeQualifierResolverKt
instanceKlass org/jetbrains/kotlin/fir/java/enhancement/FirSignatureEnhancement
instanceKlass org/jetbrains/kotlin/load/java/structure/impl/classFiles/BinaryJavaModifierListOwner
instanceKlass org/jetbrains/kotlin/load/java/structure/MutableJavaAnnotationOwner
instanceKlass org/jetbrains/kotlin/load/java/structure/JavaConstructor
instanceKlass org/jetbrains/kotlin/fir/java/declarations/UtilsKt
instanceKlass org/jetbrains/kotlin/com/intellij/psi/impl/source/PsiTypeElementImpl$1
instanceKlass org/jetbrains/kotlin/com/intellij/util/containers/SingletonIteratorBase
instanceKlass org/jetbrains/kotlin/com/intellij/util/containers/TreeTraversal$P$1
instanceKlass org/jetbrains/kotlin/com/intellij/util/containers/TreeTraversal$P
instanceKlass org/jetbrains/kotlin/com/intellij/util/Functions$2
instanceKlass org/jetbrains/kotlin/com/intellij/util/Functions$1
instanceKlass org/jetbrains/kotlin/com/intellij/util/Functions
instanceKlass org/jetbrains/kotlin/com/intellij/util/containers/FilteredTraverserBase$Cond
instanceKlass org/jetbrains/kotlin/com/intellij/util/NotNullizer
instanceKlass org/jetbrains/kotlin/com/intellij/util/containers/TreeTraversal$TraversalInterceptor
instanceKlass org/jetbrains/kotlin/com/intellij/util/containers/TreeTraversal$GuidedIt$Guide
instanceKlass org/jetbrains/kotlin/com/intellij/util/containers/FilteredTraverserBase$Meta
instanceKlass org/jetbrains/kotlin/com/intellij/util/containers/JBIterator$2
instanceKlass org/jetbrains/kotlin/com/intellij/util/Function$Mono
instanceKlass org/jetbrains/kotlin/com/intellij/util/containers/JBIterator$Op
instanceKlass org/jetbrains/kotlin/com/intellij/util/containers/JBIterator
instanceKlass org/jetbrains/kotlin/com/intellij/util/containers/JBIterable$Stateful
instanceKlass org/jetbrains/kotlin/com/intellij/util/containers/JBIterable
instanceKlass org/jetbrains/kotlin/com/intellij/psi/SyntaxTraverser$ApiEx$1
instanceKlass org/jetbrains/kotlin/com/intellij/psi/SyntaxTraverser$Api$3
instanceKlass org/jetbrains/kotlin/com/intellij/psi/SyntaxTraverser$Api$2
instanceKlass org/jetbrains/kotlin/com/intellij/psi/SyntaxTraverser$Api$1
instanceKlass org/jetbrains/kotlin/com/intellij/psi/SyntaxTraverser$Api
instanceKlass org/jetbrains/kotlin/com/intellij/util/containers/TreeTraversal
instanceKlass org/jetbrains/kotlin/com/intellij/util/containers/FilteredTraverserBase
instanceKlass org/jetbrains/kotlin/com/intellij/psi/search/PsiElementProcessor$CollectElements
instanceKlass org/jetbrains/kotlin/com/intellij/psi/search/PsiElementProcessor$FindElement
instanceKlass org/jetbrains/kotlin/com/intellij/psi/search/PsiElementProcessor
instanceKlass org/jetbrains/kotlin/com/intellij/psi/util/PsiTreeUtil
instanceKlass org/jetbrains/kotlin/fir/java/declarations/FirJavaValueParameterBuilder
instanceKlass org/jetbrains/kotlin/descriptors/annotations/KotlinTarget$Companion
instanceKlass org/jetbrains/kotlin/fir/java/JavaAnnotationsMappingKt
instanceKlass org/jetbrains/kotlin/load/java/structure/JavaValueParameter
instanceKlass org/jetbrains/kotlin/fir/java/declarations/FirJavaMethodBuilder
instanceKlass org/jetbrains/kotlin/load/java/structure/JavaArrayType
instanceKlass org/jetbrains/kotlin/load/java/structure/JavaWildcardType
instanceKlass org/jetbrains/kotlin/load/java/structure/JavaPrimitiveType
instanceKlass org/jetbrains/kotlin/load/java/structure/JavaLoadingKt
instanceKlass org/jetbrains/kotlin/load/java/structure/JavaMethod
instanceKlass org/jetbrains/kotlin/com/intellij/psi/impl/source/tree/JavaSharedImplUtil
instanceKlass org/jetbrains/kotlin/load/java/structure/JavaField
instanceKlass org/jetbrains/kotlin/load/java/structure/JavaMember
instanceKlass org/jetbrains/kotlin/asJava/KtLightClassMarker
instanceKlass org/jetbrains/kotlin/fir/types/jvm/FirJavaTypeRefBuilder
instanceKlass org/jetbrains/kotlin/fir/java/JavaTypeConversionKt
instanceKlass org/jetbrains/kotlin/load/java/structure/impl/source/JavaElementTypeSource
instanceKlass org/jetbrains/kotlin/load/java/structure/impl/JavaClassifierTypeImpl$ResolutionResult
instanceKlass org/jetbrains/kotlin/load/java/structure/impl/JavaClassifierTypeImpl$Companion
instanceKlass org/jetbrains/kotlin/com/intellij/psi/PsiTypeVisitor
instanceKlass org/jetbrains/kotlin/load/java/structure/impl/JavaTypeImpl
instanceKlass org/jetbrains/kotlin/load/java/structure/JavaClassifierType
instanceKlass org/jetbrains/kotlin/load/java/structure/JavaType
instanceKlass org/jetbrains/kotlin/load/java/structure/ListBasedJavaAnnotationOwner
instanceKlass org/jetbrains/kotlin/com/intellij/psi/PsiClassType$ClassResolveResult$1
instanceKlass org/jetbrains/kotlin/com/intellij/psi/impl/source/PsiImmediateClassType$1
instanceKlass org/jetbrains/kotlin/com/intellij/psi/EmptySubstitutor$Holder
instanceKlass org/jetbrains/kotlin/com/intellij/psi/EmptySubstitutor
instanceKlass org/jetbrains/kotlin/com/intellij/psi/PsiClassType$ClassResolveResult
instanceKlass org/jetbrains/kotlin/com/intellij/psi/javadoc/PsiDocComment
instanceKlass org/jetbrains/kotlin/com/intellij/psi/PsiDocCommentBase
instanceKlass org/jetbrains/kotlin/com/intellij/psi/stubs/StubSpine
instanceKlass org/jetbrains/kotlin/com/intellij/psi/stubs/MaterialStubList$1
instanceKlass java/util/AbstractList$SubList$1
instanceKlass org/jetbrains/kotlin/com/intellij/psi/stubs/Hash
instanceKlass org/jetbrains/kotlin/com/intellij/psi/stubs/StrippedIntOpenHashMap
instanceKlass org/jetbrains/kotlin/com/intellij/psi/stubs/StubList$2
instanceKlass org/jetbrains/kotlin/com/intellij/util/containers/ConcurrentIntObjectHashMap$CollectionView
instanceKlass org/jetbrains/kotlin/com/intellij/util/containers/ConcurrentIntObjectHashMap$CounterCell
instanceKlass org/jetbrains/kotlin/com/intellij/util/containers/ConcurrentIntObjectHashMap$Node
instanceKlass org/jetbrains/kotlin/com/intellij/util/containers/IntObjectMap$Entry
instanceKlass org/jetbrains/kotlin/com/intellij/util/containers/ConcurrentIntObjectHashMap
instanceKlass org/jetbrains/kotlin/com/intellij/util/Consumer
instanceKlass org/jetbrains/kotlin/com/intellij/psi/impl/compiled/SignatureParsing
instanceKlass org/jetbrains/kotlin/com/intellij/psi/impl/compiled/SignatureParsing$CharIterator
instanceKlass org/jetbrains/kotlin/com/intellij/psi/impl/compiled/StubBuildingVisitor$MethodInfo
instanceKlass org/jetbrains/kotlin/com/intellij/psi/impl/compiled/SignatureParsing$TypeParametersDeclaration
instanceKlass org/jetbrains/kotlin/com/intellij/psi/impl/compiled/StubBuildingVisitor$ClassInfo
instanceKlass java/util/stream/ForEachOps$ForEachOp
instanceKlass java/util/stream/TerminalSink
instanceKlass java/util/stream/ForEachOps
instanceKlass java/util/AbstractMap$SimpleImmutableEntry
instanceKlass org/jetbrains/kotlin/one/util/streamex/StreamContext
instanceKlass java/util/stream/DoubleStream
instanceKlass java/util/stream/LongStream
instanceKlass java/util/stream/IntStream
instanceKlass org/jetbrains/kotlin/one/util/streamex/Internals$CloneableSpliterator
instanceKlass org/jetbrains/kotlin/one/util/streamex/BaseStreamEx
instanceKlass org/jetbrains/kotlin/it/unimi/dsi/fastutil/objects/Object2IntMap$FastEntrySet
instanceKlass org/jetbrains/kotlin/it/unimi/dsi/fastutil/objects/AbstractObject2IntFunction
instanceKlass org/jetbrains/kotlin/it/unimi/dsi/fastutil/objects/Object2IntMap
instanceKlass org/jetbrains/kotlin/it/unimi/dsi/fastutil/objects/Object2IntFunction
instanceKlass java/util/function/ToIntFunction
instanceKlass org/jetbrains/kotlin/com/intellij/psi/impl/compiled/FirstPassData$ClassEntry
instanceKlass org/jetbrains/kotlin/com/intellij/psi/impl/compiled/FirstPassData
instanceKlass org/jetbrains/org/objectweb/asm/RecordComponentVisitor
instanceKlass org/jetbrains/kotlin/com/intellij/psi/impl/compiled/SignatureParsing$TypeInfoProvider
instanceKlass org/jetbrains/kotlin/com/intellij/psi/PsiEnumConstant
instanceKlass org/jetbrains/kotlin/com/intellij/psi/PsiConstructorCall
instanceKlass org/jetbrains/kotlin/com/intellij/psi/PsiCall
instanceKlass org/jetbrains/kotlin/com/intellij/lang/jvm/JvmEnumField
instanceKlass org/jetbrains/kotlin/com/intellij/psi/impl/compiled/ClsModifierListOwner
instanceKlass org/jetbrains/kotlin/com/intellij/psi/impl/PsiVariableEx
instanceKlass org/jetbrains/kotlin/com/intellij/util/containers/UnsignedShortArrayList
instanceKlass org/jetbrains/kotlin/com/intellij/psi/stubs/MostlyUShortIntList
instanceKlass org/jetbrains/kotlin/com/intellij/psi/stubs/StubList$TempState
instanceKlass org/jetbrains/kotlin/com/intellij/psi/impl/java/stubs/StubPsiFactory
instanceKlass org/jetbrains/kotlin/com/intellij/psi/PsiArrayInitializerMemberValue
instanceKlass org/jetbrains/kotlin/com/intellij/psi/impl/compiled/ClsParsingUtil
instanceKlass org/jetbrains/kotlin/com/intellij/psi/stubs/StubBuilderType
instanceKlass org/jetbrains/kotlin/com/intellij/psi/stubs/StubTreeBuilder
instanceKlass org/jetbrains/kotlin/com/intellij/openapi/util/NotNullComputable
instanceKlass org/jetbrains/kotlin/com/intellij/util/indexing/PsiDependentFileContent
instanceKlass org/jetbrains/kotlin/com/intellij/util/indexing/FileContent
instanceKlass org/jetbrains/kotlin/com/intellij/util/indexing/IndexedFile
instanceKlass org/jetbrains/kotlin/com/intellij/psi/impl/compiled/ClsFileImpl$1
instanceKlass org/jetbrains/kotlin/com/intellij/psi/impl/compiled/InnerClassSourceStrategy
instanceKlass org/jetbrains/kotlin/com/intellij/psi/PsiCompiledFile
instanceKlass org/jetbrains/kotlin/com/intellij/psi/PsiClassOwnerEx
instanceKlass org/jetbrains/kotlin/com/intellij/openapi/extensions/impl/ExtensionPointImpl$1
instanceKlass java/security/CodeSigner
instanceKlass org/jetbrains/kotlin/com/intellij/psi/impl/source/tree/RecursiveTreeElementWalkingVisitor$ASTTreeGuide
instanceKlass org/jetbrains/kotlin/com/intellij/util/WalkingState
instanceKlass org/jetbrains/kotlin/com/intellij/util/WalkingState$TreeGuide
instanceKlass org/jetbrains/kotlin/com/intellij/psi/impl/source/tree/JavaSourceUtil
instanceKlass org/jetbrains/kotlin/com/intellij/psi/impl/source/tree/ChildRole
instanceKlass org/jetbrains/kotlin/com/intellij/lang/jvm/types/JvmTypeResolveResult
instanceKlass org/jetbrains/kotlin/com/intellij/psi/PsiAnonymousClass
instanceKlass org/jetbrains/kotlin/com/intellij/psi/impl/PsiClassImplUtil$ClassIconRequest
instanceKlass org/jetbrains/kotlin/com/intellij/psi/impl/PsiClassImplUtil
instanceKlass org/jetbrains/kotlin/descriptors/EffectiveVisibility$WhenMappings
instanceKlass org/jetbrains/kotlin/com/intellij/util/containers/EmptyIterator
instanceKlass org/jetbrains/kotlin/com/intellij/util/containers/ContainerUtilRt
instanceKlass org/jetbrains/kotlin/com/intellij/util/CachedValueLeakChecker
instanceKlass org/jetbrains/kotlin/com/intellij/psi/util/CachedValuesManager$1
instanceKlass java/util/ComparableTimSort
instanceKlass org/jetbrains/kotlin/com/intellij/psi/impl/source/PsiModifierListImpl$ModifierCache
instanceKlass org/jetbrains/kotlin/com/intellij/psi/PsiCompiledElement
instanceKlass org/jetbrains/kotlin/load/java/structure/impl/JavaPsiUtilsKt
instanceKlass org/jetbrains/kotlin/com/intellij/psi/util/CachedValueProfiler$Overhead
instanceKlass org/jetbrains/kotlin/com/intellij/psi/util/CachedValueProfiler$ThreadContext
instanceKlass org/jetbrains/kotlin/com/intellij/psi/util/CachedValueProfiler$GlobalContext
instanceKlass org/jetbrains/kotlin/com/intellij/psi/util/CachedValueProfiler$EventPlace
instanceKlass org/jetbrains/kotlin/com/intellij/psi/util/CachedValueProfiler
instanceKlass org/jetbrains/kotlin/com/intellij/openapi/util/RecursionManager$StackFrame
instanceKlass org/jetbrains/kotlin/com/intellij/openapi/util/RecursionManager$MyKey
instanceKlass org/jetbrains/kotlin/com/intellij/util/CachedValueBase$Data
instanceKlass org/jetbrains/kotlin/com/intellij/codeInsight/AnnotationCacheOwnerNormalizer
instanceKlass org/jetbrains/kotlin/com/intellij/psi/util/CachedValueProvider$Result
instanceKlass org/jetbrains/kotlin/com/intellij/psi/util/ParameterizedCachedValueProvider
instanceKlass org/jetbrains/kotlin/com/intellij/codeInsight/AnnotationUtil
instanceKlass org/jetbrains/kotlin/com/intellij/psi/stub/JavaStubImplUtil
instanceKlass org/jetbrains/kotlin/KtPsiSourceElement$Companion
instanceKlass org/jetbrains/kotlin/com/intellij/psi/impl/PsiImplUtil
instanceKlass org/jetbrains/kotlin/fir/java/FirJavaFacade$ValueParametersForAnnotationConstructor
instanceKlass org/jetbrains/kotlin/load/java/structure/impl/JavaElementCollectionFromPsiArrayUtil
instanceKlass org/jetbrains/kotlin/load/java/structure/JavaAnnotation
instanceKlass org/jetbrains/kotlin/load/java/structure/impl/JavaElementUtil
instanceKlass org/jetbrains/kotlin/com/intellij/openapi/project/ProjectCoreUtil
instanceKlass org/jetbrains/kotlin/load/java/structure/impl/JavaClassImpl$Companion
instanceKlass org/jetbrains/kotlin/load/java/structure/JavaTypeParameter
instanceKlass org/jetbrains/kotlin/load/java/structure/impl/VirtualFileBoundJavaClass
instanceKlass org/jetbrains/kotlin/load/java/structure/impl/JavaModifierListOwnerImpl
instanceKlass org/jetbrains/kotlin/load/java/structure/impl/JavaAnnotationOwnerImpl
instanceKlass org/jetbrains/kotlin/com/intellij/psi/impl/source/SourceTreeToPsiMap
instanceKlass org/jetbrains/kotlin/com/intellij/psi/impl/source/ClassInnerStuffCache
instanceKlass org/jetbrains/kotlin/com/intellij/psi/impl/source/PsiExtensibleClass
instanceKlass org/jetbrains/kotlin/com/intellij/concurrency/ThreadContext
instanceKlass org/jetbrains/kotlin/com/intellij/openapi/progress/WrappedProgressIndicator
instanceKlass org/jetbrains/kotlin/com/intellij/openapi/progress/impl/NonCancelableIndicator
instanceKlass org/jetbrains/kotlin/com/intellij/openapi/progress/StandardProgressIndicator
instanceKlass org/jetbrains/kotlin/com/intellij/openapi/progress/Cancellation
instanceKlass org/jetbrains/kotlin/com/intellij/openapi/util/ThrowableComputable
instanceKlass org/jetbrains/kotlin/com/intellij/psi/PsiCodeBlock
instanceKlass org/jetbrains/kotlin/com/intellij/psi/PsiModifiableCodeBlock
instanceKlass org/jetbrains/kotlin/com/intellij/psi/impl/source/ClassReferencePointer
instanceKlass org/jetbrains/kotlin/com/intellij/lang/jvm/types/JvmArrayType
instanceKlass org/jetbrains/kotlin/com/intellij/psi/PsiReferenceParameterList
instanceKlass org/jetbrains/kotlin/com/intellij/patterns/ElementPattern
instanceKlass org/jetbrains/kotlin/com/intellij/psi/impl/source/resolve/ResolveCache$PolyVariantContextResolver
instanceKlass org/jetbrains/kotlin/com/intellij/psi/filters/ElementFilter
instanceKlass org/jetbrains/kotlin/com/intellij/psi/impl/source/SourceJavaCodeReference
instanceKlass org/jetbrains/kotlin/com/intellij/psi/PsiAnnotatedJavaCodeReferenceElement
instanceKlass org/jetbrains/kotlin/com/intellij/psi/tree/ILeafElementType
instanceKlass org/jetbrains/kotlin/com/intellij/psi/tree/ICustomParsingType
instanceKlass org/jetbrains/kotlin/com/intellij/psi/PsiPackageStatement
instanceKlass org/jetbrains/kotlin/com/intellij/psi/impl/source/BasicJavaAstTreeUtil
instanceKlass org/jetbrains/kotlin/com/intellij/util/BitUtil
instanceKlass org/jetbrains/kotlin/com/intellij/lang/java/parser/DeclarationParser$1
instanceKlass org/jetbrains/kotlin/com/intellij/lang/PsiBuilderUtil
instanceKlass org/jetbrains/kotlin/com/intellij/lang/java/parser/BasicReferenceParser$TypeInfo
instanceKlass org/jetbrains/kotlin/com/intellij/lang/java/parser/BasicPrattExpressionParser$ParserData
instanceKlass org/jetbrains/kotlin/com/intellij/lang/java/parser/BasicPrattExpressionParser$ConditionalExprParser
instanceKlass org/jetbrains/kotlin/com/intellij/lang/java/parser/BasicPrattExpressionParser$InstanceofParser
instanceKlass org/jetbrains/kotlin/com/intellij/lang/java/parser/BasicPrattExpressionParser$PolyExprParser
instanceKlass org/jetbrains/kotlin/com/intellij/lang/java/parser/BasicPrattExpressionParser$AssignmentParser
instanceKlass org/jetbrains/kotlin/com/intellij/lang/java/parser/BasicPrattExpressionParser$InfixParser
instanceKlass org/jetbrains/kotlin/com/intellij/lang/java/parser/BasicOldExpressionParser
instanceKlass org/jetbrains/kotlin/com/intellij/lang/java/parser/BasicPrattExpressionParser
instanceKlass org/jetbrains/kotlin/com/intellij/psi/impl/source/AbstractBasicJavaElementTypeFactory$JavaElementTypeContainer
instanceKlass org/jetbrains/kotlin/com/intellij/psi/impl/source/tree/JavaElementTypeFactory$SingletonHelper
instanceKlass org/jetbrains/kotlin/com/intellij/lang/java/parser/BasicFileParser
instanceKlass org/jetbrains/kotlin/com/intellij/psi/impl/source/AbstractBasicJavaElementTypeFactory
instanceKlass org/jetbrains/kotlin/com/intellij/lang/java/parser/BasicPatternParser
instanceKlass org/jetbrains/kotlin/com/intellij/lang/java/parser/BasicReferenceParser
instanceKlass org/jetbrains/kotlin/com/intellij/lang/java/parser/BasicModuleParser
instanceKlass org/jetbrains/kotlin/com/intellij/lang/java/parser/BasicStatementParser
instanceKlass org/jetbrains/kotlin/com/intellij/lang/java/parser/BasicDeclarationParser
instanceKlass org/jetbrains/kotlin/com/intellij/lang/java/parser/BasicExpressionParser
instanceKlass org/jetbrains/kotlin/com/intellij/psi/impl/source/resolve/FileContextUtil
instanceKlass org/jetbrains/kotlin/com/intellij/psi/text/BlockSupport
instanceKlass org/jetbrains/kotlin/com/intellij/psi/impl/source/tree/SharedImplUtil
instanceKlass org/jetbrains/kotlin/com/intellij/util/text/ImmutableText$InnerLeaf
instanceKlass org/jetbrains/kotlin/com/intellij/util/text/ImmutableText$CompositeNode
instanceKlass org/jetbrains/kotlin/com/intellij/lang/java/parser/BasicJavaParserUtil
instanceKlass org/jetbrains/kotlin/com/intellij/psi/impl/source/WhiteSpaceAndCommentSetHolder$TrailingWhitespacesAndCommentsBinder
instanceKlass org/jetbrains/kotlin/com/intellij/psi/impl/source/WhiteSpaceAndCommentSetHolder$PrecedingWhitespacesAndCommentsBinder
instanceKlass org/jetbrains/kotlin/com/intellij/psi/impl/source/WhiteSpaceAndCommentSetHolder
instanceKlass java/util/stream/Sink$ChainedReference
instanceKlass java/util/stream/Nodes$ArrayNode
instanceKlass java/util/stream/Node$Builder
instanceKlass java/util/stream/Node$OfDouble
instanceKlass java/util/stream/Node$OfLong
instanceKlass java/util/stream/Node$OfInt
instanceKlass java/util/stream/Node$OfPrimitive
instanceKlass java/util/stream/Nodes$EmptyNode
instanceKlass java/util/stream/Node
instanceKlass java/util/stream/Nodes
instanceKlass java/util/Spliterators$ArraySpliterator
instanceKlass org/jetbrains/kotlin/com/intellij/psi/impl/source/BasicElementTypes
instanceKlass org/jetbrains/kotlin/com/intellij/psi/impl/DebugUtil
instanceKlass org/jetbrains/kotlin/com/intellij/util/ThrowableRunnable
instanceKlass org/jetbrains/kotlin/com/intellij/psi/impl/source/tree/TreeUtil
instanceKlass org/jetbrains/kotlin/com/intellij/psi/impl/source/BasicJavaElementType$FrontBackTypeTextElementType$1
instanceKlass org/jetbrains/kotlin/com/intellij/lang/java/parser/JavaParserUtil
instanceKlass org/jetbrains/kotlin/com/intellij/psi/JavaResolveResult
instanceKlass org/jetbrains/kotlin/com/intellij/lang/jvm/types/JvmWildcardType
instanceKlass org/jetbrains/kotlin/com/intellij/psi/impl/java/stubs/PsiImportStatementStub
instanceKlass org/jetbrains/kotlin/com/intellij/psi/PsiReferenceList
instanceKlass org/jetbrains/kotlin/com/intellij/psi/impl/java/stubs/PsiClassReferenceListStub
instanceKlass org/jetbrains/kotlin/com/intellij/psi/impl/java/stubs/PsiFieldStub
instanceKlass org/jetbrains/kotlin/com/intellij/psi/impl/java/stubs/PsiMethodStub
instanceKlass org/jetbrains/kotlin/com/intellij/psi/impl/cache/TypeInfo
instanceKlass org/jetbrains/kotlin/com/intellij/psi/impl/java/stubs/PsiClassStub
instanceKlass org/jetbrains/kotlin/com/intellij/psi/PsiPackageAccessibilityStatement
instanceKlass org/jetbrains/kotlin/com/intellij/psi/impl/java/stubs/PsiPackageAccessibilityStatementStub
instanceKlass org/jetbrains/kotlin/com/intellij/psi/PsiRecordHeader
instanceKlass org/jetbrains/kotlin/com/intellij/psi/impl/java/stubs/PsiRecordHeaderStub
instanceKlass org/jetbrains/kotlin/com/intellij/psi/PsiRecordComponent
instanceKlass org/jetbrains/kotlin/com/intellij/psi/impl/java/stubs/PsiRecordComponentStub
instanceKlass org/jetbrains/kotlin/com/intellij/psi/impl/java/stubs/PsiMemberStub
instanceKlass org/jetbrains/kotlin/com/intellij/psi/PsiProvidesStatement
instanceKlass org/jetbrains/kotlin/com/intellij/psi/impl/java/stubs/PsiProvidesStatementStub
instanceKlass org/jetbrains/kotlin/com/intellij/psi/PsiUsesStatement
instanceKlass org/jetbrains/kotlin/com/intellij/psi/impl/java/stubs/PsiUsesStatementStub
instanceKlass org/jetbrains/kotlin/com/intellij/psi/PsiRequiresStatement
instanceKlass org/jetbrains/kotlin/com/intellij/psi/PsiStatement
instanceKlass org/jetbrains/kotlin/com/intellij/psi/impl/java/stubs/PsiRequiresStatementStub
instanceKlass org/jetbrains/kotlin/com/intellij/psi/PsiJavaModule
instanceKlass org/jetbrains/kotlin/com/intellij/psi/impl/java/stubs/PsiJavaModuleStub
instanceKlass org/jetbrains/kotlin/com/intellij/psi/PsiImportList
instanceKlass org/jetbrains/kotlin/com/intellij/psi/impl/java/stubs/PsiImportListStub
instanceKlass org/jetbrains/kotlin/com/intellij/psi/PsiClassInitializer
instanceKlass org/jetbrains/kotlin/com/intellij/psi/impl/java/stubs/PsiClassInitializerStub
instanceKlass org/jetbrains/kotlin/com/intellij/psi/PsiTypeParameterList
instanceKlass org/jetbrains/kotlin/com/intellij/psi/impl/java/stubs/PsiTypeParameterListStub
instanceKlass org/jetbrains/kotlin/com/intellij/psi/PsiTypeParameter
instanceKlass org/jetbrains/kotlin/com/intellij/lang/jvm/JvmTypeParameter
instanceKlass org/jetbrains/kotlin/com/intellij/psi/impl/java/stubs/PsiTypeParameterStub
instanceKlass org/jetbrains/kotlin/com/intellij/psi/impl/java/stubs/PsiParameterStub
instanceKlass org/jetbrains/kotlin/com/intellij/psi/PsiParameterList
instanceKlass org/jetbrains/kotlin/com/intellij/psi/impl/java/stubs/PsiParameterListStub
instanceKlass org/jetbrains/kotlin/com/intellij/psi/PsiMethodReferenceExpression
instanceKlass org/jetbrains/kotlin/com/intellij/psi/PsiLambdaExpression
instanceKlass org/jetbrains/kotlin/com/intellij/psi/PsiFunctionalExpression
instanceKlass org/jetbrains/kotlin/com/intellij/psi/PsiLiteralExpression
instanceKlass org/jetbrains/kotlin/com/intellij/psi/PsiLiteral
instanceKlass org/jetbrains/kotlin/com/intellij/psi/PsiNameValuePair
instanceKlass org/jetbrains/kotlin/com/intellij/lang/jvm/annotation/JvmAnnotationAttribute
instanceKlass org/jetbrains/kotlin/com/intellij/psi/impl/java/stubs/PsiNameValuePairStub
instanceKlass org/jetbrains/kotlin/com/intellij/psi/PsiAnnotationParameterList
instanceKlass org/jetbrains/kotlin/com/intellij/psi/impl/java/stubs/PsiAnnotationParameterListStub
instanceKlass org/jetbrains/kotlin/com/intellij/psi/impl/java/stubs/PsiAnnotationStub
instanceKlass org/jetbrains/kotlin/com/intellij/psi/impl/source/BasicJavaElementType
instanceKlass org/jetbrains/kotlin/com/intellij/psi/impl/java/stubs/PsiModifierListStub
instanceKlass org/jetbrains/kotlin/com/intellij/psi/impl/java/stubs/JavaStubElementTypes
instanceKlass org/jetbrains/kotlin/com/intellij/psi/impl/source/Constants
instanceKlass org/jetbrains/kotlin/com/intellij/lang/LighterAST
instanceKlass org/jetbrains/kotlin/com/intellij/injected/editor/DocumentWindow
instanceKlass org/jetbrains/kotlin/com/intellij/openapi/editor/impl/FrozenDocument
instanceKlass org/jetbrains/kotlin/com/intellij/util/text/ByteArrayCharSequence
instanceKlass org/jetbrains/kotlin/com/intellij/openapi/editor/impl/DocumentImpl$1
instanceKlass java/beans/PropertyChangeListener
instanceKlass java/beans/ChangeListenerMap
instanceKlass java/beans/PropertyChangeSupport
instanceKlass org/jetbrains/kotlin/it/unimi/dsi/fastutil/longs/LongSet
instanceKlass org/jetbrains/kotlin/it/unimi/dsi/fastutil/longs/LongCollection
instanceKlass org/jetbrains/kotlin/it/unimi/dsi/fastutil/longs/LongIterable
instanceKlass org/jetbrains/kotlin/com/intellij/openapi/editor/impl/RedBlackTree$Node
instanceKlass org/jetbrains/kotlin/com/intellij/openapi/editor/ex/PrioritizedDocumentListener$1
instanceKlass org/jetbrains/kotlin/com/intellij/openapi/editor/ex/PrioritizedDocumentListener
instanceKlass org/jetbrains/kotlin/com/intellij/openapi/editor/ex/DocumentEx$1
instanceKlass org/jetbrains/kotlin/com/intellij/util/keyFMap/ArrayBackedFMap
instanceKlass org/jetbrains/kotlin/com/intellij/openapi/fileEditor/impl/LoadTextUtil$ConvertResult
instanceKlass sun/nio/cs/ThreadLocalCoders$Cache
instanceKlass sun/nio/cs/ThreadLocalCoders
instanceKlass org/jetbrains/kotlin/com/intellij/openapi/fileEditor/impl/LoadTextUtil$DetectResult
instanceKlass org/jetbrains/kotlin/com/intellij/openapi/fileEditor/impl/LoadTextUtil
instanceKlass org/jetbrains/kotlin/com/intellij/openapi/application/AccessToken
instanceKlass org/jetbrains/kotlin/com/intellij/openapi/project/ProjectLocatorKt
instanceKlass org/jetbrains/kotlin/com/intellij/openapi/project/ProjectLocator$Companion
instanceKlass org/jetbrains/kotlin/com/intellij/openapi/project/ProjectLocator
instanceKlass org/jetbrains/kotlin/com/intellij/util/AstLoadingFilter
instanceKlass org/jetbrains/kotlin/com/intellij/util/indexing/IndexingDataKeys
instanceKlass org/jetbrains/kotlin/com/intellij/openapi/util/Getter
instanceKlass org/jetbrains/kotlin/com/intellij/util/CachedValueBase
instanceKlass org/jetbrains/kotlin/com/intellij/psi/impl/source/PsiJavaFileBaseImpl$MyCacheBuilder
instanceKlass org/jetbrains/kotlin/com/intellij/psi/impl/source/FileTrees
instanceKlass org/jetbrains/kotlin/com/intellij/psi/scope/PsiScopeProcessor$Event
instanceKlass org/jetbrains/kotlin/com/intellij/psi/stubs/EmptyStubSerializer
instanceKlass org/jetbrains/kotlin/com/intellij/psi/impl/source/StubbedSpine
instanceKlass org/jetbrains/kotlin/com/intellij/psi/PsiJavaFile
instanceKlass org/jetbrains/kotlin/com/intellij/psi/AbstractBasicJavaFile
instanceKlass org/jetbrains/kotlin/com/intellij/openapi/vfs/local/CoreLocalVirtualFile$IncompleteDirectoryAttributes
instanceKlass org/jetbrains/kotlin/com/intellij/psi/AbstractFileViewProvider$VirtualFileContent
instanceKlass org/jetbrains/kotlin/com/intellij/psi/PsiLock
instanceKlass org/jetbrains/kotlin/com/intellij/psi/PsiLargeBinaryFile
instanceKlass org/jetbrains/kotlin/com/intellij/psi/PsiLargeFile
instanceKlass org/jetbrains/kotlin/com/intellij/psi/PsiBinaryFile
instanceKlass org/jetbrains/kotlin/com/intellij/psi/AbstractFileViewProvider$Content
instanceKlass org/jetbrains/kotlin/com/intellij/injected/editor/VirtualFileWindow
instanceKlass org/jetbrains/kotlin/fir/resolve/transformers/PlatformSupertypeUpdaterKt
instanceKlass org/jetbrains/kotlin/fir/scopes/ScopesKt
instanceKlass org/jetbrains/kotlin/fir/resolve/substitution/ConeSubstitutorByMap$Companion
instanceKlass org/jetbrains/kotlin/utils/SmartSet$Companion
instanceKlass org/jetbrains/kotlin/fir/resolve/SupertypeUtilsKt
instanceKlass org/jetbrains/kotlin/fir/extensions/DeclarationGenerationContext
instanceKlass org/jetbrains/kotlin/fir/scopes/impl/FirGeneratedScopesKt
instanceKlass org/jetbrains/kotlin/fir/scopes/impl/FirGeneratedClassNestedClassifierScope$Companion
instanceKlass org/jetbrains/kotlin/fir/scopes/impl/FirDeclaredMemberScopeProviderKt
instanceKlass org/jetbrains/kotlin/fir/resolve/transformers/FirSupertypesResolutionKt
instanceKlass org/jetbrains/kotlin/fir/resolve/transformers/SupertypeComputationStatus
instanceKlass org/jetbrains/kotlin/fir/declarations/DeprecationsProviderImpl$special$$inlined$createCache$1
instanceKlass org/jetbrains/kotlin/fir/declarations/DeprecationInfoProvider
instanceKlass org/jetbrains/kotlin/fir/expressions/builder/FirExpressionStubBuilder
instanceKlass org/jetbrains/kotlin/fir/java/deserialization/AnnotationsLoader$AnnotationsLoaderVisitorImpl$visitAnnotation$1
instanceKlass kotlin/jvm/internal/StringCompanionObject
instanceKlass org/jetbrains/kotlin/fir/deserialization/FirTypeDeserializer$FlexibleTypeFactory$Default
instanceKlass org/jetbrains/kotlin/fir/resolve/transformers/body/resolve/BodyResolveUtilsKt
instanceKlass org/jetbrains/kotlin/util/WeakPairKt
instanceKlass org/jetbrains/kotlin/fir/resolve/TypeExpansionUtilsKt
instanceKlass org/jetbrains/kotlin/fir/resolve/dfa/Identifier
instanceKlass org/jetbrains/kotlin/fir/references/FirReferenceUtilsKt
instanceKlass org/jetbrains/kotlin/fir/resolve/dfa/UtilKt
instanceKlass org/jetbrains/kotlin/fir/resolve/dfa/DataFlowVariable
instanceKlass org/jetbrains/kotlin/fir/resolve/ResolveUtilsKt
instanceKlass org/jetbrains/kotlin/fir/declarations/FirResolvePhaseKt$WhenMappings
instanceKlass org/jetbrains/kotlin/fir/declarations/FirResolvePhaseKt
instanceKlass org/jetbrains/kotlin/fir/resolve/dfa/cfg/PostponedPath
instanceKlass org/jetbrains/kotlin/fir/resolve/dfa/cfg/CFGNodeKt
instanceKlass org/jetbrains/kotlin/utils/SmartList$SingletonIteratorBase
instanceKlass org/jetbrains/kotlin/fir/resolve/dfa/cfg/Edge$Companion$WhenMappings
instanceKlass org/jetbrains/kotlin/fir/resolve/dfa/cfg/Edge$Companion
instanceKlass org/jetbrains/kotlin/fir/resolve/dfa/cfg/Edge
instanceKlass org/jetbrains/kotlin/fir/resolve/dfa/cfg/EdgeKind$WhenMappings
instanceKlass org/jetbrains/kotlin/fir/resolve/dfa/cfg/NormalPath
instanceKlass org/jetbrains/kotlin/fir/resolve/dfa/cfg/EdgeLabel
instanceKlass org/jetbrains/kotlin/fir/resolve/dfa/cfg/EdgeKind$Companion
instanceKlass org/jetbrains/kotlin/fir/types/ConeBuiltinTypeUtilsKt
instanceKlass org/jetbrains/kotlin/fir/resolve/dfa/cfg/ControlFlowGraphBuilderKt
instanceKlass org/jetbrains/kotlin/fir/resolve/calls/candidate/CandidateFactoryKt
instanceKlass org/jetbrains/kotlin/fir/resolve/transformers/plugin/CompilerRequiredAnnotationEnhancementProviderKt
instanceKlass org/jetbrains/kotlin/fir/expressions/builder/FirResolvedQualifierBuilder
instanceKlass org/jetbrains/kotlin/fir/expressions/builder/FirAbstractResolvedQualifierBuilder
instanceKlass org/jetbrains/kotlin/metadata/ProtoBuf$1
instanceKlass org/jetbrains/kotlin/fir/java/JavaUtilsKt
instanceKlass kotlin/collections/builders/SetBuilder$Companion
instanceKlass org/jetbrains/kotlin/metadata/ProtoBuf$TypeAliasOrBuilder
instanceKlass org/jetbrains/kotlin/metadata/ProtoBuf$Effect$InvocationKind$1
instanceKlass org/jetbrains/kotlin/metadata/ProtoBuf$Expression$ConstantValue$1
instanceKlass org/jetbrains/kotlin/metadata/ProtoBuf$ExpressionOrBuilder
instanceKlass org/jetbrains/kotlin/metadata/ProtoBuf$Effect$EffectType$1
instanceKlass org/jetbrains/kotlin/metadata/ProtoBuf$EffectOrBuilder
instanceKlass org/jetbrains/kotlin/metadata/ProtoBuf$VersionRequirement$VersionKind$1
instanceKlass org/jetbrains/kotlin/metadata/ProtoBuf$VersionRequirement$Level$1
instanceKlass org/jetbrains/kotlin/metadata/ProtoBuf$VersionRequirementOrBuilder
instanceKlass org/jetbrains/kotlin/load/kotlin/FileBasedKotlinClass$OuterAndInnerName
instanceKlass org/jetbrains/kotlin/fir/deserialization/PackagePartsCacheData
instanceKlass org/jetbrains/kotlin/load/kotlin/JvmPackagePartSource
instanceKlass org/jetbrains/kotlin/load/kotlin/FacadeClassSource
instanceKlass org/jetbrains/kotlin/load/kotlin/KotlinClassFinderKt
instanceKlass org/jetbrains/kotlin/fir/java/deserialization/ProviderUtilsKt
instanceKlass org/jetbrains/kotlin/fir/scopes/FirScopeKt$processClassifiersByName$1
instanceKlass org/jetbrains/kotlin/fir/scopes/FirScopeKt
instanceKlass org/jetbrains/kotlin/kotlinx/collections/immutable/internal/MutabilityOwnership
instanceKlass org/jetbrains/kotlin/kotlinx/collections/immutable/PersistentMap$Builder
instanceKlass org/jetbrains/kotlin/fir/resolve/dfa/FlowKt
instanceKlass org/jetbrains/kotlin/fir/resolve/dfa/Flow
instanceKlass org/jetbrains/kotlin/fir/resolve/dfa/FlowPath
instanceKlass org/jetbrains/kotlin/fir/resolve/dfa/cfg/CFGNode$Companion
instanceKlass org/jetbrains/kotlin/fir/resolve/dfa/cfg/GraphExitNodeMarker
instanceKlass org/jetbrains/kotlin/fir/resolve/dfa/cfg/ControlFlowGraphNodeBuilderKt
instanceKlass org/jetbrains/kotlin/fir/resolve/ResolutionMode$Companion
instanceKlass org/jetbrains/kotlin/fir/resolve/ResolutionMode
instanceKlass org/jetbrains/kotlin/fir/resolve/FirTypeResolutionResult
instanceKlass org/jetbrains/kotlin/util/WeakPair
instanceKlass org/jetbrains/kotlin/fir/resolve/LookupTagUtilsKt
instanceKlass org/jetbrains/kotlin/fir/types/FunctionalTypeUtilsKt
instanceKlass org/jetbrains/kotlin/fir/resolve/DeclarationUtilsKt
instanceKlass org/jetbrains/kotlin/fir/resolve/providers/impl/FirTypeResolverImpl$TypeResolutionResult
instanceKlass org/jetbrains/kotlin/fir/resolve/calls/AbstractCandidate
instanceKlass org/jetbrains/kotlin/fir/declarations/utils/FirDeclarationUtilKt
instanceKlass org/jetbrains/kotlin/fir/expressions/builder/FirAnnotationArgumentMappingBuilder
instanceKlass org/jetbrains/kotlin/fir/expressions/builder/FirAnnotationBuilder
instanceKlass org/jetbrains/kotlin/fir/expressions/builder/FirArrayLiteralBuilder
instanceKlass org/jetbrains/kotlin/fir/expressions/builder/FirEnumEntryDeserializedAccessExpressionBuilder
instanceKlass org/jetbrains/kotlin/fir/java/deserialization/AnnotationsLoader$AnnotationsLoaderVisitorImpl$visitArray$1
instanceKlass org/jetbrains/kotlin/fir/java/deserialization/AnnotationsLoader$AnnotationsLoaderVisitorImpl
instanceKlass org/jetbrains/kotlin/SpecialJvmAnnotations
instanceKlass org/jetbrains/kotlin/fir/java/deserialization/JvmClassFileBasedSymbolProvider$loadAnnotationsFromClassFile$1
instanceKlass org/jetbrains/kotlin/metadata/jvm/deserialization/JvmFlags
instanceKlass org/jetbrains/kotlin/fir/declarations/FirValueClassRepresentationKt
instanceKlass org/jetbrains/kotlin/fir/declarations/ValueClassesUtilsKt
instanceKlass org/jetbrains/kotlin/serialization/deserialization/ValueClassUtilKt
instanceKlass org/jetbrains/kotlin/builtins/CompanionObjectMapping
instanceKlass org/jetbrains/kotlin/builtins/jvm/JavaToKotlinClassMap$PlatformMutabilityMapping
instanceKlass org/jetbrains/kotlin/builtins/jvm/JavaToKotlinClassMap
instanceKlass org/jetbrains/kotlin/builtins/jvm/JvmBuiltInsSignatures
instanceKlass org/jetbrains/kotlin/metadata/jvm/deserialization/JvmMemberSignature
instanceKlass org/jetbrains/kotlin/metadata/jvm/deserialization/ClassMapperLite
instanceKlass org/jetbrains/kotlin/fir/resolve/transformers/PublishedApiEffectiveVisibilityKt
instanceKlass org/jetbrains/kotlin/fir/java/deserialization/JvmBinaryAnnotationDeserializerKt$loadMemberAnnotations$1$MemberAnnotationVisitor
instanceKlass org/jetbrains/kotlin/load/kotlin/KotlinJvmBinaryClass$MethodAnnotationVisitor
instanceKlass org/jetbrains/org/objectweb/asm/MethodVisitor
instanceKlass org/jetbrains/org/objectweb/asm/FieldVisitor
instanceKlass org/jetbrains/kotlin/fir/java/deserialization/JvmBinaryAnnotationDeserializerKt$loadMemberAnnotations$1
instanceKlass org/jetbrains/kotlin/load/kotlin/KotlinJvmBinaryClass$MemberVisitor
instanceKlass org/jetbrains/kotlin/fir/java/deserialization/JvmBinaryAnnotationDeserializerKt
instanceKlass org/jetbrains/kotlin/load/kotlin/MemberSignature$Companion
instanceKlass org/jetbrains/kotlin/load/kotlin/MemberSignature
instanceKlass org/jetbrains/kotlin/fir/java/deserialization/JvmBinaryAnnotationDeserializer$WhenMappings
instanceKlass org/jetbrains/kotlin/metadata/deserialization/ProtoBufUtilKt
instanceKlass org/jetbrains/kotlin/load/kotlin/AbstractBinaryClassAnnotationLoaderKt
instanceKlass org/jetbrains/kotlin/fir/types/ConeTypeUtilsKt$WhenMappings
instanceKlass org/jetbrains/kotlin/metadata/SerializationPluginMetadataExtensions
instanceKlass org/jetbrains/kotlin/fir/types/CustomAnnotationTypeAttributeKt
instanceKlass org/jetbrains/kotlin/metadata/jvm/deserialization/JvmNameResolverBase$WhenMappings
instanceKlass org/jetbrains/kotlin/metadata/deserialization/ProtoTypeTableUtilKt
instanceKlass org/jetbrains/kotlin/fir/deserialization/FirDeserializationUtilsKt
instanceKlass org/jetbrains/kotlin/metadata/deserialization/VersionRequirement$Companion
instanceKlass org/jetbrains/kotlin/metadata/deserialization/VersionRequirement
instanceKlass org/jetbrains/kotlin/fir/resolve/ScopeUtilsKt
instanceKlass org/jetbrains/kotlin/serialization/deserialization/ProtoBufContractDeserializer
instanceKlass org/jetbrains/kotlin/fir/deserialization/FirTypeDeserializer
instanceKlass org/jetbrains/kotlin/metadata/deserialization/VersionRequirementTable$Companion
instanceKlass org/jetbrains/kotlin/metadata/deserialization/VersionRequirementTable
instanceKlass org/jetbrains/kotlin/metadata/deserialization/TypeTable
instanceKlass org/jetbrains/kotlin/fir/deserialization/FirDeserializationContext$Companion
instanceKlass org/jetbrains/kotlin/fir/deserialization/FirConstDeserializer
instanceKlass org/jetbrains/kotlin/serialization/deserialization/ProtoEnumFlags$WhenMappings
instanceKlass org/jetbrains/kotlin/serialization/deserialization/ProtoEnumFlags
instanceKlass org/jetbrains/kotlin/metadata/ProtoBuf$MemberKind$1
instanceKlass org/jetbrains/kotlin/metadata/ProtoBuf$Class$Kind$1
instanceKlass org/jetbrains/kotlin/metadata/ProtoBuf$Modality$1
instanceKlass org/jetbrains/kotlin/metadata/ProtoBuf$Visibility$1
instanceKlass org/jetbrains/kotlin/metadata/deserialization/Flags$FlagField
instanceKlass org/jetbrains/kotlin/metadata/deserialization/Flags
instanceKlass org/jetbrains/kotlin/fir/deserialization/ClassDeserializationKt
instanceKlass org/jetbrains/kotlin/fir/java/deserialization/JvmClassFileBasedSymbolProvider$JavaAwareFlexibleTypeFactory
instanceKlass org/jetbrains/kotlin/fir/deserialization/FirTypeDeserializer$FlexibleTypeFactory
instanceKlass org/jetbrains/kotlin/load/kotlin/KotlinJvmBinarySourceElement
instanceKlass org/jetbrains/kotlin/serialization/deserialization/descriptors/DeserializedContainerSource
instanceKlass org/jetbrains/kotlin/fir/java/deserialization/MemberAnnotations
instanceKlass org/jetbrains/kotlin/fir/deserialization/AbstractFirDeserializedSymbolProvider$ClassMetadataFindResult
instanceKlass org/jetbrains/kotlin/metadata/jvm/deserialization/JvmNameResolverKt
instanceKlass org/jetbrains/kotlin/metadata/jvm/JvmProtoBuf$StringTableTypes$Record$Operation$1
instanceKlass org/jetbrains/kotlin/metadata/jvm/JvmProtoBuf$StringTableTypes$RecordOrBuilder
instanceKlass org/jetbrains/kotlin/metadata/jvm/JvmProtoBuf$StringTableTypesOrBuilder
instanceKlass kotlin/collections/IndexedValue
instanceKlass kotlin/collections/IndexingIterator
instanceKlass kotlin/collections/IndexingIterable
instanceKlass org/jetbrains/kotlin/metadata/jvm/deserialization/JvmNameResolverBase$Companion
instanceKlass org/jetbrains/kotlin/metadata/jvm/deserialization/JvmNameResolverBase
instanceKlass org/jetbrains/kotlin/metadata/jvm/deserialization/UtfEncodingKt
instanceKlass org/jetbrains/kotlin/metadata/jvm/deserialization/BitEncoding
instanceKlass org/jetbrains/kotlin/metadata/jvm/JvmProtoBuf$JvmFieldSignatureOrBuilder
instanceKlass org/jetbrains/kotlin/metadata/jvm/JvmProtoBuf$JvmPropertySignatureOrBuilder
instanceKlass org/jetbrains/kotlin/metadata/jvm/JvmProtoBuf$JvmMethodSignatureOrBuilder
instanceKlass org/jetbrains/kotlin/metadata/jvm/JvmProtoBuf
instanceKlass org/jetbrains/kotlin/metadata/jvm/deserialization/JvmProtoBufUtil
instanceKlass org/jetbrains/kotlin/load/kotlin/header/ReadKotlinClassHeaderAnnotationVisitor$CollectStringArrayAnnotationVisitor
instanceKlass org/jetbrains/org/objectweb/asm/Type
instanceKlass org/jetbrains/kotlin/load/kotlin/KotlinJvmBinaryClass$AnnotationArrayArgumentVisitor
instanceKlass org/jetbrains/kotlin/load/kotlin/header/ReadKotlinClassHeaderAnnotationVisitor$KotlinMetadataArgumentVisitor
instanceKlass java/lang/Override
instanceKlass java/lang/Deprecated
instanceKlass org/jetbrains/kotlin/resolve/jvm/JvmClassName
instanceKlass org/jetbrains/kotlin/load/java/JvmAnnotationNames
instanceKlass org/jetbrains/org/objectweb/asm/Context
instanceKlass org/jetbrains/org/objectweb/asm/Attribute
instanceKlass org/jetbrains/org/objectweb/asm/Label
instanceKlass org/jetbrains/org/objectweb/asm/ClassReader
instanceKlass org/jetbrains/kotlin/load/kotlin/header/KotlinClassHeader$Kind$Companion
instanceKlass org/jetbrains/kotlin/load/kotlin/KotlinJvmBinaryClass$AnnotationArgumentVisitor
instanceKlass org/jetbrains/kotlin/load/kotlin/header/ReadKotlinClassHeaderAnnotationVisitor
instanceKlass org/jetbrains/kotlin/load/kotlin/KotlinJvmBinaryClass$AnnotationVisitor
instanceKlass org/jetbrains/kotlin/load/kotlin/FileBasedKotlinClass$InnerClassesInfo
instanceKlass org/jetbrains/kotlin/load/kotlin/header/KotlinClassHeader
instanceKlass org/jetbrains/kotlin/load/kotlin/VirtualFileKotlinClass$Factory
instanceKlass org/jetbrains/org/objectweb/asm/AnnotationVisitor
instanceKlass org/jetbrains/org/objectweb/asm/ClassVisitor
instanceKlass org/jetbrains/kotlin/load/kotlin/FileBasedKotlinClass
instanceKlass org/jetbrains/kotlin/load/kotlin/KotlinJvmBinaryClass
instanceKlass org/jetbrains/kotlin/load/kotlin/KotlinClassFinder$Result
instanceKlass org/jetbrains/kotlin/com/intellij/openapi/util/Computable
instanceKlass org/jetbrains/kotlin/load/kotlin/KotlinBinaryClassCache$RequestCache
instanceKlass org/jetbrains/kotlin/cli/jvm/index/JvmDependenciesIndexImpl$SearchResult
instanceKlass org/jetbrains/kotlin/cli/jvm/compiler/KotlinCliJavaFileManagerImpl$WhenMappings
instanceKlass org/jetbrains/kotlin/load/java/JavaClassFinder$Request
instanceKlass org/jetbrains/kotlin/it/unimi/dsi/fastutil/objects/ObjectOpenHashSet$SetIterator
instanceKlass org/jetbrains/kotlin/fir/resolve/providers/FirSymbolNamesProviderKt
instanceKlass org/jetbrains/kotlin/fir/resolve/FirQualifierResolverKt
instanceKlass org/jetbrains/kotlin/fir/resolve/transformers/ScopeClassDeclaration
instanceKlass org/jetbrains/kotlin/fir/declarations/FirAnnotationUtilsKt
instanceKlass org/jetbrains/kotlin/fir/resolve/CallableIdUtilsKt
instanceKlass org/jetbrains/kotlin/fir/declarations/DeprecationAnnotationInfoPerUseSiteStorage
instanceKlass org/jetbrains/kotlin/fir/declarations/FirAnnotationsPlatformSpecificSupportComponentKt
instanceKlass org/jetbrains/kotlin/fir/declarations/DeprecationAnnotationInfoPerUseSiteStorageBuilder
instanceKlass org/jetbrains/kotlin/fir/declarations/FirVersionRequirementsTableKeyKt
instanceKlass org/jetbrains/kotlin/fir/scopes/impl/FirAbstractImportingScopeKt
instanceKlass org/jetbrains/kotlin/fir/declarations/DeclarationUtilsKt
instanceKlass org/jetbrains/kotlin/fir/declarations/DeprecationUtilsKt
instanceKlass org/jetbrains/kotlin/com/google/common/collect/LinkedHashMultimap$ValueSet$1
instanceKlass org/jetbrains/kotlin/com/google/common/collect/AbstractMapBasedMultimap$WrappedCollection$WrappedIterator
instanceKlass org/jetbrains/kotlin/fir/declarations/FirTowerDataElement
instanceKlass org/jetbrains/kotlin/fir/declarations/ImplicitReceiverUtilsKt
instanceKlass org/jetbrains/kotlin/fir/scopes/impl/FirPackageMemberScopeKt
instanceKlass org/jetbrains/kotlin/fir/scopes/DefaultSimpleImportKey
instanceKlass org/jetbrains/kotlin/fir/scopes/FirDefaultImportProviderHolderKt
instanceKlass org/jetbrains/kotlin/fir/scopes/impl/DefaultStarImportingScopeMarker
instanceKlass org/jetbrains/kotlin/fir/scopes/DefaultStarImportKey
instanceKlass org/jetbrains/kotlin/fir/FirImportTrackerComponent
instanceKlass org/jetbrains/kotlin/fir/FirImportTrackerComponentKt
instanceKlass org/jetbrains/kotlin/fir/resolve/ScopeSessionKey
instanceKlass org/jetbrains/kotlin/fir/scopes/ImportingScopesKt
instanceKlass org/jetbrains/kotlin/fir/extensions/FirPredicateBasedProviderKt
instanceKlass org/jetbrains/kotlin/fir/resolve/transformers/plugin/CompilerRequiredAnnotationsComputationSession
instanceKlass org/jetbrains/kotlin/descriptors/SourceElement$1
instanceKlass org/jetbrains/kotlin/serialization/deserialization/ClassData
instanceKlass org/jetbrains/kotlin/resolve/jvm/KotlinJavaPsiFacade$3
instanceKlass org/jetbrains/kotlin/fir/caches/NullableMap$NullValue
instanceKlass org/jetbrains/kotlin/fir/declarations/builder/FirResolvedImportBuilder
instanceKlass org/jetbrains/kotlin/fir/resolve/transformers/PackageAndClass
instanceKlass org/jetbrains/kotlin/load/java/structure/JavaElementsKt
instanceKlass org/jetbrains/kotlin/load/java/structure/impl/source/JavaElementPsiSource
instanceKlass org/jetbrains/kotlin/load/java/structure/impl/JavaElementImpl
instanceKlass org/jetbrains/kotlin/load/java/structure/impl/source/JavaSourceFactoryOwner
instanceKlass org/jetbrains/kotlin/load/java/structure/MapBasedJavaAnnotationOwner
instanceKlass org/jetbrains/kotlin/load/java/structure/JavaPackage
instanceKlass org/jetbrains/kotlin/load/java/structure/impl/source/JavaElementSourceFactory$Companion
instanceKlass org/jetbrains/kotlin/cli/jvm/compiler/KotlinCliJavaFileManagerImplKt
instanceKlass org/jetbrains/kotlin/resolve/jvm/KotlinJavaPsiFacade$PackageCache
instanceKlass org/jetbrains/kotlin/com/intellij/psi/tree/ParentAwareTokenSet
instanceKlass org/jetbrains/kotlin/com/intellij/psi/impl/source/BasicJavaDocElementType
instanceKlass org/jetbrains/kotlin/com/intellij/lang/java/parser/BasicJavaParser
instanceKlass org/jetbrains/kotlin/com/intellij/psi/tree/ParentProviderElementType
instanceKlass org/jetbrains/kotlin/com/intellij/psi/impl/source/AbstractBasicJavaDocElementTypeFactory$JavaDocElementTypeContainer
instanceKlass org/jetbrains/kotlin/com/intellij/psi/impl/source/tree/JavaDocElementTypeFactory$SingletonHelper
instanceKlass org/jetbrains/kotlin/com/intellij/lang/java/lexer/_JavaLexer
instanceKlass org/jetbrains/kotlin/com/intellij/psi/impl/source/AbstractBasicJavaDocElementTypeFactory
instanceKlass org/jetbrains/kotlin/com/intellij/psi/impl/source/tree/ElementType
instanceKlass org/jetbrains/kotlin/com/intellij/psi/impl/source/tree/JavaElementType
instanceKlass org/jetbrains/kotlin/com/intellij/psi/impl/source/tree/JavaDocElementType
instanceKlass org/jetbrains/kotlin/com/intellij/psi/JavaTokenType
instanceKlass org/jetbrains/kotlin/com/intellij/psi/JavaDocTokenType
instanceKlass org/jetbrains/kotlin/cli/jvm/index/SingleJavaFileRootsIndex$JavaSourceClassIdReader$Companion
instanceKlass org/jetbrains/kotlin/cli/jvm/index/SingleJavaFileRootsIndex$JavaSourceClassIdReader
instanceKlass org/jetbrains/kotlin/cli/jvm/index/JvmDependenciesIndexImpl$FindClassRequest
instanceKlass org/jetbrains/kotlin/cli/jvm/index/JvmDependenciesIndexImpl$WhenMappings
instanceKlass org/jetbrains/kotlin/com/intellij/util/containers/IntArrayList
instanceKlass org/jetbrains/kotlin/cli/jvm/index/JvmDependenciesIndexImpl$TraverseRequest
instanceKlass org/jetbrains/kotlin/cli/jvm/index/JvmDependenciesIndexImpl$SearchRequest
instanceKlass org/jetbrains/kotlin/com/intellij/psi/util/PsiUtilCore$NullPsiElement
instanceKlass org/jetbrains/kotlin/com/intellij/psi/util/PsiUtilCore
instanceKlass org/jetbrains/kotlin/resolve/jvm/KotlinSafeClassFinder
instanceKlass org/jetbrains/kotlin/resolve/jvm/KotlinJavaPsiFacade$CliFinder
instanceKlass org/jetbrains/kotlin/fir/resolve/transformers/ImportUtilsKt
instanceKlass org/jetbrains/kotlin/fir/FirLookupTrackerComponent
instanceKlass org/jetbrains/kotlin/fir/FirLookupTrackerComponentKt
instanceKlass org/jetbrains/kotlin/fir/visitors/FirTransformerUtilKt
instanceKlass org/jetbrains/kotlin/fir/symbols/FirLazyDeclarationResolverKt
instanceKlass org/jetbrains/kotlin/fir/scopes/CallableCopyTypeCalculator
instanceKlass org/jetbrains/kotlin/fir/resolve/transformers/body/resolve/ImplicitBodyResolveComputationSession
instanceKlass org/jetbrains/kotlin/fir/extensions/FirFunctionCallRefinementExtensionKt
instanceKlass org/jetbrains/kotlin/fir/extensions/FirAssignExpressionAltererExtensionKt
instanceKlass org/jetbrains/kotlin/fir/resolve/transformers/body/resolve/FirArrayOfCallTransformer$Companion
instanceKlass org/jetbrains/kotlin/fir/resolve/transformers/WhenExhaustivenessChecker
instanceKlass org/jetbrains/kotlin/fir/resolve/transformers/FirWhenExhaustivenessTransformer$Companion
instanceKlass org/jetbrains/kotlin/fir/resolve/calls/ResolutionContext
instanceKlass org/jetbrains/kotlin/fir/resolve/transformers/IntegerLiteralAndOperatorApproximationTransformer$Companion
instanceKlass org/jetbrains/kotlin/fir/resolve/FirSamConversionTransformerExtensionKt
instanceKlass org/jetbrains/kotlin/fir/resolve/SamResolutionKt
instanceKlass org/jetbrains/kotlin/fir/resolve/FirOuterClassManager
instanceKlass org/jetbrains/kotlin/fir/resolve/FirDoubleColonExpressionResolver
instanceKlass org/jetbrains/kotlin/fir/resolve/transformers/FirSyntheticCallGenerator$special$$inlined$createCache$1
instanceKlass org/jetbrains/kotlin/fir/CopyUtilsKt
instanceKlass org/jetbrains/kotlin/fir/types/ConeDefinitelyNotNullType$Companion
instanceKlass org/jetbrains/kotlin/types/model/DefinitelyNotNullTypeMarker
instanceKlass org/jetbrains/kotlin/types/model/IntersectionTypeConstructorMarker
instanceKlass org/jetbrains/kotlin/fir/types/ConeTypeUtilsKt
instanceKlass org/jetbrains/kotlin/fir/types/ArrayUtilsKt
instanceKlass org/jetbrains/kotlin/fir/symbols/SyntheticSymbol
instanceKlass org/jetbrains/kotlin/fir/symbols/SyntheticCallableId
instanceKlass org/jetbrains/kotlin/fir/resolve/transformers/FirSyntheticCallGenerator
instanceKlass org/jetbrains/kotlin/fir/resolve/dfa/Statement
instanceKlass org/jetbrains/kotlin/fir/resolve/dfa/LogicSystem
instanceKlass org/jetbrains/kotlin/fir/FirVisibilityCheckerKt
instanceKlass org/jetbrains/kotlin/fir/resolve/dfa/FirDataFlowAnalyzer$Companion
instanceKlass org/jetbrains/kotlin/fir/resolve/dfa/FirDataFlowAnalyzer
instanceKlass org/jetbrains/kotlin/fir/resolve/inference/ConstraintSystemCompleter$Companion
instanceKlass org/jetbrains/kotlin/fir/resolve/inference/ConstraintSystemCompleter
instanceKlass org/jetbrains/kotlin/fir/resolve/inference/FirCallCompleter
instanceKlass org/jetbrains/kotlin/fir/resolve/calls/overloads/ConeOverloadConflictResolver$SpecificityComparisonWithNumerics$1
instanceKlass org/jetbrains/kotlin/resolve/calls/results/SpecificityComparisonCallbacks
instanceKlass org/jetbrains/kotlin/fir/resolve/calls/overloads/ConeCallConflictResolver
instanceKlass org/jetbrains/kotlin/fir/resolve/inference/InferenceComponentsKt
instanceKlass org/jetbrains/kotlin/fir/resolve/calls/overloads/ConeCallConflictResolverKt
instanceKlass org/jetbrains/kotlin/fir/resolve/calls/overloads/FirOverloadByLambdaReturnTypeResolver
instanceKlass org/jetbrains/kotlin/fir/resolve/calls/tower/TowerResolveManager
instanceKlass org/jetbrains/kotlin/fir/resolve/calls/tower/TowerGroupKind$Companion
instanceKlass org/jetbrains/kotlin/fir/resolve/calls/tower/TowerGroupKind
instanceKlass org/jetbrains/kotlin/fir/resolve/calls/tower/TowerGroup$Companion
instanceKlass org/jetbrains/kotlin/fir/resolve/calls/tower/TowerGroup
instanceKlass org/jetbrains/kotlin/fir/resolve/calls/candidate/CandidateCollector
instanceKlass org/jetbrains/kotlin/fir/resolve/calls/tower/FirTowerResolver
instanceKlass org/jetbrains/kotlin/fir/resolve/calls/FirCallResolver
instanceKlass org/jetbrains/kotlin/fir/resolve/calls/stages/ResolutionStageRunner
instanceKlass org/jetbrains/kotlin/fir/resolve/BodyResolveComponents
instanceKlass org/jetbrains/kotlin/fir/resolve/SessionHolder
instanceKlass org/jetbrains/kotlin/fir/resolve/inference/FirInferenceSession$Companion
instanceKlass org/jetbrains/kotlin/fir/resolve/inference/FirInferenceSession
instanceKlass org/jetbrains/kotlin/fir/resolve/FirSpecialTowerDataContexts
instanceKlass org/jetbrains/kotlin/kotlinx/collections/immutable/internal/EndOfChain
instanceKlass org/jetbrains/kotlin/kotlinx/collections/immutable/implementations/persistentOrderedMap/PersistentOrderedMap$Companion
instanceKlass org/jetbrains/kotlin/fir/util/PersistentSetMultimap
instanceKlass org/jetbrains/kotlin/fir/resolve/ImplicitReceiverStack
instanceKlass org/jetbrains/kotlin/fir/declarations/FirTowerDataContext
instanceKlass org/jetbrains/kotlin/fir/resolve/FirRegularTowerDataContexts$Companion
instanceKlass org/jetbrains/kotlin/fir/resolve/FirRegularTowerDataContexts
instanceKlass org/jetbrains/kotlin/fir/resolve/dfa/VariableStorage
instanceKlass org/jetbrains/kotlin/fir/resolve/dfa/FirLocalVariableAssignmentAnalyzer$Companion
instanceKlass org/jetbrains/kotlin/fir/resolve/dfa/FirLocalVariableAssignmentAnalyzer
instanceKlass org/jetbrains/kotlin/fir/resolve/dfa/cfg/ControlFlowGraphBuilder$PostponedLambdas
instanceKlass org/jetbrains/kotlin/fir/util/BaseMultimap
instanceKlass org/jetbrains/kotlin/fir/util/MutableMultimap
instanceKlass org/jetbrains/kotlin/fir/util/Multimap
instanceKlass org/jetbrains/kotlin/fir/util/MultimapKt
instanceKlass org/jetbrains/kotlin/fir/resolve/dfa/Stack
instanceKlass org/jetbrains/kotlin/fir/resolve/dfa/StackKt
instanceKlass org/jetbrains/kotlin/fir/resolve/dfa/cfg/ControlFlowGraph
instanceKlass org/jetbrains/kotlin/fir/resolve/dfa/cfg/GraphEnterNodeMarker
instanceKlass org/jetbrains/kotlin/fir/resolve/dfa/cfg/ExitNodeMarker
instanceKlass org/jetbrains/kotlin/fir/resolve/dfa/cfg/EnterNodeMarker
instanceKlass org/jetbrains/kotlin/fir/resolve/dfa/cfg/CFGNode
instanceKlass org/jetbrains/kotlin/fir/resolve/dfa/cfg/ControlFlowGraphBuilder
instanceKlass org/jetbrains/kotlin/fir/resolve/dfa/DataFlowAnalyzerContext
instanceKlass org/jetbrains/kotlin/fir/resolve/transformers/body/resolve/BodyResolveContext
instanceKlass org/jetbrains/kotlin/fir/resolve/transformers/ReturnTypeCalculatorForFullBodyResolve$Companion
instanceKlass org/jetbrains/kotlin/fir/resolve/transformers/ReturnTypeCalculator
instanceKlass org/jetbrains/kotlin/resolve/calls/mpp/ExpectActualMatchingContext$Companion
instanceKlass org/jetbrains/kotlin/fir/resolve/transformers/mpp/FirExpectActualMatchingContextImpl
instanceKlass org/jetbrains/kotlin/fir/FirExpectActualMatchingContext
instanceKlass org/jetbrains/kotlin/resolve/calls/mpp/ExpectActualMatchingContext
instanceKlass org/jetbrains/kotlin/fir/FirExpectActualMatchingContextKt
instanceKlass org/jetbrains/kotlin/fir/resolve/transformers/FirStatusResolver$Companion
instanceKlass org/jetbrains/kotlin/fir/resolve/transformers/FirStatusResolver
instanceKlass kotlin/collections/MutableMapWithDefaultImpl
instanceKlass kotlin/collections/MutableMapWithDefault
instanceKlass org/jetbrains/kotlin/fir/resolve/transformers/StatusComputationSession
instanceKlass org/jetbrains/kotlin/fir/resolve/FirTypeResolverKt
instanceKlass org/jetbrains/kotlin/kotlinx/collections/immutable/PersistentList$Builder
instanceKlass org/jetbrains/kotlin/kotlinx/collections/immutable/PersistentCollection$Builder
instanceKlass kotlin/collections/ArrayDeque$Companion
instanceKlass org/jetbrains/kotlin/fir/extensions/FirSupertypeGenerationExtensionKt
instanceKlass org/jetbrains/kotlin/fir/resolve/SupertypeSupplier
instanceKlass org/jetbrains/kotlin/fir/resolve/transformers/SupertypeComputationSession
instanceKlass org/jetbrains/kotlin/fir/extensions/FirSwitchableExtensionDeclarationsSymbolProviderKt
instanceKlass org/jetbrains/kotlin/fir/resolve/transformers/FirResolveProcessor
instanceKlass org/jetbrains/kotlin/fir/resolve/transformers/FirTotalResolveProcessorKt$WhenMappings
instanceKlass org/jetbrains/kotlin/fir/resolve/transformers/FirTotalResolveProcessorKt
instanceKlass org/jetbrains/kotlin/fir/resolve/ScopeSession
instanceKlass org/jetbrains/kotlin/fir/resolve/transformers/FirTotalResolveProcessor
instanceKlass org/jetbrains/kotlin/fir/pipeline/AnalyseKt
instanceKlass org/jetbrains/kotlin/fir/contracts/builder/FirLegacyRawContractDescriptionBuilder
instanceKlass org/jetbrains/kotlin/fir/expressions/builder/FirContinueExpressionBuilder
instanceKlass org/jetbrains/kotlin/fir/expressions/builder/FirLoopJumpBuilder
instanceKlass org/jetbrains/kotlin/fir/lightTree/fir/TypeConstraint
instanceKlass org/jetbrains/kotlin/fir/lightTree/converter/LightTreeRawFirExpressionBuilder$WhenConditionConvertedResults
instanceKlass org/jetbrains/kotlin/name/NameUtils
instanceKlass org/jetbrains/kotlin/fir/declarations/builder/FirFieldBuilder
instanceKlass org/jetbrains/kotlin/fir/declarations/builder/FirConstructorBuilder
instanceKlass kotlin/text/MatchNamedGroupCollection
instanceKlass kotlin/text/MatchGroupCollection
instanceKlass kotlin/text/MatcherMatchResult
instanceKlass java/util/regex/Pattern$1
instanceKlass kotlin/text/RegexKt
instanceKlass kotlin/text/MatchResult
instanceKlass org/jetbrains/kotlin/fir/FirGenerationKt
instanceKlass org/jetbrains/kotlin/fir/declarations/builder/FirOuterClassTypeParameterRefBuilder
instanceKlass org/jetbrains/kotlin/fir/expressions/builder/FirIncrementDecrementExpressionBuilder
instanceKlass org/jetbrains/kotlin/fir/references/builder/FirDelegateFieldReferenceBuilder
instanceKlass org/jetbrains/kotlin/fir/expressions/builder/FirCallableReferenceAccessBuilder
instanceKlass org/jetbrains/kotlin/fir/expressions/builder/FirWrappedDelegateExpressionBuilder
instanceKlass org/jetbrains/kotlin/fir/expressions/builder/FirNamedArgumentExpressionBuilder
instanceKlass org/jetbrains/kotlin/fir/declarations/builder/FirConstructedClassTypeParameterRefBuilder
instanceKlass org/jetbrains/kotlin/fir/declarations/builder/FirPropertyAccessorBuilder
instanceKlass org/jetbrains/kotlin/fir/references/builder/FirImplicitThisReferenceBuilder
instanceKlass org/jetbrains/kotlin/fir/builder/AbstractRawFirBuilder$DataClassMembersGenerator
instanceKlass org/jetbrains/kotlin/fir/declarations/FirTypeParameterRef
instanceKlass org/jetbrains/kotlin/types/model/TypeParameterMarker
instanceKlass org/jetbrains/kotlin/mpp/TypeParameterSymbolMarker
instanceKlass org/jetbrains/kotlin/fir/declarations/builder/FirTypeParameterBuilder
instanceKlass org/jetbrains/kotlin/fir/expressions/builder/FirImplicitInvokeCallBuilder
instanceKlass org/jetbrains/kotlin/fir/expressions/builder/FirWhileLoopBuilder
instanceKlass org/jetbrains/kotlin/fir/expressions/builder/FirLoopBuilder
instanceKlass org/jetbrains/kotlin/fir/declarations/builder/FirTypeAliasBuilder
instanceKlass org/jetbrains/kotlin/fir/builder/CharacterWithDiagnostic
instanceKlass org/jetbrains/kotlin/fir/expressions/builder/FirComparisonExpressionBuilder
instanceKlass org/jetbrains/kotlin/fir/types/builder/FirFunctionTypeRefBuilder
instanceKlass org/jetbrains/kotlin/fir/builder/FirFunctionTypeParameterBuilder
instanceKlass org/jetbrains/kotlin/fir/EnumClassUtilsKt
instanceKlass org/jetbrains/kotlin/fir/types/builder/FirErrorTypeRefBuilder
instanceKlass org/jetbrains/kotlin/fir/declarations/builder/FirEnumEntryBuilder
instanceKlass org/jetbrains/kotlin/parsing/KotlinParsing$4
instanceKlass org/jetbrains/kotlin/fir/lightTree/fir/DelegatedConstructorWrapper
instanceKlass org/jetbrains/kotlin/parsing/DoNotBindAnything
instanceKlass kotlin/collections/ReversedList$listIterator$1
instanceKlass org/jetbrains/kotlin/fir/expressions/builder/FirWhenSubjectExpressionBuilder
instanceKlass org/jetbrains/kotlin/fir/expressions/builder/FirCatchBuilder
instanceKlass org/jetbrains/kotlin/fir/expressions/builder/FirTryExpressionBuilder
instanceKlass org/jetbrains/kotlin/fir/expressions/builder/FirCheckNotNullCallBuilder
instanceKlass org/jetbrains/kotlin/fir/expressions/builder/FirSpreadArgumentExpressionBuilder
instanceKlass org/jetbrains/kotlin/fir/lightTree/fir/WhenEntry
instanceKlass org/jetbrains/kotlin/fir/expressions/builder/FirEmptyExpressionBlockBuilderKt
instanceKlass org/jetbrains/kotlin/fir/references/builder/FirResolvedNamedReferenceBuilder
instanceKlass org/jetbrains/kotlin/fir/expressions/builder/FirComponentCallBuilder
instanceKlass org/jetbrains/kotlin/fir/builder/DestructuringKt
instanceKlass org/jetbrains/kotlin/fir/lightTree/fir/DestructuringDeclarationKt
instanceKlass org/jetbrains/kotlin/fir/expressions/builder/FirErrorExpressionBuilder
instanceKlass org/jetbrains/kotlin/fir/diagnostics/ConeSyntaxDiagnostic
instanceKlass org/jetbrains/kotlin/fir/lightTree/fir/DestructuringDeclaration
instanceKlass org/jetbrains/kotlin/fir/lightTree/fir/DestructuringEntry$Companion
instanceKlass org/jetbrains/kotlin/fir/builder/DestructuringContext
instanceKlass org/jetbrains/kotlin/fir/lightTree/fir/DestructuringEntry
instanceKlass org/jetbrains/kotlin/fir/expressions/builder/FirVariableAssignmentBuilder
instanceKlass org/jetbrains/kotlin/fir/declarations/builder/FirDefaultSetterValueParameterBuilder
instanceKlass org/jetbrains/kotlin/fir/expressions/FirExpressionUtilKt
instanceKlass org/jetbrains/kotlin/fir/diagnostics/ConeSimpleDiagnostic
instanceKlass org/jetbrains/kotlin/utils/NumberWithRadix
instanceKlass org/jetbrains/kotlin/utils/NumbersKt
instanceKlass org/jetbrains/kotlin/com/intellij/openapi/util/text/CharFilter
instanceKlass org/jetbrains/kotlin/com/intellij/util/text/LiteralFormatUtil
instanceKlass org/jetbrains/kotlin/fir/expressions/builder/FirElseIfTrueConditionBuilder
instanceKlass org/jetbrains/kotlin/parsing/ParseUtilsKt
instanceKlass org/jetbrains/kotlin/fir/expressions/builder/FirUnitExpressionBuilder
instanceKlass org/jetbrains/kotlin/fir/references/builder/FirExplicitThisReferenceBuilder
instanceKlass org/jetbrains/kotlin/fir/expressions/builder/FirThisReceiverExpressionBuilder
instanceKlass org/jetbrains/kotlin/fir/expressions/builder/FirAnonymousObjectExpressionBuilder
instanceKlass org/jetbrains/kotlin/fir/expressions/builder/FirElvisExpressionBuilder
instanceKlass org/jetbrains/kotlin/fir/expressions/builder/FirTypeOperatorCallBuilder
instanceKlass org/jetbrains/kotlin/fir/expressions/builder/FirThrowExpressionBuilder
instanceKlass org/jetbrains/kotlin/fir/expressions/builder/FirBinaryLogicExpressionBuilder
instanceKlass org/jetbrains/kotlin/fir/declarations/utils/DeclarationAttributesKt
instanceKlass org/jetbrains/kotlin/fir/references/builder/FirPropertyFromParameterResolvedNamedReferenceBuilder
instanceKlass org/jetbrains/kotlin/fir/lightTree/converter/LightTreeRawFirDeclarationBuilder$DelegationSpecifiers
instanceKlass org/jetbrains/kotlin/fir/expressions/builder/FirRegularWhenBranchBuilder
instanceKlass org/jetbrains/kotlin/fir/expressions/builder/FirAbstractWhenBranchBuilder
instanceKlass org/jetbrains/kotlin/fir/expressions/builder/FirSafeCallExpressionBuilder
instanceKlass org/jetbrains/kotlin/fir/FirExpressionRef
instanceKlass org/jetbrains/kotlin/fir/expressions/builder/FirCheckedSafeCallSubjectBuilder
instanceKlass org/jetbrains/kotlin/fir/lightTree/converter/LightTreeRawFirExpressionBuilder$IfNodeComponents
instanceKlass org/jetbrains/kotlin/fir/expressions/builder/FirEqualityOperatorCallBuilder
instanceKlass org/jetbrains/kotlin/fir/expressions/FirOperation$Companion
instanceKlass org/jetbrains/kotlin/com/google/common/math/IntMath$1
instanceKlass org/jetbrains/kotlin/com/google/common/math/MathPreconditions
instanceKlass org/jetbrains/kotlin/com/google/common/math/IntMath
instanceKlass org/jetbrains/kotlin/com/google/common/collect/ImmutableSet$SetBuilderImpl
instanceKlass org/jetbrains/kotlin/types/expressions/OperatorConventions
instanceKlass org/jetbrains/kotlin/fir/expressions/builder/FirWhenExpressionBuilder
instanceKlass org/jetbrains/kotlin/fir/declarations/DelegateFieldsMapKt
instanceKlass org/jetbrains/kotlin/fir/expressions/FirArgumentUtilKt
instanceKlass org/jetbrains/kotlin/fir/expressions/builder/FirGetClassCallBuilder
instanceKlass org/jetbrains/kotlin/fir/declarations/builder/FirAnonymousInitializerBuilder
instanceKlass org/jetbrains/kotlin/fir/builder/AbstractRawFirBuilderKt
instanceKlass org/jetbrains/kotlin/fir/declarations/builder/FirAnonymousObjectBuilder
instanceKlass org/jetbrains/kotlin/fir/declarations/impl/FirDefaultPropertyAccessor$Companion
instanceKlass org/jetbrains/kotlin/fir/declarations/builder/FirPropertyBuilder
instanceKlass org/jetbrains/kotlin/fir/declarations/builder/FirVariableBuilder
instanceKlass org/jetbrains/kotlin/fir/expressions/builder/FirAnonymousFunctionExpressionBuilder
instanceKlass org/jetbrains/kotlin/fir/builder/FirLabelBuilder
instanceKlass org/jetbrains/kotlin/fir/declarations/builder/FirAnonymousFunctionBuilder
instanceKlass org/jetbrains/kotlin/fir/expressions/builder/FirFunctionCallBuilder
instanceKlass org/jetbrains/kotlin/fir/builder/CalleeAndReceiver
instanceKlass org/jetbrains/kotlin/fir/declarations/utils/FirDeclarationBuildingUtilsKt
instanceKlass org/jetbrains/kotlin/fir/lightTree/fir/PrimaryConstructor
instanceKlass org/jetbrains/kotlin/fir/declarations/FirDeclarationDataRegistry$DeclarationDataAccessor
instanceKlass org/jetbrains/kotlin/fir/declarations/FirDeclarationDataKey
instanceKlass org/jetbrains/kotlin/fir/ClassMembersKt
instanceKlass org/jetbrains/kotlin/fir/declarations/builder/FirValueParameterBuilder
instanceKlass org/jetbrains/kotlin/fir/declarations/builder/FirPrimaryConstructorBuilder
instanceKlass org/jetbrains/kotlin/fir/declarations/builder/FirAbstractConstructorBuilder
instanceKlass org/jetbrains/kotlin/fir/references/builder/FirExplicitSuperReferenceBuilder
instanceKlass org/jetbrains/kotlin/fir/expressions/builder/FirDelegatedConstructorCallBuilder
instanceKlass org/jetbrains/kotlin/fir/lightTree/fir/ValueParameter
instanceKlass org/jetbrains/kotlin/fir/types/builder/FirTypeProjectionWithVarianceBuilder
instanceKlass org/jetbrains/kotlin/fir/types/builder/FirStarProjectionBuilder
instanceKlass org/jetbrains/kotlin/mpp/ValueParameterSymbolMarker
instanceKlass org/jetbrains/kotlin/fir/lightTree/fir/ClassWrapper
instanceKlass org/jetbrains/kotlin/fir/expressions/builder/FirAnnotationCallBuilder
instanceKlass org/jetbrains/kotlin/fir/expressions/builder/FirConstExpressionBuilderKt
instanceKlass org/jetbrains/kotlin/types/ConstantValueKind
instanceKlass org/jetbrains/kotlin/fir/expressions/builder/FirArgumentListBuilder
instanceKlass org/jetbrains/kotlin/fir/expressions/builder/FirStringConcatenationCallBuilder
instanceKlass org/jetbrains/kotlin/parsing/KotlinParsing$PropertyComponentKind$Collector
instanceKlass org/jetbrains/kotlin/parsing/BindAll
instanceKlass org/jetbrains/kotlin/parsing/AllCommentsBinder
instanceKlass org/jetbrains/kotlin/parsing/KotlinWhitespaceAndCommentsBindersKt
instanceKlass org/jetbrains/kotlin/parsing/AbstractKotlinParsing$OptionalMarker
instanceKlass org/jetbrains/kotlin/parsing/PrecedingDocCommentsBinder
instanceKlass java/util/function/IntUnaryOperator
instanceKlass org/jetbrains/kotlin/fir/resolve/providers/impl/FirProviderImplKt$sam$java_util_function_BiFunction$0
instanceKlass org/jetbrains/kotlin/fir/resolve/providers/impl/FirProviderImpl$FirRecorder$registerCallable$1
instanceKlass org/jetbrains/kotlin/fir/FirNameConflictsTrackerComponentKt
instanceKlass org/jetbrains/kotlin/fir/resolve/providers/impl/FirProviderImpl$FirRecorderData
instanceKlass org/jetbrains/kotlin/fir/declarations/builder/FirFileBuilder
instanceKlass org/jetbrains/kotlin/fir/diagnostics/ConeContractShouldBeFirstStatement
instanceKlass org/jetbrains/kotlin/fir/diagnostics/ConeDiagnostic
instanceKlass org/jetbrains/kotlin/utils/addToStdlib/AddToStdlibKt
instanceKlass kotlin/collections/ReversedListReadOnly$listIterator$1
instanceKlass org/jetbrains/kotlin/util/LightTreeUtilsKt
instanceKlass org/jetbrains/kotlin/fir/expressions/builder/FirBlockBuilder
instanceKlass org/jetbrains/kotlin/fir/expressions/builder/FirReturnExpressionBuilder
instanceKlass org/jetbrains/kotlin/fir/UtilsKt
instanceKlass org/jetbrains/kotlin/fir/references/builder/FirSimpleNamedReferenceBuilder
instanceKlass org/jetbrains/kotlin/fir/expressions/builder/FirPropertyAccessExpressionBuilder
instanceKlass org/jetbrains/kotlin/fir/expressions/builder/FirExpressionBuilder
instanceKlass org/jetbrains/kotlin/fir/builder/Context$StatusFirTypeParameterSymbolList
instanceKlass org/jetbrains/kotlin/KtSourceElementKt
instanceKlass org/jetbrains/kotlin/fir/declarations/builder/FirReceiverParameterBuilder
instanceKlass org/jetbrains/kotlin/fir/builder/ConversionUtilsKt
instanceKlass org/jetbrains/kotlin/fir/FirAbstractTarget
instanceKlass org/jetbrains/kotlin/fir/FirTarget
instanceKlass org/jetbrains/kotlin/fir/lightTree/fir/modifier/ModifierFlag$Companion
instanceKlass org/jetbrains/kotlin/fir/lightTree/fir/modifier/Modifier
instanceKlass org/jetbrains/kotlin/fir/types/builder/FirUserTypeRefBuilder
instanceKlass org/jetbrains/kotlin/fir/types/impl/FirQualifierPartImpl
instanceKlass org/jetbrains/kotlin/fir/types/FirQualifierPart
instanceKlass org/jetbrains/kotlin/fir/types/impl/FirTypeArgumentListImpl
instanceKlass org/jetbrains/kotlin/fir/types/FirTypeArgumentList
instanceKlass org/jetbrains/kotlin/ElementTypeUtils
instanceKlass org/jetbrains/kotlin/psi/KtPsiUtil
instanceKlass kotlin/properties/NotNullVar
instanceKlass kotlin/properties/ReadWriteProperty
instanceKlass kotlin/properties/Delegates
instanceKlass kotlin/reflect/KMutableProperty$Setter
instanceKlass org/jetbrains/kotlin/fir/declarations/builder/FirImportBuilder
instanceKlass org/jetbrains/kotlin/fir/builder/FirPackageDirectiveBuilder
instanceKlass org/jetbrains/kotlin/fir/lightTree/converter/ConverterUtilKt
instanceKlass org/jetbrains/kotlin/fir/expressions/builder/FirAbstractFunctionCallBuilder
instanceKlass org/jetbrains/kotlin/fir/expressions/builder/FirQualifiedAccessExpressionBuilder
instanceKlass org/jetbrains/kotlin/fir/expressions/builder/FirCallBuilder
instanceKlass org/jetbrains/kotlin/fir/builder/Context
instanceKlass org/jetbrains/kotlin/fir/builder/AbstractRawFirBuilder
instanceKlass org/jetbrains/kotlin/com/intellij/psi/tree/ILightLazyParseableElementType
instanceKlass org/jetbrains/kotlin/com/intellij/openapi/util/Ref
instanceKlass org/jetbrains/kotlin/com/intellij/lang/impl/PsiBuilderImpl$MyTreeStructure$2
instanceKlass org/jetbrains/kotlin/com/intellij/lang/impl/PsiBuilderImpl$MyTreeStructure$1
instanceKlass org/jetbrains/kotlin/com/intellij/util/containers/LimitedPool
instanceKlass org/jetbrains/kotlin/com/intellij/lang/LighterASTTokenNode
instanceKlass org/jetbrains/kotlin/com/intellij/lang/LighterLazyParseableNode
instanceKlass org/jetbrains/kotlin/com/intellij/lang/impl/PsiBuilderImpl$Token
instanceKlass org/jetbrains/kotlin/com/intellij/util/containers/LimitedPool$ObjectFactory
instanceKlass org/jetbrains/kotlin/com/intellij/lang/impl/PsiBuilderImpl$MyTreeStructure
instanceKlass org/jetbrains/kotlin/com/intellij/util/text/CharSequenceSubSequence
instanceKlass org/jetbrains/kotlin/com/intellij/lang/WhitespacesAndCommentsBinder$RecursiveBinder
instanceKlass org/jetbrains/kotlin/com/intellij/lang/impl/PsiBuilderImpl$RelativeTokenTextView
instanceKlass org/jetbrains/kotlin/parsing/PrecedingCommentsBinder
instanceKlass org/jetbrains/kotlin/parsing/KotlinParsing$ModifierDetector
instanceKlass org/jetbrains/kotlin/com/intellij/lang/WhitespacesBinders$2
instanceKlass org/jetbrains/kotlin/com/intellij/lang/WhitespacesBinders$1
instanceKlass org/jetbrains/kotlin/com/intellij/lang/WhitespacesBinders
instanceKlass org/jetbrains/kotlin/parsing/TrailingCommentsBinder
instanceKlass org/jetbrains/kotlin/it/unimi/dsi/fastutil/Arrays
instanceKlass org/jetbrains/kotlin/com/google/common/collect/Hashing
instanceKlass org/jetbrains/kotlin/com/google/common/collect/ImmutableCollection$Builder
instanceKlass org/jetbrains/kotlin/com/google/common/collect/ImmutableMap$Builder
instanceKlass org/jetbrains/kotlin/parsing/AbstractTokenStreamPredicate
instanceKlass org/jetbrains/kotlin/parsing/AbstractTokenStreamPattern
instanceKlass org/jetbrains/kotlin/parsing/TokenStreamPattern
instanceKlass org/jetbrains/kotlin/parsing/Consumer
instanceKlass org/jetbrains/kotlin/parsing/TokenStreamPredicate
instanceKlass org/jetbrains/kotlin/com/intellij/lang/WhitespacesAndCommentsBinder
instanceKlass org/jetbrains/kotlin/parsing/AbstractKotlinParsing
instanceKlass org/jetbrains/kotlin/com/intellij/lang/impl/PsiBuilderAdapter
instanceKlass org/jetbrains/kotlin/parsing/SemanticWhitespaceAwarePsiBuilder
instanceKlass org/jetbrains/kotlin/parsing/KotlinLightParser
instanceKlass org/jetbrains/kotlin/lexer/_JetLexer$State
instanceKlass org/jetbrains/kotlin/com/intellij/lang/impl/TokenSequence$Builder
instanceKlass org/jetbrains/kotlin/com/intellij/lang/impl/TokenSequence
instanceKlass org/jetbrains/kotlin/com/intellij/lexer/TokenList
instanceKlass java/util/BitSet
instanceKlass org/jetbrains/kotlin/it/unimi/dsi/fastutil/ints/IntArrays$ArrayHashStrategy
instanceKlass org/jetbrains/kotlin/it/unimi/dsi/fastutil/ints/IntArrays$Segment
instanceKlass org/jetbrains/kotlin/it/unimi/dsi/fastutil/ints/IntArrays
instanceKlass org/jetbrains/kotlin/it/unimi/dsi/fastutil/ints/IntListIterator
instanceKlass org/jetbrains/kotlin/it/unimi/dsi/fastutil/ints/IntBidirectionalIterator
instanceKlass org/jetbrains/kotlin/it/unimi/dsi/fastutil/ints/IntSpliterator
instanceKlass org/jetbrains/kotlin/it/unimi/dsi/fastutil/ints/IntIterator
instanceKlass java/util/PrimitiveIterator$OfInt
instanceKlass java/util/PrimitiveIterator
instanceKlass java/util/function/IntConsumer
instanceKlass org/jetbrains/kotlin/it/unimi/dsi/fastutil/ints/IntStack
instanceKlass org/jetbrains/kotlin/it/unimi/dsi/fastutil/objects/ObjectArrays$ArrayHashStrategy
instanceKlass org/jetbrains/kotlin/it/unimi/dsi/fastutil/objects/ObjectArrays
instanceKlass org/jetbrains/kotlin/it/unimi/dsi/fastutil/objects/ObjectListIterator
instanceKlass org/jetbrains/kotlin/it/unimi/dsi/fastutil/objects/ObjectBidirectionalIterator
instanceKlass org/jetbrains/kotlin/it/unimi/dsi/fastutil/BidirectionalIterator
instanceKlass org/jetbrains/kotlin/it/unimi/dsi/fastutil/objects/ObjectList
instanceKlass org/jetbrains/kotlin/it/unimi/dsi/fastutil/Stack
instanceKlass org/jetbrains/kotlin/com/intellij/lang/WhitespacesAndCommentsBinder$TokenTextGetter
instanceKlass org/jetbrains/kotlin/com/intellij/lang/PsiBuilder$Marker
instanceKlass org/jetbrains/kotlin/com/intellij/lang/SyntaxTreeBuilder$Marker
instanceKlass org/jetbrains/kotlin/com/intellij/lang/impl/PsiBuilderImpl$ProductionMarker
instanceKlass org/jetbrains/kotlin/com/intellij/lang/impl/PsiBuilderImpl$Node
instanceKlass org/jetbrains/kotlin/com/intellij/lang/LighterASTNode
instanceKlass org/jetbrains/kotlin/com/intellij/util/diff/ShallowNodeComparator
instanceKlass org/jetbrains/kotlin/com/intellij/util/diff/DiffTreeChangeBuilder
instanceKlass org/jetbrains/kotlin/com/intellij/openapi/util/UnprotectedUserDataHolder
instanceKlass org/jetbrains/kotlin/lexer/_JetLexer
instanceKlass org/jetbrains/kotlin/com/intellij/lexer/FlexLexer
instanceKlass org/jetbrains/kotlin/com/intellij/lexer/LexerPosition
instanceKlass org/jetbrains/kotlin/fir/lightTree/LightTreeParsingErrorListener
instanceKlass org/jetbrains/kotlin/fir/lightTree/LightTreeParsingErrorListenerKt$toKotlinParsingErrorListener$diagnosticContext$1
instanceKlass org/jetbrains/kotlin/diagnostics/DiagnosticContext
instanceKlass org/jetbrains/kotlin/fir/lightTree/LightTreeParsingErrorListenerKt
instanceKlass org/jetbrains/kotlin/KtSourceFileLinesMappingFromLineStartOffsets
instanceKlass org/jetbrains/kotlin/KtSourceFileLinesMapping
instanceKlass org/jetbrains/kotlin/KtSourceFileLinesMappingKt
instanceKlass java/nio/DirectByteBuffer$Deallocator
instanceKlass sun/nio/ch/Util$BufferCache
instanceKlass org/jetbrains/kotlin/com/intellij/openapi/vfs/CharsetToolkit
instanceKlass java/nio/channels/Channels
instanceKlass sun/nio/ch/FileChannelImpl$Closer
instanceKlass org/jetbrains/kotlin/fir/lightTree/LightTree2Fir$Companion
instanceKlass org/jetbrains/kotlin/fir/lightTree/LightTree2Fir
instanceKlass org/jetbrains/kotlin/fir/session/SourcesToPathsMapperKt
instanceKlass org/jetbrains/kotlin/fir/pipeline/FirUtilsKt
instanceKlass org/jetbrains/kotlin/cli/common/SessionWithSources
instanceKlass org/jetbrains/kotlin/fir/java/FirJavaElementFinder$fileCache$1
instanceKlass org/jetbrains/kotlin/fir/java/FirJavaElementFinderKt
instanceKlass org/jetbrains/kotlin/fir/resolve/providers/FirProviderKt
instanceKlass java/util/function/BiPredicate
instanceKlass org/jetbrains/kotlin/com/intellij/util/containers/ImmutableList$Itr
instanceKlass org/jetbrains/kotlin/com/intellij/diagnostic/Activity
instanceKlass org/jetbrains/kotlin/com/intellij/diagnostic/StartUpMeasurer
instanceKlass org/jetbrains/kotlin/com/intellij/openapi/vfs/VirtualFileWithId
instanceKlass org/jetbrains/kotlin/it/unimi/dsi/fastutil/ints/IntList
instanceKlass org/jetbrains/kotlin/com/intellij/openapi/vfs/VirtualFileSetEx
instanceKlass org/jetbrains/kotlin/KtPsiSourceFile
instanceKlass org/jetbrains/kotlin/fir/java/JavaSymbolProvider$ClassCacheContext
instanceKlass org/jetbrains/kotlin/fir/extensions/FirDeclarationGenerationExtensionKt
instanceKlass org/jetbrains/kotlin/fir/extensions/FirExtensionDeclarationsSymbolProvider$Companion
instanceKlass org/jetbrains/kotlin/fir/extensions/FirSwitchableExtensionDeclarationsSymbolProvider$Companion
instanceKlass kotlin/comparisons/ComparisonsKt__ComparisonsKt
instanceKlass org/jetbrains/kotlin/fir/session/FirAbstractSessionFactory$computeDependencyProviderList$$inlined$sortedBy$1
instanceKlass org/jetbrains/kotlin/fir/resolve/providers/FirSymbolProviderKt
instanceKlass org/jetbrains/kotlin/fir/analysis/extensions/FirAdditionalCheckersExtensionKt
instanceKlass org/jetbrains/kotlin/fir/analysis/checkers/config/FirLanguageVersionSettingsChecker
instanceKlass org/jetbrains/kotlin/utils/CollectionsKt
instanceKlass org/jetbrains/kotlin/builtins/StandardNames$FqNames
instanceKlass org/jetbrains/kotlin/fir/analysis/checkers/expression/AbstractFirReflectionApiCallChecker$Companion
instanceKlass org/jetbrains/kotlin/load/kotlin/SignatureBuildingComponents
instanceKlass org/jetbrains/kotlin/load/java/SpecialGenericSignatures$Companion$NameAndSignature
instanceKlass org/jetbrains/kotlin/builtins/PrimitiveType$Companion
instanceKlass org/jetbrains/kotlin/load/java/SpecialGenericSignatures$Companion
instanceKlass org/jetbrains/kotlin/load/java/SpecialGenericSignatures
instanceKlass org/jetbrains/kotlin/fir/expressions/FirCall
instanceKlass org/jetbrains/kotlin/fir/analysis/checkers/type/FirTypeChecker
instanceKlass org/jetbrains/kotlin/fir/diagnostics/FirDiagnosticHolder
instanceKlass org/jetbrains/kotlin/KtSourceElementKind
instanceKlass org/jetbrains/kotlin/mpp/PropertySymbolMarker
instanceKlass org/jetbrains/kotlin/fir/analysis/checkers/expression/FirExpressionChecker
instanceKlass org/jetbrains/kotlin/fir/analysis/cfa/AbstractFirPropertyInitializationChecker
instanceKlass org/jetbrains/kotlin/fir/analysis/checkers/cfa/FirControlFlowChecker
instanceKlass org/jetbrains/kotlin/fir/analysis/checkers/expression/FirMissingDependencyClassProxy
instanceKlass org/jetbrains/kotlin/fir/analysis/checkers/declaration/FirValueClassDeclarationChecker$Companion
instanceKlass org/jetbrains/kotlin/fir/expressions/FirResolvable
instanceKlass org/jetbrains/kotlin/fir/expressions/FirContextReceiverArgumentListOwner
instanceKlass org/jetbrains/kotlin/AbstractKtSourceElement
instanceKlass org/jetbrains/kotlin/fir/analysis/checkers/syntax/FirSyntaxChecker
instanceKlass org/jetbrains/kotlin/mpp/ConstructorSymbolMarker
instanceKlass org/jetbrains/kotlin/fir/analysis/checkers/declaration/FirDeclarationChecker
instanceKlass org/jetbrains/kotlin/fir/analysis/CheckersComponentKt
instanceKlass org/jetbrains/kotlin/fir/checkers/CheckersContainersKt
instanceKlass org/jetbrains/kotlin/fir/resolve/providers/impl/FirProviderImpl$State
instanceKlass org/jetbrains/kotlin/fir/java/FirJvmTargetProvider
instanceKlass org/jetbrains/kotlin/fir/resolve/transformers/mpp/FirExpectActualMatchingContextImpl$Factory
instanceKlass org/jetbrains/kotlin/fir/FirExpectActualMatchingContextFactory
instanceKlass org/jetbrains/kotlin/fir/session/SourcesToPathsMapper
instanceKlass org/jetbrains/kotlin/fir/FirModuleDataKt
instanceKlass org/jetbrains/kotlin/fir/FirModuleVisibilityChecker
instanceKlass org/jetbrains/kotlin/fir/FirNameConflictsTrackerComponent
instanceKlass org/jetbrains/kotlin/fir/analysis/checkers/LanguageVersionSettingsCheckers$Companion
instanceKlass org/jetbrains/kotlin/fir/analysis/checkers/LanguageVersionSettingsCheckers
instanceKlass org/jetbrains/kotlin/fir/analysis/checkers/type/TypeCheckers$Companion
instanceKlass org/jetbrains/kotlin/fir/analysis/checkers/type/TypeCheckers
instanceKlass org/jetbrains/kotlin/fir/analysis/checkers/expression/ExpressionCheckers$Companion
instanceKlass org/jetbrains/kotlin/fir/analysis/checkers/expression/ExpressionCheckers
instanceKlass org/jetbrains/kotlin/fir/analysis/checkers/FirCheckerWithMppKind
instanceKlass org/jetbrains/kotlin/fir/analysis/checkers/declaration/DeclarationCheckers$Companion
instanceKlass org/jetbrains/kotlin/fir/analysis/checkers/declaration/DeclarationCheckers
instanceKlass org/jetbrains/kotlin/fir/analysis/CheckersComponent
instanceKlass org/jetbrains/kotlin/fir/resolve/FirTypeResolver
instanceKlass org/jetbrains/kotlin/fir/resolve/FirQualifierResolver
instanceKlass org/jetbrains/kotlin/fir/session/FirJvmIncrementalCompilationSymbolProviders
instanceKlass org/jetbrains/kotlin/cli/common/FirSessionConstructionUtilsKt$createSingleSession$session$1
instanceKlass org/jetbrains/kotlin/cli/common/FirSessionConstructionUtilsKt$prepareSessions$sessionConfigurator$1
instanceKlass org/jetbrains/kotlin/fir/resolve/providers/FirProvider
instanceKlass org/jetbrains/kotlin/fir/resolve/providers/FirCompositeCachedSymbolNamesProvider$Companion
instanceKlass org/jetbrains/kotlin/fir/resolve/providers/impl/FirCachingCompositeSymbolProvider$special$$inlined$createCache$5
instanceKlass org/jetbrains/kotlin/fir/resolve/providers/impl/FirCachingCompositeSymbolProvider$special$$inlined$createCache$4
instanceKlass org/jetbrains/kotlin/fir/resolve/providers/impl/FirCachingCompositeSymbolProvider$special$$inlined$createCache$3
instanceKlass org/jetbrains/kotlin/fir/resolve/providers/impl/FirCachingCompositeSymbolProvider$special$$inlined$createCache$2
instanceKlass org/jetbrains/kotlin/fir/resolve/providers/impl/FirCachingCompositeSymbolProvider$special$$inlined$createCache$1
instanceKlass org/jetbrains/kotlin/fir/deserialization/AbstractAnnotationDeserializer
instanceKlass org/jetbrains/kotlin/fir/java/deserialization/OptionalAnnotationClassesProvider$Companion
instanceKlass org/jetbrains/kotlin/fir/declarations/FirResolvedToPhaseState$Companion
instanceKlass org/jetbrains/kotlin/fir/declarations/FirResolveState
instanceKlass org/jetbrains/kotlin/fir/declarations/FirResolveStateKt
instanceKlass org/jetbrains/kotlin/fir/FirTargetElement
instanceKlass org/jetbrains/kotlin/fir/declarations/FirTypeParametersOwner
instanceKlass org/jetbrains/kotlin/fir/declarations/FirContractDescriptionOwner
instanceKlass org/jetbrains/kotlin/name/SpecialNames
instanceKlass org/jetbrains/kotlin/name/CallableId$Companion
instanceKlass org/jetbrains/kotlin/name/CallableId
instanceKlass org/jetbrains/kotlin/name/StandardClassIds$Callables
instanceKlass org/jetbrains/kotlin/descriptors/EffectiveVisibilityKt
instanceKlass org/jetbrains/kotlin/fir/EffectiveVisibilityUtilsKt
instanceKlass org/jetbrains/kotlin/fir/declarations/builder/FirSimpleFunctionBuilder
instanceKlass org/jetbrains/kotlin/fir/declarations/builder/FirTypeParametersOwnerBuilder
instanceKlass org/jetbrains/kotlin/fir/declarations/builder/FirFunctionBuilder
instanceKlass org/jetbrains/kotlin/descriptors/EffectiveVisibility
instanceKlass org/jetbrains/kotlin/descriptors/Modality$Companion
instanceKlass org/jetbrains/kotlin/descriptors/Visibility
instanceKlass org/jetbrains/kotlin/fir/declarations/impl/FirResolvedDeclarationStatusImpl$Companion
instanceKlass org/jetbrains/kotlin/fir/declarations/FirResolvedDeclarationStatus
instanceKlass org/jetbrains/kotlin/fir/declarations/FirDeclarationStatus
instanceKlass org/jetbrains/kotlin/fir/declarations/DeprecationsProvider
instanceKlass org/jetbrains/kotlin/fir/declarations/FirResolvePhase$Companion
instanceKlass org/jetbrains/kotlin/fir/declarations/builder/FirRegularClassBuilder
instanceKlass org/jetbrains/kotlin/fir/declarations/builder/FirTypeParameterRefsOwnerBuilder
instanceKlass org/jetbrains/kotlin/fir/declarations/builder/FirClassBuilder
instanceKlass org/jetbrains/kotlin/fir/declarations/builder/FirDeclarationBuilder
instanceKlass org/jetbrains/kotlin/fir/resolve/providers/impl/FirBuiltinSyntheticFunctionInterfaceProvider$Companion
instanceKlass kotlin/UnsafeLazyImpl
instanceKlass org/jetbrains/kotlin/fir/caches/FirLazyValue
instanceKlass org/jetbrains/kotlin/fir/resolve/providers/impl/FirBuiltinSymbolProvider$BuiltInsPackageFragmentWrapper$special$$inlined$createCache$1
instanceKlass org/jetbrains/kotlin/fir/deserialization/FirMemberDeserializer
instanceKlass org/jetbrains/kotlin/fir/resolve/providers/impl/FirBuiltinSymbolProvider$BuiltInsPackageFragmentWrapper
instanceKlass java/util/LinkedList$ListItr
instanceKlass kotlin/Triple
instanceKlass java/util/LinkedList$Node
instanceKlass org/jetbrains/kotlin/metadata/deserialization/NameResolverImpl$WhenMappings
instanceKlass org/jetbrains/kotlin/serialization/deserialization/NameResolverUtilKt
instanceKlass org/jetbrains/kotlin/serialization/deserialization/ProtoBasedClassDataFinder
instanceKlass org/jetbrains/kotlin/serialization/deserialization/ClassDataFinder
instanceKlass org/jetbrains/kotlin/metadata/ProtoBuf$Type$Argument$Projection$1
instanceKlass org/jetbrains/kotlin/metadata/ProtoBuf$Type$ArgumentOrBuilder
instanceKlass org/jetbrains/kotlin/metadata/ProtoBuf$PackageFragmentOrBuilder
instanceKlass kotlin/collections/IntIterator
instanceKlass org/jetbrains/kotlin/metadata/builtins/BuiltInsBinaryVersion$Companion
instanceKlass org/jetbrains/kotlin/fir/resolve/providers/impl/BinaryVersionAndPackageFragment$Companion
instanceKlass org/jetbrains/kotlin/fir/resolve/providers/impl/BinaryVersionAndPackageFragment
instanceKlass org/jetbrains/kotlin/fir/resolve/providers/impl/FirBuiltinSymbolProvider$BuiltInsPackageFragment
instanceKlass org/jetbrains/kotlin/fir/resolve/providers/impl/FirBuiltinSymbolProvider$Companion
instanceKlass org/jetbrains/kotlin/fir/java/deserialization/AnnotationsLoader
instanceKlass org/jetbrains/kotlin/fir/deserialization/AbstractFirDeserializedSymbolProvider$special$$inlined$createCache$4
instanceKlass org/jetbrains/kotlin/fir/deserialization/AbstractFirDeserializedSymbolProvider$special$$inlined$createCache$3
instanceKlass org/jetbrains/kotlin/mpp/RegularClassSymbolMarker
instanceKlass org/jetbrains/kotlin/mpp/TypeAliasSymbolMarker
instanceKlass org/jetbrains/kotlin/fir/deserialization/FirDeserializationContext
instanceKlass org/jetbrains/kotlin/fir/deserialization/AbstractFirDeserializedSymbolProvider$special$$inlined$createCache$2
instanceKlass org/jetbrains/kotlin/fir/deserialization/AbstractFirDeserializedSymbolProvider$special$$inlined$createCache$1
instanceKlass org/jetbrains/kotlin/fir/resolve/providers/FirCachedSymbolNamesProvider$special$$inlined$createCache$2
instanceKlass org/jetbrains/kotlin/fir/resolve/providers/FirCachedSymbolNamesProvider$special$$inlined$createCache$1
instanceKlass org/jetbrains/kotlin/fir/resolve/providers/FirSymbolNamesProvider
instanceKlass org/jetbrains/kotlin/serialization/SerializerExtensionProtocol
instanceKlass org/jetbrains/kotlin/fir/declarations/FirDeclarationOrigin
instanceKlass org/jetbrains/kotlin/fir/extensions/FirStatusTransformerExtensionKt
instanceKlass org/jetbrains/kotlin/fir/java/FirJavaFacade$special$$inlined$createCache$2
instanceKlass org/jetbrains/kotlin/fir/java/FirJavaFacade$special$$inlined$createCache$1
instanceKlass org/jetbrains/kotlin/resolve/jvm/TopPackageNamesProvider
instanceKlass org/jetbrains/kotlin/load/java/AbstractJavaClassFinder
instanceKlass org/jetbrains/kotlin/load/java/JavaClassFinder
instanceKlass org/jetbrains/kotlin/load/java/JavaClassFinderImplKt
instanceKlass org/jetbrains/kotlin/fir/java/FirJavaFacade$Companion
instanceKlass org/jetbrains/kotlin/fir/java/FirJavaFacade
instanceKlass org/jetbrains/kotlin/load/kotlin/VirtualFileFinder$SERVICE
instanceKlass org/jetbrains/kotlin/load/kotlin/VirtualFileFinderFactory$SERVICE
instanceKlass org/jetbrains/kotlin/builtins/functions/FunctionTypeKindKt
instanceKlass org/jetbrains/kotlin/fir/types/FirFunctionTypeKindServiceKt
instanceKlass org/jetbrains/kotlin/fir/resolve/providers/impl/FirExtensionSyntheticFunctionInterfaceProvider$Companion
instanceKlass org/jetbrains/kotlin/fir/resolve/providers/impl/FirSyntheticFunctionInterfaceProviderBase$Companion
instanceKlass org/jetbrains/kotlin/fir/serialization/FirProvidedDeclarationsForMetadataService$Companion
instanceKlass org/jetbrains/kotlin/fir/serialization/FirProvidedDeclarationsForMetadataService
instanceKlass org/jetbrains/kotlin/builtins/functions/FunctionTypeKindExtractor$Companion
instanceKlass org/jetbrains/kotlin/builtins/functions/FunctionTypeKindExtractor
instanceKlass kotlin/collections/builders/ListBuilder$Itr
instanceKlass kotlin/jvm/internal/markers/KMutableListIterator
instanceKlass org/jetbrains/kotlin/fir/extensions/FirFunctionTypeKindExtensionKt
instanceKlass org/jetbrains/kotlin/fir/types/FirFunctionTypeKindServiceImpl$extractor$1$kinds$1$registrar$1
instanceKlass org/jetbrains/kotlin/fir/extensions/FirFunctionTypeKindExtension$FunctionTypeKindRegistrar
instanceKlass org/jetbrains/kotlin/builtins/StandardNames
instanceKlass org/jetbrains/kotlin/builtins/functions/FunctionTypeKind
instanceKlass kotlin/collections/builders/ListBuilder$Companion
instanceKlass kotlin/jvm/internal/markers/KMutableList
instanceKlass org/jetbrains/kotlin/fir/types/FirFunctionTypeKindService
instanceKlass org/jetbrains/kotlin/fir/extensions/FirDeclarationPredicateRegistrar
instanceKlass org/jetbrains/kotlin/fir/extensions/FirExtensionSessionComponentKt
instanceKlass org/jetbrains/kotlin/fir/extensions/FirExtensionRegistrarKt
instanceKlass org/jetbrains/kotlin/fir/extensions/FirExtensionServiceKt
instanceKlass org/jetbrains/kotlin/fir/extensions/BunchOfRegisteredExtensions$Companion
instanceKlass org/jetbrains/kotlin/fir/extensions/BunchOfRegisteredExtensions
instanceKlass org/jetbrains/kotlin/fir/session/FirSessionConfigurator
instanceKlass org/jetbrains/kotlin/resolve/ImportPath$Companion
instanceKlass org/jetbrains/kotlin/resolve/ImportPath
instanceKlass org/jetbrains/kotlin/fir/resolve/substitution/AbstractConeSubstitutor$Companion
instanceKlass org/jetbrains/kotlin/fir/resolve/substitution/ConeSubstitutor
instanceKlass org/jetbrains/kotlin/types/model/TypeSubstitutorMarker
instanceKlass org/jetbrains/kotlin/fir/analysis/jvm/checkers/FirJavaNullabilityWarningUpperBoundsProvider
instanceKlass org/jetbrains/kotlin/fir/analysis/checkers/FirPlatformUpperBoundsProvider
instanceKlass org/jetbrains/kotlin/fir/scopes/jvm/FirJvmDelegatedMembersFilter$Companion
instanceKlass org/jetbrains/kotlin/fir/analysis/checkers/expression/FirGenericArrayClassLiteralSupport$Enabled
instanceKlass org/jetbrains/kotlin/fir/analysis/checkers/FirInlineCheckerPlatformSpecificComponent
instanceKlass org/jetbrains/kotlin/fir/resolve/calls/FirSyntheticNamesProvider
instanceKlass org/jetbrains/kotlin/resolve/jvm/JvmTypeSpecificityComparator
instanceKlass org/jetbrains/kotlin/fir/declarations/FirTypeSpecificityComparatorProvider
instanceKlass org/jetbrains/kotlin/name/JvmStandardClassIds
instanceKlass org/jetbrains/kotlin/name/JvmStandardClassIds$Annotations
instanceKlass org/jetbrains/kotlin/name/JvmStandardClassIds$Annotations$Java
instanceKlass org/jetbrains/kotlin/fir/resolve/transformers/plugin/CompilerRequiredAnnotationEnhancementProvider
instanceKlass org/jetbrains/kotlin/fir/java/deserialization/FirJvmDeserializationExtension$Companion
instanceKlass org/jetbrains/kotlin/fir/deserialization/FirDeserializationExtension
instanceKlass org/jetbrains/kotlin/fir/scopes/FirOverrideCheckerKt
instanceKlass org/jetbrains/kotlin/fir/java/JavaTypeParameterStack$Companion
instanceKlass org/jetbrains/kotlin/fir/java/JavaTypeParameterStack
instanceKlass org/jetbrains/kotlin/fir/java/scopes/JavaOverridabilityRules
instanceKlass org/jetbrains/kotlin/fir/scopes/PlatformSpecificOverridabilityRules
instanceKlass org/jetbrains/kotlin/name/JvmStandardClassIdsKt
instanceKlass org/jetbrains/kotlin/name/JvmStandardClassIds$Java
instanceKlass org/jetbrains/kotlin/fir/java/JvmSupertypeUpdater$DelegatedConstructorCallTransformer$Companion
instanceKlass org/jetbrains/kotlin/fir/visitors/FirVisitor
instanceKlass org/jetbrains/kotlin/fir/resolve/transformers/PlatformSupertypeUpdater
instanceKlass org/jetbrains/kotlin/fir/java/FirJvmDefaultModeComponent
instanceKlass org/jetbrains/kotlin/fir/java/FirSyntheticPropertiesStorage$special$$inlined$createCache$1
instanceKlass org/jetbrains/kotlin/fir/java/FirSyntheticPropertiesStorage
instanceKlass org/jetbrains/kotlin/load/java/AbstractAnnotationTypeQualifierResolver$Companion
instanceKlass org/jetbrains/kotlin/load/java/AbstractAnnotationTypeQualifierResolver
instanceKlass org/jetbrains/kotlin/fir/modules/FirJavaModuleResolverProvider
instanceKlass org/jetbrains/kotlin/resolve/jvm/modules/JavaModuleResolver$SERVICE
instanceKlass org/jetbrains/kotlin/resolve/checkers/ClassifierUsageCheckerContext
instanceKlass org/jetbrains/kotlin/resolve/calls/context/ResolutionContext
instanceKlass java/lang/annotation/Documented
instanceKlass kotlin/annotation/MustBeDocumented
instanceKlass kotlin/jvm/JvmStatic
instanceKlass org/jetbrains/kotlin/descriptors/ModuleDescriptor
instanceKlass org/jetbrains/kotlin/resolve/BindingTrace
instanceKlass org/jetbrains/kotlin/descriptors/ClassifierDescriptor
instanceKlass org/jetbrains/kotlin/descriptors/SourceElement
instanceKlass org/jetbrains/kotlin/resolve/calls/checkers/CallCheckerContext
instanceKlass org/jetbrains/kotlin/resolve/calls/model/ResolvedCall
instanceKlass org/jetbrains/kotlin/resolve/scopes/receivers/ReceiverValue
instanceKlass org/jetbrains/kotlin/resolve/scopes/receivers/Receiver
instanceKlass org/jetbrains/kotlin/descriptors/annotations/AnnotationDescriptor
instanceKlass org/jetbrains/kotlin/diagnostics/DiagnosticSink
instanceKlass org/jetbrains/kotlin/descriptors/VariableDescriptor
instanceKlass org/jetbrains/kotlin/descriptors/ValueDescriptor
instanceKlass org/jetbrains/kotlin/container/ConstructorInfo
instanceKlass org/jetbrains/kotlin/com/intellij/util/ObjectUtilsRt
instanceKlass org/jetbrains/kotlin/container/DefaultImplementation
instanceKlass jdk/internal/vm/annotation/IntrinsicCandidate
instanceKlass org/jetbrains/kotlin/resolve/checkers/DeclarationCheckerContext
instanceKlass org/jetbrains/kotlin/resolve/checkers/CheckerContext
instanceKlass org/jetbrains/kotlin/container/ClassInfo
instanceKlass org/jetbrains/kotlin/container/ClassTraversalCache
instanceKlass org/jetbrains/kotlin/container/CacheKt
instanceKlass org/jetbrains/kotlin/container/DynamicComponentDescriptor
instanceKlass org/jetbrains/kotlin/container/InstanceComponentDescriptor
instanceKlass org/jetbrains/kotlin/container/ComponentDescriptor
instanceKlass org/jetbrains/kotlin/container/ValueDescriptor
instanceKlass org/jetbrains/kotlin/container/ContainerKt
instanceKlass org/jetbrains/kotlin/resolve/checkers/PlatformDiagnosticSuppressor
instanceKlass org/jetbrains/kotlin/resolve/lazy/AbsentDescriptorHandler
instanceKlass org/jetbrains/kotlin/types/DynamicTypesSettings
instanceKlass org/jetbrains/kotlin/resolve/calls/results/TypeSpecificityComparator$NONE
instanceKlass org/jetbrains/kotlin/resolve/calls/results/TypeSpecificityComparator
instanceKlass org/jetbrains/kotlin/resolve/IdentifierChecker
instanceKlass org/jetbrains/kotlin/container/PlatformSpecificExtension
instanceKlass org/jetbrains/kotlin/container/PlatformExtensionsClashResolver
instanceKlass org/jetbrains/kotlin/resolve/checkers/OptionalExpectationUsageChecker
instanceKlass org/jetbrains/kotlin/resolve/checkers/MissingDependencyClassChecker$ClassifierUsage
instanceKlass org/jetbrains/kotlin/resolve/checkers/ApiVersionClassifierUsageChecker
instanceKlass org/jetbrains/kotlin/resolve/checkers/DeprecatedClassifierUsageChecker
instanceKlass org/jetbrains/kotlin/resolve/checkers/ClassifierUsageChecker
instanceKlass org/jetbrains/kotlin/resolve/calls/checkers/EnumEntriesUnsupportedChecker
instanceKlass org/jetbrains/kotlin/resolve/calls/checkers/CustomEnumEntriesMigrationCallChecker
instanceKlass org/jetbrains/kotlin/resolve/calls/checkers/CompanionIncorrectlyUnboundedWhenUsedAsLHSCallChecker
instanceKlass org/jetbrains/kotlin/resolve/calls/checkers/IncorrectCapturedApproximationCallChecker
instanceKlass org/jetbrains/kotlin/resolve/calls/checkers/BuilderInferenceAssignmentChecker
instanceKlass org/jetbrains/kotlin/resolve/calls/checkers/UnsupportedUntilOperatorChecker
instanceKlass org/jetbrains/kotlin/resolve/calls/checkers/EqualityCallChecker
instanceKlass org/jetbrains/kotlin/resolve/calls/checkers/ResolutionToPrivateConstructorOfSealedClassChecker
instanceKlass org/jetbrains/kotlin/resolve/calls/checkers/CompanionInParenthesesLHSCallChecker
instanceKlass org/jetbrains/kotlin/resolve/calls/checkers/EnumEntryVsCompanionPriorityCallChecker
instanceKlass org/jetbrains/kotlin/utils/StringsKt
instanceKlass org/jetbrains/kotlin/resolve/calls/checkers/NewSchemeOfIntegerOperatorResolutionChecker
instanceKlass org/jetbrains/kotlin/resolve/calls/checkers/SelfCallInNestedObjectConstructorChecker
instanceKlass org/jetbrains/kotlin/resolve/calls/checkers/VarargWrongExecutionOrderChecker
instanceKlass org/jetbrains/kotlin/resolve/calls/checkers/ReferencingToUnderscoreNamedParameterOfCatchBlockChecker
instanceKlass org/jetbrains/kotlin/resolve/checkers/NullableExtensionOperatorWithSafeCallChecker
instanceKlass org/jetbrains/kotlin/resolve/calls/checkers/FunInterfaceConstructorReferenceChecker
instanceKlass org/jetbrains/kotlin/resolve/calls/checkers/UnitConversionCallChecker
instanceKlass org/jetbrains/kotlin/resolve/calls/checkers/SuspendConversionCallChecker
instanceKlass org/jetbrains/kotlin/resolve/calls/checkers/AbstractClassInstantiationChecker
instanceKlass org/jetbrains/kotlin/resolve/checkers/MissingDependencySupertypeChecker$ForCalls
instanceKlass org/jetbrains/kotlin/diagnostics/Diagnostic
instanceKlass org/jetbrains/kotlin/diagnostics/UnboundDiagnostic
instanceKlass org/jetbrains/kotlin/diagnostics/DiagnosticMarker
instanceKlass org/jetbrains/kotlin/resolve/calls/checkers/ReifiedTypeParameterSubstitutionChecker
instanceKlass org/jetbrains/kotlin/resolve/calls/checkers/ContractNotAllowedCallChecker
instanceKlass org/jetbrains/kotlin/resolve/calls/checkers/NamedFunAsExpressionChecker
instanceKlass org/jetbrains/kotlin/resolve/calls/checkers/NullableVarargArgumentCallChecker
instanceKlass org/jetbrains/kotlin/resolve/calls/checkers/ResultTypeWithNullableOperatorsChecker
instanceKlass org/jetbrains/kotlin/resolve/calls/checkers/UselessElvisCallChecker
instanceKlass org/jetbrains/kotlin/resolve/calls/checkers/LambdaWithSuspendModifierCallChecker
instanceKlass org/jetbrains/kotlin/resolve/checkers/PrimitiveNumericComparisonCallChecker
instanceKlass org/jetbrains/kotlin/resolve/calls/checkers/ImplicitNothingAsTypeParameterCallChecker
instanceKlass org/jetbrains/kotlin/resolve/calls/checkers/AssigningNamedArgumentToVarargChecker
instanceKlass org/jetbrains/kotlin/resolve/calls/checkers/UnderscoreUsageChecker
instanceKlass org/jetbrains/kotlin/resolve/calls/checkers/CallableReferenceCompatibilityChecker
instanceKlass org/jetbrains/kotlin/resolve/checkers/MissingDependencyClassChecker
instanceKlass org/jetbrains/kotlin/resolve/calls/checkers/DslScopeViolationCallChecker
instanceKlass org/jetbrains/kotlin/resolve/calls/checkers/BuilderFunctionsCallChecker
instanceKlass org/jetbrains/kotlin/resolve/calls/checkers/CoroutineSuspendCallChecker
instanceKlass org/jetbrains/kotlin/resolve/calls/checkers/ApiVersionCallChecker
instanceKlass org/jetbrains/kotlin/descriptors/ConstructorDescriptor
instanceKlass org/jetbrains/kotlin/descriptors/FunctionDescriptor
instanceKlass org/jetbrains/kotlin/descriptors/CallableMemberDescriptor
instanceKlass org/jetbrains/kotlin/descriptors/MemberDescriptor
instanceKlass org/jetbrains/kotlin/descriptors/CallableDescriptor
instanceKlass org/jetbrains/kotlin/descriptors/Substitutable
instanceKlass org/jetbrains/kotlin/descriptors/DeclarationDescriptorWithVisibility
instanceKlass org/jetbrains/kotlin/descriptors/DeclarationDescriptorNonRoot
instanceKlass org/jetbrains/kotlin/descriptors/DeclarationDescriptorWithSource
instanceKlass org/jetbrains/kotlin/descriptors/DeclarationDescriptor
instanceKlass org/jetbrains/kotlin/descriptors/ValidateableDescriptor
instanceKlass org/jetbrains/kotlin/descriptors/Named
instanceKlass org/jetbrains/kotlin/resolve/calls/checkers/ProtectedConstructorCallChecker
instanceKlass org/jetbrains/kotlin/resolve/calls/checkers/ConstructorHeaderCallChecker
instanceKlass org/jetbrains/kotlin/resolve/calls/checkers/OperatorCallChecker$Companion
instanceKlass org/jetbrains/kotlin/resolve/calls/checkers/OperatorCallChecker
instanceKlass org/jetbrains/kotlin/resolve/calls/checkers/InfixCallChecker
instanceKlass org/jetbrains/kotlin/resolve/calls/checkers/CallReturnsArrayOfNothingChecker
instanceKlass org/jetbrains/kotlin/psi/KtOperationExpression
instanceKlass org/jetbrains/kotlin/BlockExpressionElementType$Companion
instanceKlass org/jetbrains/kotlin/psi/stubs/KotlinScriptStub
instanceKlass org/jetbrains/kotlin/psi/stubs/KotlinPlaceHolderWithTextStub
instanceKlass org/jetbrains/kotlin/com/intellij/psi/LiteralTextEscaper
instanceKlass org/jetbrains/kotlin/com/intellij/psi/ContributedReferenceHost
instanceKlass org/jetbrains/kotlin/psi/stubs/KotlinCollectionLiteralExpressionStub
instanceKlass org/jetbrains/kotlin/psi/stubs/KotlinClassLiteralExpressionStub
instanceKlass org/jetbrains/kotlin/psi/KtDoubleColonExpression
instanceKlass org/jetbrains/kotlin/psi/stubs/KotlinConstantExpressionStub
instanceKlass org/jetbrains/kotlin/psi/stubs/elements/KtConstantExpressionElementType$Companion
instanceKlass org/jetbrains/kotlin/psi/stubs/KotlinContextReceiverStub
instanceKlass org/jetbrains/kotlin/psi/LambdaArgument
instanceKlass org/jetbrains/kotlin/psi/stubs/KotlinContractEffectStub
instanceKlass org/jetbrains/kotlin/psi/ValueArgumentName
instanceKlass org/jetbrains/kotlin/psi/stubs/KotlinValueArgumentStub
instanceKlass org/jetbrains/kotlin/psi/ValueArgument
instanceKlass org/jetbrains/kotlin/psi/stubs/KotlinEnumEntrySuperclassReferenceExpressionStub
instanceKlass org/jetbrains/kotlin/psi/KtQualifiedExpression
instanceKlass org/jetbrains/kotlin/psi/stubs/KotlinNameReferenceExpressionStub
instanceKlass org/jetbrains/kotlin/psi/stubs/KotlinTypeProjectionStub
instanceKlass org/jetbrains/kotlin/psi/KtSimpleNameExpression
instanceKlass org/jetbrains/kotlin/psi/KtReferenceExpression
instanceKlass org/jetbrains/kotlin/psi/stubs/impl/KotlinTypeBean
instanceKlass org/jetbrains/kotlin/psi/stubs/KotlinUserTypeStub
instanceKlass org/jetbrains/kotlin/psi/KtTypeElement
instanceKlass org/jetbrains/kotlin/psi/stubs/KotlinModifierListStub
instanceKlass org/jetbrains/kotlin/psi/stubs/KotlinImportAliasStub
instanceKlass org/jetbrains/kotlin/psi/KtImportInfo$ImportContent
instanceKlass org/jetbrains/kotlin/psi/KtImportInfo
instanceKlass org/jetbrains/kotlin/psi/stubs/KotlinImportDirectiveStub
instanceKlass org/jetbrains/kotlin/psi/stubs/KotlinAnnotationUseSiteTargetStub
instanceKlass org/jetbrains/kotlin/psi/KtCallElement
instanceKlass org/jetbrains/kotlin/psi/stubs/KotlinAnnotationEntryStub
instanceKlass org/jetbrains/kotlin/psi/stubs/KotlinTypeParameterStub
instanceKlass org/jetbrains/kotlin/psi/stubs/KotlinParameterStub
instanceKlass org/jetbrains/kotlin/psi/stubs/KotlinConstructorStub
instanceKlass org/jetbrains/kotlin/psi/KtAnonymousInitializer
instanceKlass org/jetbrains/kotlin/psi/stubs/KotlinPlaceHolderStub
instanceKlass org/jetbrains/kotlin/psi/stubs/KotlinObjectStub
instanceKlass org/jetbrains/kotlin/psi/stubs/KotlinTypeAliasStub
instanceKlass org/jetbrains/kotlin/psi/stubs/KotlinBackingFieldStub
instanceKlass org/jetbrains/kotlin/psi/stubs/KotlinPropertyAccessorStub
instanceKlass org/jetbrains/kotlin/psi/KtVariableDeclaration
instanceKlass org/jetbrains/kotlin/psi/KtValVarKeywordOwner
instanceKlass org/jetbrains/kotlin/psi/stubs/KotlinPropertyStub
instanceKlass org/jetbrains/kotlin/psi/stubs/KotlinFunctionStub
instanceKlass org/jetbrains/kotlin/psi/stubs/KotlinCallableStubBase
instanceKlass org/jetbrains/kotlin/com/intellij/psi/impl/source/SubstrateRef
instanceKlass org/jetbrains/kotlin/psi/stubs/KotlinClassStub
instanceKlass org/jetbrains/kotlin/psi/stubs/KotlinClassOrObjectStub
instanceKlass org/jetbrains/kotlin/psi/stubs/KotlinStubWithFqName
instanceKlass org/jetbrains/kotlin/com/intellij/psi/stubs/NamedStub
instanceKlass org/jetbrains/kotlin/psi/stubs/KotlinClassifierStub
instanceKlass org/jetbrains/kotlin/psi/stubs/elements/KtStubElementTypes
instanceKlass org/jetbrains/kotlin/com/intellij/psi/tree/IReparseableElementTypeBase
instanceKlass org/jetbrains/kotlin/com/intellij/psi/tree/ICompositeElementType
instanceKlass org/jetbrains/kotlin/KtNodeTypes
instanceKlass org/jetbrains/kotlin/com/intellij/psi/tree/IReparseableLeafElementType
instanceKlass org/jetbrains/kotlin/com/intellij/psi/TokenType
instanceKlass org/jetbrains/kotlin/com/intellij/psi/tree/TokenSet
instanceKlass org/jetbrains/kotlin/com/intellij/lang/PsiParser
instanceKlass org/jetbrains/kotlin/kdoc/lexer/KDocTokens
instanceKlass org/jetbrains/kotlin/lexer/KtTokens
instanceKlass org/jetbrains/kotlin/resolve/calls/checkers/DeprecatedCallChecker
instanceKlass org/jetbrains/kotlin/resolve/checkers/TrailingCommaCallChecker
instanceKlass org/jetbrains/kotlin/resolve/calls/checkers/SafeCallChecker
instanceKlass org/jetbrains/kotlin/resolve/calls/checkers/SynchronizedByValueChecker
instanceKlass org/jetbrains/kotlin/resolve/calls/checkers/InlineCheckerWrapper
instanceKlass org/jetbrains/kotlin/resolve/calls/checkers/CapturingInClosureChecker
instanceKlass org/jetbrains/kotlin/resolve/calls/checkers/CallChecker
instanceKlass org/jetbrains/kotlin/resolve/checkers/StubForBuilderInferenceParameterTypeChecker
instanceKlass org/jetbrains/kotlin/resolve/checkers/ActualTypealiasToSpecialAnnotationChecker
instanceKlass org/jetbrains/kotlin/resolve/checkers/VolatileAnnotationChecker
instanceKlass org/jetbrains/kotlin/resolve/checkers/EnumEntriesRedeclarationChecker
instanceKlass org/jetbrains/kotlin/resolve/checkers/DataObjectContentChecker
instanceKlass org/jetbrains/kotlin/resolve/calls/checkers/UnsupportedUntilRangeDeclarationChecker
instanceKlass org/jetbrains/kotlin/resolve/checkers/CyclicAnnotationsChecker
instanceKlass org/jetbrains/kotlin/resolve/checkers/ValueParameterUsageInDefaultArgumentChecker
instanceKlass org/jetbrains/kotlin/resolve/checkers/SubtypingBetweenContextReceiversChecker
instanceKlass org/jetbrains/kotlin/resolve/checkers/ContextualDeclarationChecker
instanceKlass org/jetbrains/kotlin/resolve/checkers/EnumCompanionInEnumConstructorCallChecker
instanceKlass org/jetbrains/kotlin/psi/KtPureClassOrObject
instanceKlass org/jetbrains/kotlin/psi/KtClassLikeDeclaration
instanceKlass org/jetbrains/kotlin/resolve/checkers/SuspendFunctionAsSupertypeChecker
instanceKlass org/jetbrains/kotlin/resolve/checkers/SealedInterfaceAllowedChecker
instanceKlass org/jetbrains/kotlin/resolve/checkers/SealedInheritorInSameModuleChecker
instanceKlass org/jetbrains/kotlin/types/KotlinType
instanceKlass org/jetbrains/kotlin/resolve/checkers/SealedInheritorInSamePackageChecker
instanceKlass org/jetbrains/kotlin/resolve/checkers/PrivateInlineFunctionsReturningAnonymousObjectsChecker
instanceKlass org/jetbrains/kotlin/resolve/checkers/ContractDescriptionBlockChecker
instanceKlass org/jetbrains/kotlin/resolve/checkers/DeprecatedSinceKotlinAnnotationChecker
instanceKlass org/jetbrains/kotlin/resolve/checkers/DeprecationInheritanceChecker
instanceKlass org/jetbrains/kotlin/resolve/checkers/FunInterfaceDeclarationChecker
instanceKlass org/jetbrains/kotlin/resolve/checkers/MissingDependencySupertypeChecker$ForDeclarations
instanceKlass org/jetbrains/kotlin/psi/KtDeclarationWithInitializer
instanceKlass org/jetbrains/kotlin/resolve/checkers/TrailingCommaDeclarationChecker
instanceKlass org/jetbrains/kotlin/resolve/checkers/TailrecFunctionChecker
instanceKlass org/jetbrains/kotlin/resolve/checkers/ExplicitApiDeclarationChecker$Companion
instanceKlass org/jetbrains/kotlin/resolve/checkers/ExplicitApiDeclarationChecker
instanceKlass org/jetbrains/kotlin/resolve/checkers/LocalVariableTypeParametersChecker
instanceKlass org/jetbrains/kotlin/resolve/checkers/ResultClassInReturnTypeChecker
instanceKlass org/jetbrains/kotlin/resolve/checkers/ReservedMembersAndConstructsForValueClass$Companion
instanceKlass org/jetbrains/kotlin/resolve/checkers/ReservedMembersAndConstructsForValueClass
instanceKlass org/jetbrains/kotlin/resolve/checkers/AnnotationClassTargetAndRetentionChecker
instanceKlass org/jetbrains/kotlin/resolve/checkers/InnerClassInsideValueClass
instanceKlass org/jetbrains/kotlin/resolve/checkers/PropertiesWithBackingFieldsInsideValueClass
instanceKlass org/jetbrains/kotlin/resolve/checkers/MultiFieldValueClassAnnotationsChecker
instanceKlass org/jetbrains/kotlin/resolve/checkers/ValueClassDeclarationChecker
instanceKlass org/jetbrains/kotlin/util/OperatorNameConventions
instanceKlass org/jetbrains/kotlin/resolve/checkers/SuspendLimitationsChecker
instanceKlass org/jetbrains/kotlin/resolve/checkers/KClassWithIncorrectTypeArgumentChecker
instanceKlass org/jetbrains/kotlin/resolve/checkers/DelegationChecker
instanceKlass org/jetbrains/kotlin/resolve/checkers/DynamicReceiverChecker
instanceKlass org/jetbrains/kotlin/resolve/checkers/ReifiedTypeParameterAnnotationChecker
instanceKlass org/jetbrains/kotlin/resolve/RequireKotlinConstants
instanceKlass org/jetbrains/kotlin/resolve/AnnotationsKt
instanceKlass org/jetbrains/kotlin/resolve/checkers/KotlinVersionStringAnnotationValueChecker
instanceKlass org/jetbrains/kotlin/resolve/checkers/InfixModifierChecker
instanceKlass org/jetbrains/kotlin/psi/KtAnnotationsContainer
instanceKlass org/jetbrains/kotlin/descriptors/annotations/Annotated
instanceKlass org/jetbrains/kotlin/resolve/checkers/InlineParameterChecker
instanceKlass org/jetbrains/kotlin/resolve/checkers/UnderscoreChecker
instanceKlass org/jetbrains/kotlin/resolve/checkers/ConstModifierChecker
instanceKlass org/jetbrains/kotlin/psi/KtFunction
instanceKlass org/jetbrains/kotlin/psi/KtDeclarationWithBody
instanceKlass org/jetbrains/kotlin/psi/KtCallableDeclaration
instanceKlass org/jetbrains/kotlin/psi/KtTypeParameterListOwner
instanceKlass org/jetbrains/kotlin/psi/KtNamedDeclaration
instanceKlass org/jetbrains/kotlin/psi/KtStatementExpression
instanceKlass org/jetbrains/kotlin/psi/KtNamed
instanceKlass org/jetbrains/kotlin/psi/KtDeclaration
instanceKlass org/jetbrains/kotlin/psi/KtModifierListOwner
instanceKlass org/jetbrains/kotlin/psi/KtExpression
instanceKlass org/jetbrains/kotlin/com/intellij/psi/StubBasedPsiElement
instanceKlass org/jetbrains/kotlin/resolve/checkers/DataClassDeclarationChecker
instanceKlass org/jetbrains/kotlin/resolve/checkers/ExpectActualClassifiersAreInBetaChecker
instanceKlass org/jetbrains/kotlin/resolve/checkers/ActualClassifierMustHasTheSameMembersAsNonFinalExpectClassifierChecker
instanceKlass org/jetbrains/kotlin/resolve/checkers/ExpectActualInTheSameModuleChecker
instanceKlass org/jetbrains/kotlin/resolve/checkers/DeclarationChecker
instanceKlass org/jetbrains/kotlin/resolve/PlatformConfiguratorBaseKt
instanceKlass org/jetbrains/kotlin/container/ComponentRegistry
instanceKlass org/jetbrains/kotlin/com/intellij/util/containers/MultiMap
instanceKlass org/jetbrains/kotlin/container/ComponentStorage
instanceKlass org/jetbrains/kotlin/container/ValueResolver
instanceKlass org/jetbrains/kotlin/container/ComponentResolveContext
instanceKlass org/jetbrains/kotlin/container/ValueResolveContext
instanceKlass org/jetbrains/kotlin/container/DslKt
instanceKlass org/jetbrains/kotlin/container/StorageComponentContainer
instanceKlass org/jetbrains/kotlin/container/ComponentProvider
instanceKlass org/jetbrains/kotlin/container/ComponentContainer
instanceKlass org/jetbrains/kotlin/resolve/PlatformConfiguratorBase
instanceKlass org/jetbrains/kotlin/resolve/PlatformConfigurator
instanceKlass org/jetbrains/kotlin/resolve/DefaultImportProvider$DefaultImportsKey
instanceKlass org/jetbrains/kotlin/resolve/DefaultImportProvider
instanceKlass org/jetbrains/kotlin/fir/scopes/FirDefaultImportProviderHolder
instanceKlass org/jetbrains/kotlin/fir/scopes/impl/FirDelegatedMembersFilter
instanceKlass org/jetbrains/kotlin/fir/analysis/FirOverridesBackwardCompatibilityHelper
instanceKlass org/jetbrains/kotlin/fir/scopes/FirPlatformClassMapper
instanceKlass org/jetbrains/kotlin/fir/resolve/calls/overloads/ConeCallConflictResolverFactory
instanceKlass org/jetbrains/kotlin/fir/FirVisibilityChecker
instanceKlass org/jetbrains/kotlin/fir/session/FirSessionFactoryHelper
instanceKlass org/jetbrains/kotlin/fir/FirPlatformSpecificCastChecker
instanceKlass org/jetbrains/kotlin/fir/types/FirMissingDependencyStorage$cache$1
instanceKlass org/jetbrains/kotlin/fir/types/FirMissingDependencyStorage
instanceKlass org/jetbrains/kotlin/fir/analysis/checkers/expression/FirGenericArrayClassLiteralSupport$Disabled
instanceKlass org/jetbrains/kotlin/fir/analysis/checkers/expression/FirGenericArrayClassLiteralSupport
instanceKlass org/jetbrains/kotlin/fir/analysis/checkers/FirPrimaryConstructorSuperTypeCheckerPlatformComponent
instanceKlass org/jetbrains/kotlin/fir/declarations/FirAnnotationsPlatformSpecificSupportComponent
instanceKlass org/jetbrains/kotlin/fir/resolve/calls/overloads/FirDeclarationOverloadabilityHelperImpl
instanceKlass org/jetbrains/kotlin/fir/declarations/FirDeclarationOverloadabilityHelper
instanceKlass org/jetbrains/kotlin/fir/scopes/impl/FirAbstractOverrideChecker
instanceKlass org/jetbrains/kotlin/fir/scopes/FirOverrideChecker
instanceKlass org/jetbrains/kotlin/fir/scopes/impl/FirEnumEntriesSupport
instanceKlass org/jetbrains/kotlin/fir/types/FirTypeUtilsKt
instanceKlass kotlin/jvm/internal/TypeIntrinsics
instanceKlass org/jetbrains/kotlin/fir/MutableOrEmptyList$Companion
instanceKlass org/jetbrains/kotlin/fir/MutableOrEmptyList
instanceKlass org/jetbrains/kotlin/fir/builder/FirBuilderDslKt
instanceKlass org/jetbrains/kotlin/fir/types/TypeUtilsKt
instanceKlass org/jetbrains/kotlin/fir/types/ConeDynamicType$Companion
instanceKlass org/jetbrains/kotlin/types/model/DynamicTypeMarker
instanceKlass org/jetbrains/kotlin/types/model/FlexibleTypeMarker
instanceKlass org/jetbrains/kotlin/fir/types/builder/FirResolvedTypeRefBuilder
instanceKlass org/jetbrains/kotlin/fir/builder/FirAnnotationContainerBuilder
instanceKlass org/jetbrains/kotlin/fir/scopes/impl/FirDynamicMembersStorage$special$$inlined$createCache$3
instanceKlass org/jetbrains/kotlin/fir/scopes/impl/FirDynamicMembersStorage$special$$inlined$createCache$2
instanceKlass org/jetbrains/kotlin/fir/scopes/impl/FirDynamicMembersStorage$special$$inlined$createCache$1
instanceKlass org/jetbrains/kotlin/fir/scopes/impl/FirDynamicMembersStorage
instanceKlass org/jetbrains/kotlin/fir/scopes/FirOverrideService
instanceKlass org/jetbrains/kotlin/mpp/SimpleFunctionSymbolMarker
instanceKlass org/jetbrains/kotlin/mpp/FunctionSymbolMarker
instanceKlass org/jetbrains/kotlin/mpp/CallableSymbolMarker
instanceKlass org/jetbrains/kotlin/fir/resolve/FirSamResolver
instanceKlass org/jetbrains/kotlin/fir/resolve/FirSamConstructorStorage
instanceKlass org/jetbrains/kotlin/fir/scopes/impl/FirGeneratedMemberDeclarationsStorage$ClassifierStorage
instanceKlass org/jetbrains/kotlin/fir/scopes/impl/FirGeneratedMemberDeclarationsStorage$CallableStorage
instanceKlass org/jetbrains/kotlin/fir/scopes/impl/FirGeneratedMemberDeclarationsStorage$StorageContext
instanceKlass org/jetbrains/kotlin/fir/symbols/FirBasedSymbol
instanceKlass org/jetbrains/kotlin/mpp/ClassLikeSymbolMarker
instanceKlass org/jetbrains/kotlin/mpp/ClassifierSymbolMarker
instanceKlass org/jetbrains/kotlin/mpp/DeclarationSymbolMarker
instanceKlass org/jetbrains/kotlin/fir/scopes/impl/FirGeneratedMemberDeclarationsStorage
instanceKlass org/jetbrains/kotlin/fir/scopes/impl/FirSynthesizedStorage$special$$inlined$createCache$1
instanceKlass org/jetbrains/kotlin/fir/scopes/impl/FirSynthesizedStorage
instanceKlass org/jetbrains/kotlin/fir/scopes/impl/FirIntersectionOverrideStorage$special$$inlined$createCache$1
instanceKlass org/jetbrains/kotlin/fir/scopes/impl/FirIntersectionOverrideStorage
instanceKlass org/jetbrains/kotlin/fir/scopes/impl/FirSubstitutionOverrideStorage$special$$inlined$createCache$1
instanceKlass org/jetbrains/kotlin/fir/scopes/impl/FirSubstitutionOverrideStorage
instanceKlass org/jetbrains/kotlin/fir/resolve/FirDefaultParametersResolver
instanceKlass org/jetbrains/kotlin/types/TypeCheckerState
instanceKlass org/jetbrains/kotlin/fir/types/FirCorrespondingSupertypesCache
instanceKlass org/jetbrains/kotlin/fir/scopes/impl/FirDeclaredMemberScopeProvider$nestedClassifierCache$1
instanceKlass org/jetbrains/kotlin/fir/scopes/FirScope
instanceKlass org/jetbrains/kotlin/fir/scopes/impl/FirDeclaredMemberScopeProvider$DeclaredMemberScopeContext
instanceKlass org/jetbrains/kotlin/fir/expressions/FirStatement
instanceKlass org/jetbrains/kotlin/fir/declarations/FirTypeParameterRefsOwner
instanceKlass org/jetbrains/kotlin/fir/declarations/FirControlFlowGraphOwner
instanceKlass org/jetbrains/kotlin/fir/scopes/impl/FirDeclaredMemberScopeProvider
instanceKlass org/jetbrains/kotlin/fir/resolve/inference/InferenceComponents$ConstraintSystemFactory
instanceKlass org/jetbrains/kotlin/resolve/calls/inference/components/PostponedArgumentInputTypesResolver$Companion
instanceKlass org/jetbrains/kotlin/resolve/calls/inference/components/PostponedArgumentInputTypesResolver
instanceKlass org/jetbrains/kotlin/resolve/calls/inference/components/VariableFixationFinder
instanceKlass org/jetbrains/kotlin/resolve/calls/inference/components/ResultTypeResolver
instanceKlass org/jetbrains/kotlin/resolve/calls/inference/components/ConstraintInjector
instanceKlass org/jetbrains/kotlin/fir/resolve/inference/ConeConstraintSystemUtilContext
instanceKlass org/jetbrains/kotlin/resolve/calls/inference/components/ConstraintSystemUtilContext
instanceKlass org/jetbrains/kotlin/resolve/calls/inference/components/ConstraintIncorporator
instanceKlass org/jetbrains/kotlin/resolve/calls/inference/components/TrivialConstraintTypeInferenceOracle$Companion
instanceKlass org/jetbrains/kotlin/resolve/calls/inference/components/TrivialConstraintTypeInferenceOracle
instanceKlass org/jetbrains/kotlin/fir/types/TypeComponentsKt
instanceKlass org/jetbrains/kotlin/fir/resolve/inference/InferenceComponents
instanceKlass org/jetbrains/kotlin/fir/FirLanguageSettingsComponentKt
instanceKlass org/jetbrains/kotlin/types/AbstractTypeApproximator$Companion
instanceKlass org/jetbrains/kotlin/types/AbstractTypeApproximator
instanceKlass org/jetbrains/kotlin/fir/types/TypeComponents$typeContext$1
instanceKlass org/jetbrains/kotlin/fir/types/ConeInferenceContext
instanceKlass org/jetbrains/kotlin/types/model/TypeSystemInferenceExtensionContext
instanceKlass org/jetbrains/kotlin/types/model/TypeSystemCommonSuperTypesContext
instanceKlass org/jetbrains/kotlin/types/model/TypeSystemTypeFactoryContext
instanceKlass org/jetbrains/kotlin/types/model/TypeSystemBuiltInsContext
instanceKlass org/jetbrains/kotlin/fir/types/ConeTypeContext
instanceKlass org/jetbrains/kotlin/types/model/TypeCheckerProviderContext
instanceKlass org/jetbrains/kotlin/types/TypeSystemCommonBackendContext
instanceKlass org/jetbrains/kotlin/types/model/TypeSystemContext
instanceKlass org/jetbrains/kotlin/types/model/TypeSystemOptimizationContext
instanceKlass org/jetbrains/kotlin/fir/types/TypeComponents
instanceKlass org/jetbrains/kotlin/fir/FirLanguageSettingsComponent
instanceKlass org/jetbrains/kotlin/fir/extensions/predicate/PredicateVisitor
instanceKlass org/jetbrains/kotlin/fir/extensions/FirPredicateBasedProviderImpl$Cache
instanceKlass org/jetbrains/kotlin/fir/extensions/FirRegisteredPluginAnnotationsKt
instanceKlass org/jetbrains/kotlin/fir/extensions/FirPredicateBasedProvider
instanceKlass org/jetbrains/kotlin/fir/extensions/AbstractFirRegisteredPluginAnnotations$special$$inlined$createCache$1
instanceKlass org/jetbrains/kotlin/util/AbstractArrayMapOwner$AbstractArrayMapAccessor
instanceKlass org/jetbrains/kotlin/fir/caches/FirCachesFactoryKt
instanceKlass org/jetbrains/kotlin/fir/extensions/FirRegisteredPluginAnnotations
instanceKlass org/jetbrains/kotlin/fir/FirExceptionHandler
instanceKlass org/jetbrains/kotlin/fir/symbols/FirLazyDeclarationResolver
instanceKlass org/jetbrains/kotlin/fir/declarations/SealedClassInheritorsProvider
instanceKlass org/jetbrains/kotlin/fir/types/ConeNullability$Companion
instanceKlass org/jetbrains/kotlin/name/StandardClassIds$Annotations
instanceKlass org/jetbrains/kotlin/fir/types/CompilerConeAttributes
instanceKlass org/jetbrains/kotlin/fir/types/ConeAttribute
instanceKlass org/jetbrains/kotlin/types/model/AnnotationMarker
instanceKlass org/jetbrains/kotlin/fir/symbols/ConeClassifierLookupTag
instanceKlass org/jetbrains/kotlin/types/model/TypeConstructorMarker
instanceKlass org/jetbrains/kotlin/fir/types/TypeConstructionUtilsKt
instanceKlass org/jetbrains/kotlin/fir/types/ConeTypeProjection$Companion
instanceKlass org/jetbrains/kotlin/types/model/TypeArgumentListMarker
instanceKlass org/jetbrains/kotlin/types/model/SimpleTypeMarker
instanceKlass org/jetbrains/kotlin/types/model/KotlinTypeMarker
instanceKlass org/jetbrains/kotlin/fir/types/ConeTypeProjection
instanceKlass org/jetbrains/kotlin/types/model/TypeArgumentMarker
instanceKlass org/jetbrains/kotlin/name/StandardClassIdsKt
instanceKlass org/jetbrains/kotlin/name/StandardClassIds
instanceKlass org/jetbrains/kotlin/fir/FirPureAbstractElement
instanceKlass org/jetbrains/kotlin/fir/FirAnnotationContainer
instanceKlass org/jetbrains/kotlin/fir/FirElement
instanceKlass org/jetbrains/kotlin/mpp/TypeRefMarker
instanceKlass org/jetbrains/kotlin/fir/BuiltinTypes
instanceKlass org/jetbrains/kotlin/util/ArrayMapImpl$Companion
instanceKlass org/jetbrains/kotlin/fir/resolve/providers/FirSymbolProvider
instanceKlass org/jetbrains/kotlin/fir/scopes/FirScopeProvider
instanceKlass org/jetbrains/kotlin/load/kotlin/JvmPackagePartProviderBase$ModuleMappingInfo
instanceKlass org/jetbrains/kotlin/metadata/jvm/deserialization/ModuleMappingKt
instanceKlass org/jetbrains/kotlin/protobuf/UnmodifiableLazyStringList$2
instanceKlass org/jetbrains/kotlin/metadata/jvm/deserialization/PackageParts
instanceKlass org/jetbrains/kotlin/protobuf/Utf8
instanceKlass org/jetbrains/kotlin/protobuf/SmallSortedMap$Entry
instanceKlass org/jetbrains/kotlin/protobuf/FieldSet$1
instanceKlass org/jetbrains/kotlin/metadata/ProtoBuf$Annotation$ArgumentOrBuilder
instanceKlass org/jetbrains/kotlin/protobuf/AbstractMessageLite$Builder
instanceKlass org/jetbrains/kotlin/protobuf/GeneratedMessageLite$1
instanceKlass org/jetbrains/kotlin/metadata/ProtoBuf$QualifiedNameTable$QualifiedName$Kind$1
instanceKlass org/jetbrains/kotlin/metadata/ProtoBuf$QualifiedNameTable$QualifiedNameOrBuilder
instanceKlass org/jetbrains/kotlin/metadata/jvm/JvmModuleProtoBuf$PackagePartsOrBuilder
instanceKlass org/jetbrains/kotlin/protobuf/WireFormat
instanceKlass org/jetbrains/kotlin/protobuf/CodedOutputStream
instanceKlass org/jetbrains/kotlin/protobuf/CodedInputStream
instanceKlass org/jetbrains/kotlin/metadata/jvm/JvmModuleProtoBuf$ModuleOrBuilder
instanceKlass org/jetbrains/kotlin/protobuf/ExtensionRegistryLite$ObjectIntPair
instanceKlass org/jetbrains/kotlin/metadata/ProtoBuf$TypeParameter$Variance$1
instanceKlass org/jetbrains/kotlin/metadata/ProtoBuf$TypeParameterOrBuilder
instanceKlass org/jetbrains/kotlin/metadata/ProtoBuf$EnumEntryOrBuilder
instanceKlass org/jetbrains/kotlin/metadata/ProtoBuf$Annotation$Argument$Value$Type$1
instanceKlass org/jetbrains/kotlin/protobuf/Internal$EnumLiteMap
instanceKlass org/jetbrains/kotlin/metadata/ProtoBuf$Annotation$Argument$ValueOrBuilder
instanceKlass org/jetbrains/kotlin/metadata/ProtoBuf$ValueParameterOrBuilder
instanceKlass org/jetbrains/kotlin/metadata/ProtoBuf$PropertyOrBuilder
instanceKlass org/jetbrains/kotlin/metadata/ProtoBuf$ContractOrBuilder
instanceKlass org/jetbrains/kotlin/metadata/ProtoBuf$FunctionOrBuilder
instanceKlass org/jetbrains/kotlin/metadata/ProtoBuf$ConstructorOrBuilder
instanceKlass org/jetbrains/kotlin/metadata/ProtoBuf$AnnotationOrBuilder
instanceKlass org/jetbrains/kotlin/metadata/ProtoBuf$TypeOrBuilder
instanceKlass org/jetbrains/kotlin/metadata/ProtoBuf$ClassOrBuilder
instanceKlass org/jetbrains/kotlin/protobuf/Internal$EnumLite
instanceKlass org/jetbrains/kotlin/protobuf/GeneratedMessageLite$ExtensionDescriptor
instanceKlass org/jetbrains/kotlin/protobuf/GeneratedMessageLite$GeneratedExtension
instanceKlass java/lang/Long$LongCache
instanceKlass org/jetbrains/kotlin/metadata/ProtoBuf$VersionRequirementTableOrBuilder
instanceKlass org/jetbrains/kotlin/metadata/ProtoBuf$TypeTableOrBuilder
instanceKlass org/jetbrains/kotlin/protobuf/SmallSortedMap$EmptySet$2
instanceKlass org/jetbrains/kotlin/protobuf/SmallSortedMap$EmptySet$1
instanceKlass org/jetbrains/kotlin/protobuf/SmallSortedMap$EmptySet
instanceKlass org/jetbrains/kotlin/protobuf/LazyFieldLite
instanceKlass org/jetbrains/kotlin/protobuf/FieldSet
instanceKlass org/jetbrains/kotlin/metadata/ProtoBuf$PackageOrBuilder
instanceKlass org/jetbrains/kotlin/protobuf/GeneratedMessageLite$ExtendableMessageOrBuilder
instanceKlass org/jetbrains/kotlin/metadata/builtins/BuiltInsProtoBuf
instanceKlass org/jetbrains/kotlin/metadata/deserialization/VersionSpecificBehaviorKt
instanceKlass org/jetbrains/kotlin/utils/MetadataHelpersKt
instanceKlass org/jetbrains/kotlin/utils/DeserializationHelpersKt
instanceKlass org/jetbrains/kotlin/load/kotlin/ModuleMappingUtilKt
instanceKlass org/jetbrains/kotlin/com/intellij/util/containers/ShareableKey
instanceKlass org/jetbrains/kotlin/com/intellij/util/io/ResourceHandle
instanceKlass org/jetbrains/kotlin/metadata/ProtoBuf$QualifiedNameTableOrBuilder
instanceKlass org/jetbrains/kotlin/protobuf/ByteString$ByteIterator
instanceKlass org/jetbrains/kotlin/protobuf/ByteString
instanceKlass org/jetbrains/kotlin/protobuf/ExtensionRegistryLite
instanceKlass org/jetbrains/kotlin/protobuf/AbstractParser
instanceKlass org/jetbrains/kotlin/protobuf/MessageLite$Builder
instanceKlass org/jetbrains/kotlin/protobuf/Parser
instanceKlass org/jetbrains/kotlin/protobuf/LazyStringList
instanceKlass org/jetbrains/kotlin/protobuf/ProtocolStringList
instanceKlass org/jetbrains/kotlin/protobuf/FieldSet$FieldDescriptorLite
instanceKlass org/jetbrains/kotlin/protobuf/AbstractMessageLite
instanceKlass org/jetbrains/kotlin/protobuf/MessageLite
instanceKlass org/jetbrains/kotlin/metadata/ProtoBuf$StringTableOrBuilder
instanceKlass org/jetbrains/kotlin/protobuf/MessageLiteOrBuilder
instanceKlass org/jetbrains/kotlin/metadata/deserialization/NameResolverImpl
instanceKlass org/jetbrains/kotlin/metadata/deserialization/NameResolver
instanceKlass org/jetbrains/kotlin/metadata/jvm/deserialization/BinaryModuleData
instanceKlass org/jetbrains/kotlin/metadata/jvm/deserialization/JvmMetadataVersion$Companion
instanceKlass org/jetbrains/kotlin/metadata/deserialization/BinaryVersion$Companion
instanceKlass org/jetbrains/kotlin/metadata/deserialization/BinaryVersion
instanceKlass org/jetbrains/kotlin/metadata/jvm/deserialization/ModuleMapping$Companion
instanceKlass org/jetbrains/kotlin/metadata/jvm/deserialization/ModuleMapping
instanceKlass org/jetbrains/kotlin/cli/jvm/compiler/JvmPackagePartProviderKt
instanceKlass org/jetbrains/kotlin/com/intellij/openapi/vfs/VirtualFileVisitor
instanceKlass org/jetbrains/kotlin/com/intellij/openapi/vfs/VfsUtilCore
instanceKlass sun/net/www/MessageHeader
instanceKlass sun/net/www/protocol/jar/JarFileFactory
instanceKlass sun/net/www/protocol/jar/URLJarFile$URLJarFileCloseController
instanceKlass org/jetbrains/kotlin/config/KotlinCompilerVersion
instanceKlass org/jetbrains/kotlin/resolve/CompilerDeserializationConfiguration
instanceKlass org/jetbrains/kotlin/serialization/deserialization/DeserializationConfiguration
instanceKlass org/jetbrains/kotlin/load/kotlin/JvmPackagePartProviderBase$Companion
instanceKlass org/jetbrains/kotlin/load/kotlin/JvmPackagePartProviderBase
instanceKlass org/jetbrains/kotlin/load/kotlin/PackageAndMetadataPartProvider
instanceKlass org/jetbrains/kotlin/serialization/deserialization/MetadataPartProvider
instanceKlass org/jetbrains/kotlin/fir/session/environment/AbstractProjectFileSearchScope$ANY
instanceKlass org/jetbrains/kotlin/fir/session/environment/AbstractProjectFileSearchScope$EMPTY
instanceKlass org/jetbrains/kotlin/cli/jvm/compiler/VfsBasedProjectEnvironmentKt
instanceKlass org/jetbrains/kotlin/fir/session/FirAbstractSessionFactory
instanceKlass org/jetbrains/kotlin/fir/FirSessionProvider
instanceKlass org/jetbrains/kotlin/config/LanguageFeature$Companion
instanceKlass kotlin/jvm/internal/Ref$ObjectRef
instanceKlass org/jetbrains/kotlin/fir/scopes/jvm/JvmMappedScope$FirMappedSymbolStorage$special$$inlined$createCache$1
instanceKlass org/jetbrains/kotlin/fir/scopes/jvm/JvmMappedScope$FirMappedSymbolStorage
instanceKlass org/jetbrains/kotlin/fir/caches/NullableMap
instanceKlass org/jetbrains/kotlin/fir/caches/FirCache
instanceKlass org/jetbrains/kotlin/fir/java/enhancement/FirEnhancedSymbolsStorage$special$$inlined$createCache$1
instanceKlass org/jetbrains/kotlin/fir/java/enhancement/FirEnhancedSymbolsStorage
instanceKlass org/jetbrains/kotlin/fir/caches/FirCachesFactory
instanceKlass org/jetbrains/kotlin/fir/session/ComponentsContainersKt
instanceKlass org/jetbrains/kotlin/fir/session/FirSharableJavaComponents
instanceKlass org/jetbrains/kotlin/fir/session/IncrementalCompilationContext
instanceKlass org/jetbrains/kotlin/psi/KtDeclarationContainer
instanceKlass org/jetbrains/kotlin/psi/KtAnnotated
instanceKlass org/jetbrains/kotlin/psi/KtElement
instanceKlass org/jetbrains/kotlin/psi/KtPureElement
instanceKlass org/jetbrains/kotlin/com/intellij/psi/PsiClassOwner
instanceKlass org/jetbrains/kotlin/cli/common/FirSessionConstructionUtilsKt
instanceKlass org/jetbrains/kotlin/fir/deserialization/ModuleDataProvider
instanceKlass org/jetbrains/kotlin/fir/deserialization/LibraryPathFilter
instanceKlass kotlin/collections/MapWithDefault
instanceKlass org/jetbrains/kotlin/fir/DependencyListForCliModule$Builder
instanceKlass org/jetbrains/kotlin/fir/DependencyListForCliModule$Companion
instanceKlass org/jetbrains/kotlin/fir/DependencyListForCliModule
instanceKlass org/jetbrains/kotlin/container/DataStructuresKt
instanceKlass org/jetbrains/kotlin/fir/FirModuleData
instanceKlass org/jetbrains/kotlin/util/ArrayMap
instanceKlass org/jetbrains/kotlin/util/TypeRegistry
instanceKlass org/jetbrains/kotlin/util/AbstractArrayMapOwner
instanceKlass org/jetbrains/kotlin/fir/BinaryModuleData$Companion
instanceKlass org/jetbrains/kotlin/fir/BinaryModuleData
instanceKlass org/jetbrains/kotlin/fir/FirSessionComponent
instanceKlass org/jetbrains/kotlin/fir/extensions/FirExtension
instanceKlass org/jetbrains/kotlin/fir/extensions/FirExtensionRegistrar$Companion
instanceKlass org/jetbrains/kotlin/com/intellij/util/keyFMap/PairElementsFMap
instanceKlass org/jetbrains/kotlin/cli/jvm/compiler/PsiBasedProjectFileSearchScope
instanceKlass org/jetbrains/kotlin/fir/session/environment/AbstractProjectFileSearchScope
instanceKlass org/jetbrains/kotlin/diagnostics/DiagnosticReporter
instanceKlass org/jetbrains/kotlin/diagnostics/DiagnosticReporterFactory
instanceKlass org/jetbrains/kotlin/resolve/konan/platform/KonanPlatform
instanceKlass org/jetbrains/kotlin/konan/target/KonanTarget$Companion
instanceKlass org/jetbrains/kotlin/konan/target/KonanTarget
instanceKlass org/jetbrains/kotlin/konan/util/Named
instanceKlass org/jetbrains/kotlin/platform/konan/NativePlatforms
instanceKlass org/jetbrains/kotlin/platform/wasm/WasmTarget$Companion
instanceKlass org/jetbrains/kotlin/platform/wasm/WasmPlatforms
instanceKlass org/jetbrains/kotlin/js/resolve/JsPlatform
instanceKlass org/jetbrains/kotlin/platform/js/JsPlatforms
instanceKlass org/jetbrains/kotlin/resolve/jvm/platform/JvmPlatform
instanceKlass org/jetbrains/kotlin/platform/TargetPlatformKt
instanceKlass org/jetbrains/kotlin/platform/TargetPlatformVersion$NoVersion
instanceKlass org/jetbrains/kotlin/platform/jvm/JvmPlatforms
instanceKlass org/jetbrains/kotlin/platform/SimplePlatform
instanceKlass org/jetbrains/kotlin/platform/TargetPlatform
instanceKlass org/jetbrains/kotlin/analyzer/common/CommonPlatform
instanceKlass org/jetbrains/kotlin/resolve/TargetPlatform
instanceKlass org/jetbrains/kotlin/platform/CommonPlatforms
instanceKlass org/jetbrains/kotlin/modules/TargetId
instanceKlass org/jetbrains/kotlin/modules/TargetIdKt
instanceKlass org/jetbrains/kotlin/cli/jvm/compiler/pipeline/ModuleCompilerInput
instanceKlass org/jetbrains/kotlin/cli/common/GroupedKtSources
instanceKlass org/jetbrains/kotlin/com/intellij/openapi/util/io/FileUtil$2
instanceKlass org/jetbrains/kotlin/com/intellij/openapi/util/io/FileUtil$1
instanceKlass org/jetbrains/kotlin/com/intellij/openapi/util/io/FileUtilRt$SymlinkResolver
instanceKlass gnu/trove/TObjectHashingStrategy
instanceKlass gnu/trove/Equality
instanceKlass org/jetbrains/kotlin/KtVirtualFileSourceFile
instanceKlass kotlin/io/FileTreeWalk$WalkState
instanceKlass kotlin/collections/AbstractIterator
instanceKlass kotlin/io/FileTreeWalk
instanceKlass kotlin/io/FilePathComponents
instanceKlass kotlin/io/FilesKt__FilePathComponentsKt
instanceKlass org/jetbrains/kotlin/extensions/PreprocessedFileCreator
instanceKlass kotlin/jvm/internal/Ref$BooleanRef
instanceKlass org/jetbrains/kotlin/KtSourceFile
instanceKlass org/jetbrains/kotlin/cli/common/GroupedKtSourcesKt
instanceKlass org/jetbrains/kotlin/cli/jvm/compiler/CoreEnvironmentUtilsKt
instanceKlass org/jetbrains/kotlin/cli/jvm/compiler/FirKotlinToJvmBytecodeCompiler
instanceKlass org/jetbrains/kotlin/cli/jvm/index/SingleJavaFileRootsIndex
instanceKlass org/jetbrains/kotlin/load/kotlin/PackagePartProvider
instanceKlass org/jetbrains/kotlin/cli/jvm/compiler/VfsBasedProjectEnvironment
instanceKlass org/jetbrains/kotlin/fir/session/environment/AbstractProjectEnvironment
instanceKlass org/jetbrains/kotlin/cli/jvm/compiler/JavaLanguageLevelKt$EntriesMappings
instanceKlass org/jetbrains/kotlin/cli/jvm/compiler/JavaLanguageLevelKt
instanceKlass org/jetbrains/kotlin/cli/jvm/compiler/CliVirtualFileFinderFactory
instanceKlass org/jetbrains/kotlin/load/kotlin/VirtualFileFinderFactory
instanceKlass org/jetbrains/kotlin/load/kotlin/MetadataFinderFactory
instanceKlass org/jetbrains/kotlin/load/kotlin/VirtualFileFinder
instanceKlass org/jetbrains/kotlin/load/kotlin/KotlinClassFinder
instanceKlass org/jetbrains/kotlin/serialization/deserialization/KotlinMetadataFinder
instanceKlass org/jetbrains/kotlin/cli/jvm/modules/CliJavaModuleResolver$Companion
instanceKlass org/jetbrains/kotlin/cli/jvm/modules/CliJavaModuleResolver
instanceKlass org/jetbrains/kotlin/resolve/jvm/modules/JavaModuleResolver
instanceKlass org/jetbrains/kotlin/load/java/JavaModuleAnnotationsProvider
instanceKlass org/jetbrains/kotlin/cli/jvm/index/JvmDependenciesIndexImpl$Cache
instanceKlass org/jetbrains/kotlin/cli/jvm/index/JvmDependenciesIndexImpl
instanceKlass java/util/concurrent/locks/ReentrantReadWriteLock$WriteLock
instanceKlass java/util/concurrent/locks/ReentrantReadWriteLock$ReadLock
instanceKlass java/util/concurrent/locks/ReentrantReadWriteLock
instanceKlass java/util/concurrent/locks/ReadWriteLock
instanceKlass org/jetbrains/kotlin/cli/jvm/index/JvmDependenciesDynamicCompoundIndex
instanceKlass org/jetbrains/kotlin/cli/jvm/index/JvmDependenciesIndex
instanceKlass org/jetbrains/kotlin/cli/jvm/compiler/ClasspathRootsResolver$RootsAndModules
instanceKlass kotlin/sequences/FlatteningSequence$iterator$1
instanceKlass kotlin/sequences/FlatteningSequence
instanceKlass kotlin/collections/ArraysKt___ArraysKt$asSequence$$inlined$Sequence$1
instanceKlass kotlin/collections/CollectionsKt___CollectionsKt$asSequence$$inlined$Sequence$1
instanceKlass kotlin/sequences/EmptySequence
instanceKlass kotlin/sequences/DropTakeSequence
instanceKlass org/jetbrains/kotlin/cli/jvm/index/JavaRoot$RootTypes
instanceKlass org/jetbrains/kotlin/cli/jvm/index/JavaRoot
instanceKlass org/jetbrains/kotlin/com/intellij/openapi/util/io/NioFiles$1
instanceKlass org/jetbrains/kotlin/com/intellij/openapi/util/io/NioFiles
instanceKlass org/jetbrains/kotlin/cli/jvm/compiler/jarfs/ZipImplementationKt$WhenMappings
instanceKlass org/jetbrains/kotlin/com/intellij/util/text/CharArrayExternalizable
instanceKlass org/jetbrains/kotlin/com/intellij/util/text/ImmutableCharSequence
instanceKlass org/jetbrains/kotlin/com/intellij/util/text/CharArrayUtil
instanceKlass java/util/concurrent/ExecutorService
instanceKlass java/util/concurrent/BlockingQueue
instanceKlass org/jetbrains/kotlin/com/intellij/util/ConcurrencyUtil
instanceKlass java/io/RandomAccessFile$1
instanceKlass org/jetbrains/kotlin/cli/jvm/compiler/jarfs/ZipEntryDescription
instanceKlass org/jetbrains/kotlin/cli/jvm/compiler/jarfs/ByteArrayCharSequence
instanceKlass org/jetbrains/kotlin/cli/jvm/compiler/jarfs/ZipImplementationKt
instanceKlass jdk/internal/access/foreign/MemorySegmentProxy
instanceKlass sun/nio/ch/Util$4
instanceKlass sun/nio/ch/Util
instanceKlass sun/nio/ch/IOStatus
instanceKlass sun/nio/ch/FileChannelImpl$Unmapper
instanceKlass jdk/internal/access/foreign/UnmapperProxy
instanceKlass sun/nio/ch/NativeThread
instanceKlass java/nio/channels/spi/AbstractInterruptibleChannel$1
instanceKlass sun/nio/ch/Interruptible
instanceKlass jdk/internal/misc/ExtendedMapMode
instanceKlass java/nio/channels/FileChannel$MapMode
instanceKlass sun/nio/ch/NativeDispatcher
instanceKlass sun/nio/ch/NativeThreadSet
instanceKlass sun/nio/ch/IOUtil
instanceKlass org/jetbrains/kotlin/com/intellij/openapi/util/Pair
instanceKlass org/jetbrains/kotlin/cli/jvm/compiler/ClasspathRootsResolver$RootWithPrefix
instanceKlass org/jetbrains/kotlin/cli/jvm/config/JvmModulePathRoot
instanceKlass org/jetbrains/kotlin/cli/jvm/modules/JavaModuleGraph
instanceKlass org/jetbrains/kotlin/cli/jvm/compiler/ClasspathRootsResolver$Companion
instanceKlass org/jetbrains/kotlin/cli/jvm/compiler/ClasspathRootsResolver
instanceKlass org/jetbrains/kotlin/resolve/jvm/modules/JavaModule$Root
instanceKlass org/jetbrains/kotlin/cli/jvm/modules/CliJavaModuleFinder
instanceKlass org/jetbrains/kotlin/resolve/jvm/modules/JavaModuleFinder
instanceKlass org/jetbrains/kotlin/com/intellij/openapi/util/KeyedExtensionCollector$MyExtensionPointListener
instanceKlass org/jetbrains/kotlin/resolve/jvm/KotlinJavaPsiFacade$2
instanceKlass org/jetbrains/kotlin/resolve/jvm/KotlinJavaPsiFacade$1
instanceKlass org/jetbrains/kotlin/com/intellij/psi/PsiModifierList
instanceKlass org/jetbrains/kotlin/resolve/jvm/NotFoundPackagesCachingStrategy$Default
instanceKlass org/jetbrains/kotlin/com/intellij/psi/impl/ElementBase$ElementIconRequest
instanceKlass org/jetbrains/kotlin/load/java/structure/JavaClass
instanceKlass org/jetbrains/kotlin/load/java/structure/JavaTypeParameterListOwner
instanceKlass org/jetbrains/kotlin/load/java/structure/JavaModifierListOwner
instanceKlass org/jetbrains/kotlin/load/java/structure/JavaClassifier
instanceKlass org/jetbrains/kotlin/load/java/structure/JavaNamedElement
instanceKlass org/jetbrains/kotlin/load/java/structure/JavaAnnotationOwner
instanceKlass org/jetbrains/kotlin/load/java/structure/JavaElement
instanceKlass org/jetbrains/kotlin/resolve/jvm/KotlinJavaPsiFacade$KotlinPsiElementFinderWrapperImpl
instanceKlass org/jetbrains/kotlin/resolve/jvm/KotlinJavaPsiFacade$KotlinPsiElementFinderWrapper
instanceKlass org/jetbrains/kotlin/resolve/jvm/NotFoundPackagesCachingStrategy
instanceKlass org/jetbrains/kotlin/resolve/jvm/KotlinJavaPsiFacade
instanceKlass org/jetbrains/kotlin/load/java/structure/impl/source/JavaElementSourceFactory
instanceKlass org/jetbrains/kotlin/cli/common/CliModuleVisibilityManagerImpl
instanceKlass org/jetbrains/kotlin/load/kotlin/ModuleVisibilityManager
instanceKlass org/jetbrains/kotlin/compiler/plugin/CompilerPluginRegistrarKt
instanceKlass org/jetbrains/kotlin/compiler/plugin/CompilerPluginRegistrar$ExtensionStorage
instanceKlass java/util/Collections$UnmodifiableCollection$1
instanceKlass org/jetbrains/kotlin/resolve/diagnostics/DiagnosticSuppressor
instanceKlass org/jetbrains/kotlin/fir/extensions/FirAnalysisHandlerExtension
instanceKlass org/jetbrains/kotlin/resolve/extensions/AssignResolutionAltererExtension
instanceKlass org/jetbrains/kotlin/extensions/AnnotationBasedExtension
instanceKlass org/jetbrains/kotlin/types/DefaultTypeAttributeTranslator
instanceKlass org/jetbrains/kotlin/types/extensions/TypeAttributeTranslators
instanceKlass org/jetbrains/kotlin/extensions/TypeAttributeTranslatorExtension
instanceKlass org/jetbrains/kotlin/types/TypeAttributeTranslator
instanceKlass org/jetbrains/kotlin/fir/extensions/FirExtensionRegistrarAdapter
instanceKlass org/jetbrains/kotlin/serialization/DescriptorSerializerPlugin
instanceKlass org/jetbrains/kotlin/extensions/internal/CallResolutionInterceptorExtension
instanceKlass org/jetbrains/kotlin/extensions/internal/CandidateInterceptor
instanceKlass org/jetbrains/kotlin/extensions/internal/TypeResolutionInterceptorExtension
instanceKlass org/jetbrains/kotlin/extensions/internal/TypeResolutionInterceptor
instanceKlass org/jetbrains/kotlin/cli/common/extensions/ShellExtension
instanceKlass org/jetbrains/kotlin/cli/common/extensions/ScriptEvaluationExtension
instanceKlass org/jetbrains/kotlin/backend/common/extensions/IrGenerationExtension
instanceKlass org/jetbrains/kotlin/ir/linkage/IrDeserializer$IrLinkerExtension
instanceKlass org/jetbrains/kotlin/resolve/extensions/ExtraImportsProviderExtension
instanceKlass org/jetbrains/kotlin/extensions/ProcessSourcesBeforeCompilingExtension
instanceKlass org/jetbrains/kotlin/extensions/CollectAdditionalSourcesExtension
instanceKlass org/jetbrains/kotlin/extensions/CompilerConfigurationExtension
instanceKlass org/jetbrains/kotlin/js/translate/extensions/JsSyntheticTranslateExtension
instanceKlass org/jetbrains/kotlin/extensions/PreprocessedVirtualFileFactoryExtension
instanceKlass org/jetbrains/kotlin/extensions/DeclarationAttributeAltererExtension
instanceKlass org/jetbrains/kotlin/extensions/StorageComponentContainerContributor
instanceKlass org/jetbrains/kotlin/resolve/jvm/extensions/PackageFragmentProviderExtension
instanceKlass org/jetbrains/kotlin/resolve/jvm/extensions/AnalysisHandlerExtension
instanceKlass org/jetbrains/kotlin/resolve/extensions/AnalysisHandlerExtension
instanceKlass org/jetbrains/kotlin/codegen/extensions/ClassFileFactoryFinalizerExtension
instanceKlass org/jetbrains/kotlin/backend/jvm/extensions/ClassGeneratorExtension
instanceKlass org/jetbrains/kotlin/codegen/extensions/ClassBuilderInterceptorExtension
instanceKlass org/jetbrains/kotlin/resolve/jvm/extensions/SyntheticJavaResolveExtension
instanceKlass org/jetbrains/kotlin/resolve/extensions/SyntheticResolveExtension
instanceKlass org/jetbrains/kotlin/extensions/ProjectExtensionDescriptor
instanceKlass org/jetbrains/kotlin/codegen/extensions/ExpressionCodegenExtension
instanceKlass java/util/Random
instanceKlass java/util/random/RandomGenerator
instanceKlass java/nio/file/FileVisitor
instanceKlass java/nio/file/DirectoryStream$Filter
instanceKlass org/jetbrains/kotlin/com/intellij/openapi/util/io/FileUtilRt
instanceKlass org/jetbrains/kotlin/com/intellij/openapi/vfs/PersistentFSConstants
instanceKlass org/jetbrains/kotlin/com/intellij/util/containers/LinkedCustomHashMap$Entry
instanceKlass org/jetbrains/kotlin/com/intellij/util/containers/LinkedCustomHashMap$RemoveCallback
instanceKlass org/jetbrains/kotlin/com/intellij/util/containers/LinkedCustomHashMap
instanceKlass org/jetbrains/kotlin/com/intellij/util/containers/SLRUMap
instanceKlass org/jetbrains/kotlin/com/intellij/util/io/FileAccessorCache
instanceKlass org/jetbrains/kotlin/com/intellij/util/containers/hash/EqualityPolicy
instanceKlass java/lang/invoke/MethodHandle$1
instanceKlass org/jetbrains/kotlin/cli/jvm/compiler/jarfs/FastJarHandler
instanceKlass org/jetbrains/kotlin/cli/jvm/compiler/jarfs/FastJarFileSystemKt
instanceKlass org/jetbrains/kotlin/cli/jvm/compiler/jarfs/FastJarFileSystem$Companion
instanceKlass org/jetbrains/kotlin/com/intellij/psi/impl/source/DummyHolderFactory$DefaultFactory
instanceKlass org/jetbrains/kotlin/com/intellij/psi/impl/source/DummyHolderFactory
instanceKlass org/jetbrains/kotlin/com/intellij/psi/PsiImportHolder
instanceKlass org/jetbrains/kotlin/com/intellij/psi/impl/source/PsiFileWithStubSupport
instanceKlass org/jetbrains/kotlin/com/intellij/psi/impl/PsiFileEx
instanceKlass org/jetbrains/kotlin/com/intellij/openapi/ui/Queryable
instanceKlass org/jetbrains/kotlin/com/intellij/psi/impl/source/JavaDummyHolderFactory
instanceKlass org/jetbrains/kotlin/com/intellij/lang/jvm/facade/JvmFacadeImpl
instanceKlass org/jetbrains/kotlin/com/intellij/lang/jvm/facade/JvmFacade
instanceKlass org/jetbrains/kotlin/com/intellij/util/containers/ConcurrentRefValueHashMap$ValueReference
instanceKlass org/jetbrains/kotlin/com/intellij/util/containers/ConcurrentRefValueHashMap
instanceKlass org/jetbrains/kotlin/com/intellij/psi/impl/source/HolderFactory
instanceKlass org/jetbrains/kotlin/com/intellij/psi/PsiConstantEvaluationHelper
instanceKlass org/jetbrains/kotlin/com/intellij/psi/JavaPsiFacade
instanceKlass org/jetbrains/kotlin/cli/jvm/compiler/MockInferredAnnotationsManager$Companion
instanceKlass org/jetbrains/kotlin/com/intellij/codeInsight/InferredAnnotationsManager
instanceKlass org/jetbrains/kotlin/com/intellij/codeInsight/ExternalAnnotationsListener
instanceKlass org/jetbrains/kotlin/com/intellij/codeInsight/ExternalAnnotationsManager
instanceKlass org/jetbrains/kotlin/com/intellij/util/Processor
instanceKlass org/jetbrains/kotlin/asJava/finder/JavaElementFinder$Companion
instanceKlass org/jetbrains/kotlin/resolve/jvm/KotlinFinderMarker
instanceKlass org/jetbrains/kotlin/asJava/KotlinAsJavaSupport$Companion
instanceKlass org/jetbrains/kotlin/asJava/KotlinAsJavaSupport
instanceKlass org/jetbrains/kotlin/asJava/classes/ImplUtilsKt
instanceKlass org/jetbrains/kotlin/cli/jvm/compiler/CliLightClassGenerationSupport$CliLightClassSupport
instanceKlass org/jetbrains/kotlin/asJava/classes/KtUltraLightSupport
instanceKlass org/jetbrains/kotlin/asJava/LightClassGenerationSupport$Companion
instanceKlass org/jetbrains/kotlin/asJava/LightClassGenerationSupport
instanceKlass org/jetbrains/kotlin/resolve/jvm/JvmCodeAnalyzerInitializer
instanceKlass org/jetbrains/kotlin/resolve/CodeAnalyzerInitializer
instanceKlass org/jetbrains/kotlin/com/intellij/psi/impl/JvmPsiConversionHelperImpl
instanceKlass org/jetbrains/kotlin/com/intellij/psi/JvmPsiConversionHelper
instanceKlass java/util/stream/Collectors$CollectorImpl
instanceKlass java/util/stream/Collectors
instanceKlass java/util/stream/Collector
instanceKlass java/util/function/BinaryOperator
instanceKlass java/util/function/BiConsumer
instanceKlass org/jetbrains/kotlin/it/unimi/dsi/fastutil/objects/ObjectSpliterator
instanceKlass org/jetbrains/kotlin/it/unimi/dsi/fastutil/objects/ObjectIterator
instanceKlass org/jetbrains/kotlin/com/intellij/util/containers/Interner
instanceKlass org/jetbrains/kotlin/utils/PlatformUtilsKt
instanceKlass org/jetbrains/kotlin/load/java/structure/impl/classFiles/BinaryClassSignatureParser
instanceKlass org/jetbrains/kotlin/com/intellij/openapi/util/RecursionManager$2
instanceKlass org/jetbrains/kotlin/com/intellij/util/containers/SoftKeySoftValueHashMap
instanceKlass org/jetbrains/kotlin/com/intellij/psi/search/ProjectScope
instanceKlass org/jetbrains/kotlin/cli/jvm/compiler/KotlinCliJavaFileManagerImpl$Companion
instanceKlass org/jetbrains/kotlin/com/intellij/core/CoreJavaFileManager
instanceKlass org/jetbrains/kotlin/resolve/jvm/KotlinCliJavaFileManager
instanceKlass org/jetbrains/kotlin/com/intellij/psi/controlFlow/ControlFlowFactory$1
instanceKlass org/jetbrains/kotlin/com/intellij/util/containers/ConcurrentWeakKeySoftValueHashMap$HardKey
instanceKlass org/jetbrains/kotlin/com/intellij/util/containers/ConcurrentWeakKeySoftValueHashMap$KeyReference
instanceKlass org/jetbrains/kotlin/com/intellij/util/containers/ConcurrentWeakKeySoftValueHashMap
instanceKlass org/jetbrains/kotlin/com/intellij/psi/controlFlow/ControlFlow
instanceKlass org/jetbrains/kotlin/com/intellij/psi/controlFlow/ControlFlowFactory
instanceKlass org/jetbrains/kotlin/com/intellij/psi/codeStyle/SuggestedNameInfo
instanceKlass org/jetbrains/kotlin/com/intellij/psi/codeStyle/JavaCodeStyleManager
instanceKlass org/jetbrains/kotlin/com/intellij/core/CoreJavaFileCodeStyleFacade
instanceKlass org/jetbrains/kotlin/com/intellij/psi/codeStyle/JavaFileCodeStyleFacade
instanceKlass org/jetbrains/kotlin/com/intellij/psi/codeStyle/CodeStyleSettingsFacade
instanceKlass org/jetbrains/kotlin/com/intellij/psi/codeStyle/JavaCodeStyleSettingsFacade
instanceKlass org/jetbrains/kotlin/com/intellij/psi/impl/source/resolve/JavaResolveCache$1
instanceKlass org/jetbrains/kotlin/com/intellij/psi/impl/source/resolve/JavaResolveCache
instanceKlass org/jetbrains/kotlin/com/intellij/util/lang/JavaVersion
instanceKlass sun/util/locale/LanguageTag
instanceKlass java/util/ResourceBundle$Control
instanceKlass org/jetbrains/kotlin/com/intellij/AbstractBundle
instanceKlass org/jetbrains/kotlin/com/intellij/core/JavaPsiBundle
instanceKlass org/jetbrains/kotlin/com/intellij/openapi/roots/LanguageLevelProjectExtension$LanguageLevelChangeListener
instanceKlass org/jetbrains/kotlin/com/intellij/openapi/roots/LanguageLevelProjectExtension
instanceKlass org/jetbrains/kotlin/com/intellij/openapi/util/RecursionManager$CalculationStack
instanceKlass org/jetbrains/kotlin/com/intellij/openapi/util/RecursionGuard$StackStamp
instanceKlass org/jetbrains/kotlin/com/intellij/openapi/util/RecursionGuard
instanceKlass org/jetbrains/kotlin/com/intellij/openapi/util/RecursionManager
instanceKlass org/jetbrains/kotlin/com/intellij/psi/PsiInferenceHelper
instanceKlass org/jetbrains/kotlin/com/intellij/psi/scope/processor/FilterScopeProcessor
instanceKlass org/jetbrains/kotlin/com/intellij/psi/scope/PsiScopeProcessor
instanceKlass org/jetbrains/kotlin/com/intellij/psi/scope/NameHint
instanceKlass org/jetbrains/kotlin/com/intellij/psi/scope/ElementClassHint
instanceKlass org/jetbrains/kotlin/com/intellij/psi/impl/source/resolve/PsiResolveHelperImpl
instanceKlass org/jetbrains/kotlin/com/intellij/psi/PsiResolveHelper
instanceKlass org/jetbrains/kotlin/com/intellij/psi/impl/JavaPsiImplementationHelper
instanceKlass org/jetbrains/kotlin/com/intellij/psi/impl/PsiElementFactoryImpl$1
instanceKlass org/jetbrains/kotlin/com/intellij/psi/TypeAnnotationProvider$1
instanceKlass org/jetbrains/kotlin/com/intellij/psi/TypeAnnotationProvider$Static
instanceKlass org/jetbrains/kotlin/com/intellij/psi/TypeAnnotationProvider
instanceKlass org/jetbrains/kotlin/com/intellij/psi/PsiAnnotation
instanceKlass org/jetbrains/kotlin/com/intellij/lang/jvm/types/JvmPrimitiveTypeKind
instanceKlass org/jetbrains/kotlin/com/intellij/lang/jvm/JvmAnnotation
instanceKlass org/jetbrains/kotlin/com/intellij/psi/PsiTypes
instanceKlass org/jetbrains/kotlin/com/intellij/lang/java/parser/JavaParserUtil$ParserWrapper
instanceKlass org/jetbrains/kotlin/com/intellij/psi/PsiImportStatementBase
instanceKlass org/jetbrains/kotlin/com/intellij/psi/PsiTypeElement
instanceKlass org/jetbrains/kotlin/com/intellij/psi/PsiReferenceExpression
instanceKlass org/jetbrains/kotlin/com/intellij/psi/PsiExpression
instanceKlass org/jetbrains/kotlin/com/intellij/psi/PsiCaseLabelElement
instanceKlass org/jetbrains/kotlin/com/intellij/psi/PsiAnnotationMemberValue
instanceKlass org/jetbrains/kotlin/com/intellij/psi/PsiJavaCodeReferenceElement
instanceKlass org/jetbrains/kotlin/com/intellij/psi/PsiQualifiedReferenceElement
instanceKlass org/jetbrains/kotlin/com/intellij/psi/PsiQualifiedReference
instanceKlass org/jetbrains/kotlin/com/intellij/psi/PsiJavaReference
instanceKlass org/jetbrains/kotlin/com/intellij/psi/PsiPolyVariantReference
instanceKlass org/jetbrains/kotlin/com/intellij/lang/jvm/types/JvmReferenceType
instanceKlass org/jetbrains/kotlin/com/intellij/lang/jvm/types/JvmPrimitiveType
instanceKlass org/jetbrains/kotlin/com/intellij/psi/PsiType
instanceKlass org/jetbrains/kotlin/com/intellij/psi/PsiAnnotationOwner
instanceKlass org/jetbrains/kotlin/com/intellij/lang/jvm/types/JvmType
instanceKlass org/jetbrains/kotlin/com/intellij/lang/java/parser/BasicJavaParserUtil$ParserWrapper
instanceKlass org/jetbrains/kotlin/com/intellij/psi/impl/PsiJavaParserFacadeImpl
instanceKlass org/jetbrains/kotlin/com/intellij/psi/PsiElementFactory
instanceKlass org/jetbrains/kotlin/com/intellij/psi/PsiJavaParserFacade
instanceKlass org/jetbrains/kotlin/com/intellij/psi/JVMElementFactory
instanceKlass org/jetbrains/kotlin/com/intellij/lang/injection/InjectedLanguageManager
instanceKlass org/jetbrains/kotlin/com/intellij/mock/MockDumbUtil
instanceKlass org/jetbrains/kotlin/com/intellij/openapi/project/DumbUtil
instanceKlass org/jetbrains/kotlin/com/intellij/psi/search/impl/VirtualFileEnumerationAware
instanceKlass org/jetbrains/kotlin/com/intellij/psi/search/impl/VirtualFileEnumeration
instanceKlass org/jetbrains/kotlin/com/intellij/psi/search/SearchScope
instanceKlass org/jetbrains/kotlin/com/intellij/psi/search/ProjectAwareFileFilter
instanceKlass org/jetbrains/kotlin/com/intellij/psi/PsiDirectory
instanceKlass org/jetbrains/kotlin/com/intellij/psi/impl/file/PsiDirectoryFactory
instanceKlass org/jetbrains/kotlin/com/intellij/psi/util/CachedValue
instanceKlass org/jetbrains/kotlin/com/intellij/psi/util/ParameterizedCachedValue
instanceKlass org/jetbrains/kotlin/com/intellij/psi/impl/PsiCachedValuesFactory
instanceKlass org/jetbrains/kotlin/com/intellij/psi/util/CachedValueProvider
instanceKlass org/jetbrains/kotlin/com/intellij/psi/util/CachedValuesManager
instanceKlass org/jetbrains/kotlin/com/intellij/psi/impl/source/tree/TreeElementVisitor
instanceKlass org/jetbrains/kotlin/com/intellij/psi/PsiFileFactory
instanceKlass org/jetbrains/kotlin/com/intellij/psi/impl/PsiToDocumentSynchronizer
instanceKlass org/jetbrains/kotlin/com/intellij/psi/PsiRecursiveVisitor
instanceKlass org/jetbrains/kotlin/com/intellij/psi/PsiElementVisitor
instanceKlass org/jetbrains/kotlin/com/intellij/openapi/editor/event/DocumentListener
instanceKlass org/jetbrains/kotlin/com/intellij/psi/PsiDocumentManager
instanceKlass org/jetbrains/kotlin/com/intellij/core/MockDocumentCommitProcessor
instanceKlass org/jetbrains/kotlin/com/intellij/psi/impl/DocumentCommitProcessor
instanceKlass org/jetbrains/kotlin/com/intellij/psi/SmartPointerManager
instanceKlass org/jetbrains/kotlin/com/intellij/psi/impl/file/impl/FileManagerImpl$1
instanceKlass org/jetbrains/kotlin/com/intellij/openapi/util/Comparing
instanceKlass org/jetbrains/kotlin/com/intellij/openapi/fileTypes/CharsetUtil
instanceKlass org/jetbrains/kotlin/com/intellij/util/LocalTimeCounter
instanceKlass org/jetbrains/kotlin/com/intellij/openapi/extensions/ExtensionPointPriorityListener
instanceKlass org/jetbrains/kotlin/com/intellij/openapi/extensions/ExtensionPointUtil$1
instanceKlass org/jetbrains/kotlin/com/intellij/openapi/extensions/ExtensionPointUtil
instanceKlass org/jetbrains/kotlin/com/intellij/openapi/vfs/NonPhysicalFileSystem
instanceKlass org/jetbrains/kotlin/com/intellij/openapi/vfs/VirtualFileWithAssignedFileType
instanceKlass org/jetbrains/kotlin/com/intellij/psi/impl/file/impl/FileManagerImpl
instanceKlass org/jetbrains/kotlin/com/intellij/openapi/util/NotNullFactory
instanceKlass org/jetbrains/kotlin/com/intellij/openapi/util/Factory
instanceKlass org/jetbrains/kotlin/com/intellij/openapi/vfs/VirtualFileFilter$2
instanceKlass org/jetbrains/kotlin/com/intellij/openapi/vfs/VirtualFileFilter$1
instanceKlass org/jetbrains/kotlin/com/intellij/openapi/vfs/VirtualFileFilter
instanceKlass org/jetbrains/kotlin/com/intellij/openapi/util/LowMemoryWatcher
instanceKlass org/jetbrains/kotlin/com/intellij/psi/impl/source/resolve/ResolveCache$1
instanceKlass org/jetbrains/kotlin/com/intellij/psi/impl/AnyPsiChangeListener
instanceKlass org/jetbrains/kotlin/com/intellij/openapi/wm/ex/ProgressIndicatorEx
instanceKlass org/jetbrains/kotlin/com/intellij/psi/impl/file/impl/FileManager
instanceKlass org/jetbrains/kotlin/com/intellij/psi/ResolveResult
instanceKlass org/jetbrains/kotlin/com/intellij/psi/impl/source/resolve/ResolveCache$StrongValueReference
instanceKlass org/jetbrains/kotlin/com/intellij/util/containers/ConcurrentWeakKeySoftValueHashMap$ValueReference
instanceKlass org/jetbrains/kotlin/com/intellij/psi/impl/source/resolve/ResolveCache$AbstractResolver
instanceKlass org/jetbrains/kotlin/com/intellij/psi/PsiReference
instanceKlass org/jetbrains/kotlin/com/intellij/psi/impl/source/resolve/ResolveCache
instanceKlass org/jetbrains/kotlin/com/intellij/psi/impl/PsiModificationTrackerImpl$1
instanceKlass org/jetbrains/kotlin/com/intellij/openapi/project/DumbService$DumbModeListener
instanceKlass org/jetbrains/kotlin/com/intellij/openapi/project/DumbService$Companion
instanceKlass org/jetbrains/kotlin/com/intellij/openapi/project/DumbService
instanceKlass org/jetbrains/kotlin/com/intellij/psi/util/PsiModificationTracker$Listener
instanceKlass org/jetbrains/kotlin/com/intellij/psi/impl/PsiModificationTrackerImpl
instanceKlass org/jetbrains/kotlin/com/intellij/psi/util/PsiModificationTracker
instanceKlass org/jetbrains/kotlin/com/intellij/lang/jvm/facade/JvmElementProvider
instanceKlass org/jetbrains/kotlin/com/intellij/psi/PsiElementFinder
instanceKlass org/jetbrains/kotlin/com/intellij/psi/impl/PsiTreeChangePreprocessor
instanceKlass org/jetbrains/kotlin/com/intellij/openapi/roots/PackageIndex
instanceKlass org/jetbrains/kotlin/com/intellij/psi/impl/file/impl/JavaFileManager
instanceKlass org/jetbrains/kotlin/com/intellij/psi/impl/ResolveScopeManager
instanceKlass org/jetbrains/kotlin/com/intellij/psi/search/ProjectScopeBuilder
instanceKlass org/jetbrains/kotlin/com/intellij/openapi/roots/FileIndexFacade
instanceKlass org/jetbrains/kotlin/com/intellij/util/CachedValuesFactory
instanceKlass org/jetbrains/kotlin/com/intellij/openapi/project/Project
instanceKlass org/jetbrains/kotlin/com/intellij/core/CoreProjectEnvironment
instanceKlass org/jetbrains/kotlin/cli/jvm/compiler/KotlinCoreEnvironment$Companion$getOrCreateApplicationEnvironment$1$2
instanceKlass org/jetbrains/kotlin/com/intellij/pom/java/InternalPersistentJavaLanguageLevelReaderService$DefaultImpl
instanceKlass org/jetbrains/kotlin/com/intellij/pom/java/InternalPersistentJavaLanguageLevelReaderService
instanceKlass org/jetbrains/kotlin/com/intellij/openapi/vfs/VirtualFileSet
instanceKlass org/jetbrains/kotlin/com/intellij/openapi/vfs/CompactVirtualFileSetFactory
instanceKlass org/jetbrains/kotlin/com/intellij/openapi/vfs/VirtualFileSetFactoryKt
instanceKlass org/jetbrains/kotlin/com/intellij/openapi/vfs/VirtualFileSetFactory
instanceKlass org/jetbrains/kotlin/com/intellij/openapi/application/TransactionGuard
instanceKlass org/jetbrains/kotlin/com/intellij/psi/util/JavaClassSupers
instanceKlass org/jetbrains/kotlin/load/kotlin/KotlinBinaryClassCache$Companion
instanceKlass org/jetbrains/kotlin/load/kotlin/KotlinBinaryClassCache
instanceKlass org/jetbrains/kotlin/psi/stubs/KotlinFileStub
instanceKlass org/jetbrains/kotlin/parsing/KotlinParserDefinition$Companion
instanceKlass org/jetbrains/kotlin/parsing/KotlinCommonParserDefinition
instanceKlass sun/invoke/util/VerifyAccess$1
instanceKlass javax/swing/Icon
instanceKlass org/jetbrains/kotlin/com/intellij/util/keyFMap/OneElementFMap
instanceKlass org/jetbrains/kotlin/com/intellij/openapi/extensions/impl/ExtensionProcessingHelper
instanceKlass org/jetbrains/kotlin/com/intellij/openapi/extensions/impl/ExtensionsAreaImplKt
instanceKlass kotlinx/coroutines/IncompleteStateBox
instanceKlass kotlinx/coroutines/internal/LockFreeLinkedListNode
instanceKlass kotlin/coroutines/jvm/internal/CompletedContinuation
instanceKlass org/jetbrains/kotlin/com/intellij/openapi/util/BuildNumber
instanceKlass org/jetbrains/kotlin/com/intellij/ide/plugins/PluginManagerCore
instanceKlass org/jetbrains/kotlin/com/intellij/ide/plugins/PluginContentDescriptor$Companion
instanceKlass org/jetbrains/kotlin/com/intellij/ide/plugins/PluginContentDescriptor
instanceKlass org/jetbrains/kotlin/com/intellij/ide/plugins/IdeaPluginDescriptorImpl
instanceKlass org/jetbrains/kotlin/com/intellij/ide/plugins/IdeaPluginDescriptor
instanceKlass org/jetbrains/kotlin/org/codehaus/stax2/ri/typed/ValueDecoderFactory
instanceKlass org/jetbrains/kotlin/com/fasterxml/aalto/in/ByteBasedPNameTable$Bucket
instanceKlass org/jetbrains/kotlin/com/intellij/openapi/extensions/ExtensionPointDescriptor
instanceKlass org/jetbrains/kotlin/com/fasterxml/aalto/util/DataUtil
instanceKlass org/jetbrains/kotlin/com/fasterxml/aalto/in/ElementScope
instanceKlass org/jetbrains/kotlin/com/fasterxml/aalto/in/ByteBasedPNameFactory
instanceKlass org/jetbrains/kotlin/com/intellij/ide/plugins/ModuleDependenciesDescriptor$Companion
instanceKlass org/jetbrains/kotlin/com/intellij/ide/plugins/ModuleDependenciesDescriptor
instanceKlass org/jetbrains/kotlin/com/intellij/ide/plugins/ContainerDescriptor
instanceKlass org/jetbrains/kotlin/com/intellij/ide/plugins/RawPluginDescriptor
instanceKlass org/jetbrains/kotlin/com/fasterxml/aalto/util/BufferRecycler
instanceKlass org/jetbrains/kotlin/com/fasterxml/aalto/util/NameTable
instanceKlass org/jetbrains/kotlin/com/fasterxml/aalto/util/XmlCharTypes
instanceKlass org/jetbrains/kotlin/com/fasterxml/aalto/in/AttributeCollector
instanceKlass org/jetbrains/kotlin/com/fasterxml/aalto/util/TextBuilder
instanceKlass org/jetbrains/kotlin/com/fasterxml/aalto/in/FixedNsContext
instanceKlass org/jetbrains/kotlin/com/fasterxml/aalto/in/NsBinding
instanceKlass org/jetbrains/kotlin/com/fasterxml/aalto/in/PName
instanceKlass org/jetbrains/kotlin/org/codehaus/stax2/XMLStreamLocation2
instanceKlass org/jetbrains/kotlin/org/codehaus/stax2/typed/TypedValueDecoder
instanceKlass org/jetbrains/kotlin/com/fasterxml/aalto/stax/StreamReaderImpl
instanceKlass org/jetbrains/kotlin/org/codehaus/stax2/XMLStreamReader2
instanceKlass org/jetbrains/kotlin/org/codehaus/stax2/typed/TypedXMLStreamReader
instanceKlass javax/xml/stream/XMLStreamReader
instanceKlass org/jetbrains/kotlin/org/codehaus/stax2/LocationInfo
instanceKlass org/jetbrains/kotlin/com/fasterxml/aalto/in/XmlScanner
instanceKlass javax/xml/stream/XMLStreamConstants
instanceKlass javax/xml/namespace/NamespaceContext
instanceKlass javax/xml/stream/Location
instanceKlass org/jetbrains/kotlin/com/fasterxml/aalto/in/InputBootstrapper
instanceKlass org/jetbrains/kotlin/com/fasterxml/aalto/util/UriCanonicalizer
instanceKlass org/jetbrains/kotlin/com/fasterxml/aalto/in/ReaderConfig$EncodingContext
instanceKlass org/jetbrains/kotlin/com/fasterxml/aalto/impl/CommonConfig
instanceKlass org/jetbrains/kotlin/com/intellij/util/xml/dom/StaxFactory
instanceKlass kotlin/jvm/internal/SpreadBuilder
instanceKlass org/jetbrains/kotlin/com/intellij/ide/plugins/XmlReader
instanceKlass org/jetbrains/kotlin/com/intellij/ide/plugins/JavaZipFileDataLoader
instanceKlass org/jetbrains/kotlin/com/intellij/ide/plugins/DataLoader
instanceKlass kotlin/ResultKt
instanceKlass kotlinx/coroutines/internal/OpDescriptor
instanceKlass kotlinx/coroutines/DispatchedTaskKt
instanceKlass kotlinx/coroutines/CompletedExceptionally
instanceKlass kotlinx/coroutines/EventLoop_commonKt
instanceKlass kotlinx/coroutines/AbstractTimeSourceKt
instanceKlass kotlin/Result$Failure
instanceKlass kotlinx/coroutines/CompletionStateKt
instanceKlass kotlin/Result$Companion
instanceKlass kotlin/Result
instanceKlass kotlinx/coroutines/internal/ThreadContextKt
instanceKlass kotlinx/coroutines/internal/DispatchedContinuationKt
instanceKlass kotlinx/coroutines/scheduling/Task
instanceKlass kotlin/coroutines/jvm/internal/DebugProbesKt
instanceKlass kotlin/coroutines/intrinsics/IntrinsicsKt__IntrinsicsJvmKt
instanceKlass kotlinx/coroutines/intrinsics/CancellableKt
instanceKlass kotlinx/coroutines/CoroutineStart$WhenMappings
instanceKlass kotlin/coroutines/CombinedContext
instanceKlass kotlinx/coroutines/Job$DefaultImpls
instanceKlass kotlin/coroutines/CoroutineContext$DefaultImpls
instanceKlass kotlinx/coroutines/NonDisposableHandle
instanceKlass kotlinx/coroutines/ChildHandle
instanceKlass kotlinx/coroutines/DisposableHandle
instanceKlass kotlinx/coroutines/Job$Key
instanceKlass kotlinx/coroutines/Empty
instanceKlass kotlinx/coroutines/Incomplete
instanceKlass kotlinx/coroutines/JobSupportKt
instanceKlass kotlinx/coroutines/JobSupport
instanceKlass kotlinx/coroutines/selects/SelectClause0
instanceKlass kotlinx/coroutines/ParentJob
instanceKlass kotlinx/coroutines/ChildJob
instanceKlass kotlinx/coroutines/Job
instanceKlass kotlin/coroutines/ContinuationInterceptor$DefaultImpls
instanceKlass kotlinx/coroutines/DefaultExecutorKt
instanceKlass kotlinx/coroutines/internal/LimitedDispatcherKt
instanceKlass java/util/concurrent/atomic/AtomicReferenceArray
instanceKlass kotlinx/coroutines/internal/LockFreeTaskQueueCore$Companion
instanceKlass kotlinx/coroutines/internal/LockFreeTaskQueueCore
instanceKlass java/util/concurrent/atomic/AtomicIntegerFieldUpdater$AtomicIntegerFieldUpdaterImpl$1
instanceKlass java/util/concurrent/atomic/AtomicIntegerFieldUpdater
instanceKlass kotlinx/coroutines/internal/ResizableAtomicArray
instanceKlass kotlinx/coroutines/internal/LockFreeTaskQueue
instanceKlass kotlinx/coroutines/internal/Symbol
instanceKlass kotlinx/coroutines/scheduling/CoroutineScheduler$Companion
instanceKlass kotlinx/coroutines/scheduling/CoroutineScheduler
instanceKlass java/util/concurrent/Executor
instanceKlass kotlinx/coroutines/scheduling/TaskContextImpl
instanceKlass kotlinx/coroutines/scheduling/TaskContext
instanceKlass kotlinx/coroutines/scheduling/SchedulerTimeSource
instanceKlass kotlinx/coroutines/internal/SystemPropsKt__SystemProps_commonKt
instanceKlass kotlinx/coroutines/scheduling/TasksKt
instanceKlass kotlinx/coroutines/Dispatchers
instanceKlass kotlinx/coroutines/internal/SystemPropsKt__SystemPropsKt
instanceKlass kotlinx/coroutines/internal/SystemPropsKt
instanceKlass kotlinx/coroutines/DebugKt
instanceKlass kotlinx/coroutines/CopyableThreadContextElement
instanceKlass kotlinx/coroutines/ThreadContextElement
instanceKlass kotlin/coroutines/CoroutineContext$Element$DefaultImpls
instanceKlass kotlinx/coroutines/CoroutineContextKt
instanceKlass kotlinx/coroutines/GlobalScope
instanceKlass kotlin/coroutines/AbstractCoroutineContextKey
instanceKlass kotlin/coroutines/AbstractCoroutineContextElement
instanceKlass kotlinx/coroutines/Delay
instanceKlass kotlinx/coroutines/EventLoopKt
instanceKlass kotlinx/coroutines/ThreadLocalEventLoop
instanceKlass kotlin/coroutines/ContinuationInterceptor$Key
instanceKlass kotlin/coroutines/CoroutineContext$Key
instanceKlass kotlin/coroutines/ContinuationInterceptor
instanceKlass kotlin/coroutines/CoroutineContext$Element
instanceKlass kotlin/coroutines/EmptyCoroutineContext
instanceKlass kotlin/coroutines/CoroutineContext
instanceKlass kotlinx/coroutines/BuildersKt__BuildersKt
instanceKlass kotlinx/coroutines/BuildersKt
instanceKlass kotlin/coroutines/jvm/internal/BaseContinuationImpl
instanceKlass kotlin/coroutines/jvm/internal/CoroutineStackFrame
instanceKlass kotlin/coroutines/Continuation
instanceKlass kotlin/coroutines/jvm/internal/SuspendFunction
instanceKlass org/jetbrains/kotlin/com/intellij/ide/plugins/MyXmlInterner
instanceKlass org/jetbrains/kotlin/com/intellij/util/xml/dom/XmlInterner
instanceKlass org/jetbrains/kotlin/com/intellij/ide/plugins/DescriptorListLoadingContext
instanceKlass org/jetbrains/kotlin/com/intellij/ide/plugins/ReadModuleContext
instanceKlass org/jetbrains/kotlin/com/intellij/ide/plugins/PluginXmlPathResolver$Companion
instanceKlass org/jetbrains/kotlin/com/intellij/ide/plugins/PluginXmlPathResolver
instanceKlass org/jetbrains/kotlin/com/intellij/ide/plugins/PathResolver
instanceKlass org/jetbrains/kotlin/com/intellij/ide/plugins/PluginDescriptorLoader
instanceKlass org/jetbrains/kotlin/com/intellij/psi/JavaModuleSystem
instanceKlass org/jetbrains/kotlin/com/intellij/psi/impl/compiled/ClsCustomNavigationPolicy
instanceKlass org/jetbrains/kotlin/cli/jvm/compiler/IdeaExtensionPoints
instanceKlass org/jetbrains/kotlin/com/intellij/psi/impl/smartPointers/SmartPointerAnchorProvider
instanceKlass org/jetbrains/kotlin/com/intellij/codeInsight/runner/JavaMainMethodProvider
instanceKlass org/jetbrains/kotlin/com/intellij/openapi/util/NotNullLazyValue
instanceKlass org/jetbrains/kotlin/com/intellij/psi/augment/PsiAugmentProvider
instanceKlass org/jetbrains/kotlin/com/intellij/psi/meta/MetaDataContributor
instanceKlass org/jetbrains/kotlin/com/intellij/psi/FileContextProvider
instanceKlass org/jetbrains/kotlin/cli/jvm/compiler/DummyJavaFileCodeStyleFacadeFactory
instanceKlass org/jetbrains/kotlin/com/intellij/psi/codeStyle/JavaFileCodeStyleFacadeFactory
instanceKlass org/jetbrains/kotlin/com/intellij/psi/FileViewProvider
instanceKlass org/jetbrains/kotlin/com/intellij/psi/compiled/ClsStubBuilder
instanceKlass org/jetbrains/kotlin/com/intellij/psi/compiled/ClassFileDecompilers$Full
instanceKlass java/util/TimSort
instanceKlass java/util/Arrays$LegacyMergeSort
instanceKlass org/jetbrains/kotlin/com/intellij/openapi/components/Service
instanceKlass org/jetbrains/kotlin/com/intellij/psi/compiled/ClassFileDecompilers
instanceKlass org/jetbrains/kotlin/com/intellij/psi/compiled/ClassFileDecompilers$Decompiler
instanceKlass org/jetbrains/kotlin/com/intellij/psi/util/MethodSignature
instanceKlass org/jetbrains/kotlin/com/intellij/openapi/application/QueryExecutorBase
instanceKlass org/jetbrains/kotlin/com/intellij/util/QueryExecutor
instanceKlass org/jetbrains/kotlin/com/intellij/psi/search/searches/SuperMethodsSearch$1
instanceKlass org/jetbrains/kotlin/com/intellij/openapi/extensions/SmartExtensionPoint$1
instanceKlass org/jetbrains/kotlin/com/intellij/openapi/extensions/ExtensionPointAndAreaListener
instanceKlass org/jetbrains/kotlin/com/intellij/openapi/extensions/SmartExtensionPoint
instanceKlass org/jetbrains/kotlin/com/intellij/util/Query
instanceKlass org/jetbrains/kotlin/com/intellij/util/QueryFactory
instanceKlass org/jetbrains/kotlin/com/intellij/openapi/util/registry/RegistryValue
instanceKlass org/jetbrains/kotlin/com/intellij/openapi/util/registry/Registry$1
instanceKlass org/jetbrains/kotlin/com/intellij/openapi/util/registry/RegistryValueListener
instanceKlass org/jetbrains/kotlin/com/intellij/openapi/util/registry/Registry
instanceKlass org/jetbrains/kotlin/com/intellij/lang/folding/FoldingBuilderEx
instanceKlass org/jetbrains/kotlin/com/intellij/openapi/project/PossiblyDumbAware
instanceKlass org/jetbrains/kotlin/com/intellij/openapi/project/DumbAware
instanceKlass org/jetbrains/kotlin/com/intellij/lang/folding/FoldingBuilder
instanceKlass org/jetbrains/kotlin/com/intellij/codeInsight/folding/JavaCodeFoldingSettings
instanceKlass org/jetbrains/kotlin/com/intellij/psi/PsiParameter
instanceKlass org/jetbrains/kotlin/com/intellij/lang/jvm/JvmParameter
instanceKlass org/jetbrains/kotlin/com/intellij/psi/presentation/java/VariablePresentationProvider
instanceKlass org/jetbrains/kotlin/com/intellij/psi/PsiLocalVariable
instanceKlass org/jetbrains/kotlin/com/intellij/psi/presentation/java/FieldPresentationProvider
instanceKlass org/jetbrains/kotlin/com/intellij/psi/PsiField
instanceKlass org/jetbrains/kotlin/com/intellij/psi/PsiVariable
instanceKlass org/jetbrains/kotlin/com/intellij/lang/jvm/JvmField
instanceKlass org/jetbrains/kotlin/com/intellij/psi/presentation/java/MethodPresentationProvider
instanceKlass org/jetbrains/kotlin/com/intellij/psi/PsiMethod
instanceKlass org/jetbrains/kotlin/com/intellij/psi/PsiParameterListOwner
instanceKlass org/jetbrains/kotlin/com/intellij/lang/jvm/JvmMethod
instanceKlass org/jetbrains/kotlin/com/intellij/psi/presentation/java/ClassPresentationProvider
instanceKlass org/jetbrains/kotlin/com/intellij/psi/PsiClass
instanceKlass org/jetbrains/kotlin/com/intellij/psi/PsiTypeParameterListOwner
instanceKlass org/jetbrains/kotlin/com/intellij/psi/PsiJvmMember
instanceKlass org/jetbrains/kotlin/com/intellij/psi/PsiTarget
instanceKlass org/jetbrains/kotlin/com/intellij/psi/PsiNameIdentifierOwner
instanceKlass org/jetbrains/kotlin/com/intellij/psi/PsiDocCommentOwner
instanceKlass org/jetbrains/kotlin/com/intellij/psi/PsiMember
instanceKlass org/jetbrains/kotlin/com/intellij/psi/PsiJavaDocumentedElement
instanceKlass org/jetbrains/kotlin/com/intellij/pom/PomRenameableTarget
instanceKlass org/jetbrains/kotlin/com/intellij/pom/PomNamedTarget
instanceKlass org/jetbrains/kotlin/com/intellij/pom/PomTarget
instanceKlass org/jetbrains/kotlin/com/intellij/lang/jvm/JvmClass
instanceKlass org/jetbrains/kotlin/com/intellij/lang/jvm/JvmTypeParametersOwner
instanceKlass org/jetbrains/kotlin/com/intellij/lang/jvm/JvmMember
instanceKlass org/jetbrains/kotlin/com/intellij/lang/jvm/JvmTypeDeclaration
instanceKlass org/jetbrains/kotlin/com/intellij/navigation/ItemPresentation
instanceKlass org/jetbrains/kotlin/com/intellij/psi/presentation/java/PackagePresentationProvider
instanceKlass org/jetbrains/kotlin/com/intellij/navigation/ItemPresentationProvider
instanceKlass org/jetbrains/kotlin/com/intellij/psi/PsiPackage
instanceKlass org/jetbrains/kotlin/com/intellij/psi/PsiQualifiedNamedElement
instanceKlass org/jetbrains/kotlin/com/intellij/psi/PsiJvmModifiersOwner
instanceKlass org/jetbrains/kotlin/com/intellij/psi/PsiModifierListOwner
instanceKlass org/jetbrains/kotlin/com/intellij/lang/jvm/JvmModifiersOwner
instanceKlass org/jetbrains/kotlin/com/intellij/psi/PsiDirectoryContainer
instanceKlass org/jetbrains/kotlin/com/intellij/lang/jvm/JvmPackage
instanceKlass org/jetbrains/kotlin/com/intellij/lang/jvm/JvmNamedElement
instanceKlass org/jetbrains/kotlin/com/intellij/lang/jvm/JvmAnnotatedElement
instanceKlass org/jetbrains/kotlin/com/intellij/lang/jvm/JvmElement
instanceKlass org/jetbrains/kotlin/com/intellij/openapi/projectRoots/JavaVersionService
instanceKlass org/jetbrains/kotlin/com/intellij/psi/JavaDirectoryService
instanceKlass org/jetbrains/kotlin/com/intellij/psi/PsiSubstitutor
instanceKlass org/jetbrains/kotlin/com/intellij/psi/PsiSubstitutorFactory
instanceKlass org/jetbrains/kotlin/com/intellij/openapi/util/ModificationTracker$1
instanceKlass org/jetbrains/kotlin/com/intellij/psi/impl/file/PsiPackageImplementationHelper
instanceKlass kotlin/internal/ProgressionUtilKt
instanceKlass kotlin/ranges/IntRange$Companion
instanceKlass kotlin/ranges/IntProgression$Companion
instanceKlass kotlin/ranges/IntProgression
instanceKlass kotlin/ranges/OpenEndRange
instanceKlass kotlin/ranges/ClosedRange
instanceKlass kotlin/text/DelimitedRangesSequence$iterator$1
instanceKlass kotlin/sequences/TransformingSequence$iterator$1
instanceKlass kotlin/sequences/FilteringSequence$iterator$1
instanceKlass kotlin/sequences/FilteringSequence
instanceKlass kotlin/sequences/TransformingSequence
instanceKlass kotlin/text/DelimitedRangesSequence
instanceKlass org/jetbrains/kotlin/com/intellij/openapi/extensions/LoadingOrder$Companion
instanceKlass org/jetbrains/kotlin/com/intellij/openapi/extensions/LoadingOrder
instanceKlass org/jetbrains/kotlin/com/intellij/codeInsight/JavaContainerProvider
instanceKlass org/jetbrains/kotlin/com/intellij/codeInsight/ContainerProvider
instanceKlass org/jetbrains/kotlin/com/intellij/psi/impl/PsiExpressionEvaluator
instanceKlass org/jetbrains/kotlin/com/intellij/psi/impl/ConstantExpressionEvaluator
instanceKlass org/jetbrains/kotlin/com/intellij/psi/stubs/IndexSink
instanceKlass org/jetbrains/kotlin/com/intellij/util/diff/FlyweightCapableTreeStructure
instanceKlass org/jetbrains/kotlin/com/intellij/psi/impl/java/stubs/PsiJavaFileStub
instanceKlass org/jetbrains/kotlin/com/intellij/psi/stubs/PsiClassHolderFileStub
instanceKlass org/jetbrains/kotlin/com/intellij/psi/stubs/LightStubBuilder
instanceKlass org/jetbrains/kotlin/com/intellij/psi/stubs/PsiFileStub
instanceKlass org/jetbrains/kotlin/com/intellij/psi/stubs/StubElement
instanceKlass org/jetbrains/kotlin/com/intellij/psi/stubs/Stub
instanceKlass org/jetbrains/kotlin/com/intellij/psi/StubBuilder
instanceKlass org/jetbrains/kotlin/com/intellij/psi/stubs/StubSerializer
instanceKlass org/jetbrains/kotlin/com/intellij/psi/stubs/ObjectStubSerializer
instanceKlass org/jetbrains/kotlin/com/intellij/lang/java/JavaParserDefinition
instanceKlass org/jetbrains/kotlin/com/intellij/psi/javadoc/PsiDocToken
instanceKlass org/jetbrains/kotlin/com/intellij/psi/javadoc/PsiSnippetAttributeValue
instanceKlass org/jetbrains/kotlin/com/intellij/psi/PsiFragment
instanceKlass org/jetbrains/kotlin/com/intellij/psi/PsiLiteralValue
instanceKlass org/jetbrains/kotlin/com/intellij/psi/PsiKeyword
instanceKlass org/jetbrains/kotlin/com/intellij/psi/PsiIdentifier
instanceKlass org/jetbrains/kotlin/com/intellij/psi/PsiJavaToken
instanceKlass org/jetbrains/kotlin/com/intellij/psi/javadoc/PsiDocTagValue
instanceKlass org/jetbrains/kotlin/com/intellij/psi/impl/compiled/ClassFileStubBuilder
instanceKlass org/jetbrains/kotlin/com/intellij/psi/stubs/BinaryFileStubBuilder$CompositeBinaryFileStubBuilder
instanceKlass org/jetbrains/kotlin/com/intellij/psi/stubs/BinaryFileStubBuilder
instanceKlass org/jetbrains/kotlin/com/intellij/psi/ClassFileViewProviderFactory
instanceKlass org/jetbrains/kotlin/com/intellij/psi/FileViewProviderFactory
instanceKlass org/jetbrains/kotlin/com/intellij/openapi/util/Condition$3
instanceKlass org/jetbrains/kotlin/com/intellij/openapi/util/Condition$2
instanceKlass org/jetbrains/kotlin/com/intellij/openapi/util/Condition$1
instanceKlass org/jetbrains/kotlin/com/intellij/openapi/util/Condition
instanceKlass org/jetbrains/kotlin/com/intellij/openapi/util/Conditions
instanceKlass org/jetbrains/kotlin/com/intellij/psi/tree/IElementType$Predicate
instanceKlass org/jetbrains/kotlin/com/intellij/lexer/Lexer
instanceKlass org/jetbrains/kotlin/com/intellij/openapi/fileTypes/PlainTextParserDefinition
instanceKlass org/jetbrains/kotlin/kotlinx/collections/immutable/implementations/immutableList/AbstractListIterator
instanceKlass org/jetbrains/kotlin/kotlinx/collections/immutable/internal/ListImplementation
instanceKlass org/jetbrains/kotlin/com/intellij/lang/LanguageUtil
instanceKlass org/jetbrains/kotlin/kotlinx/collections/immutable/implementations/immutableSet/TrieNodeIterator
instanceKlass org/jetbrains/kotlin/kotlinx/collections/immutable/implementations/immutableSet/PersistentHashSetIterator
instanceKlass org/jetbrains/kotlin/com/intellij/util/containers/ContainerUtil$9$1
instanceKlass org/jetbrains/kotlin/com/intellij/util/containers/ContainerUtil$9
instanceKlass org/jetbrains/kotlin/com/intellij/psi/PsiPlainText
instanceKlass org/jetbrains/kotlin/com/intellij/lang/ASTFactory$DefaultFactoryHolder
instanceKlass org/jetbrains/kotlin/com/intellij/ide/highlighter/ArchiveFileType
instanceKlass org/jetbrains/kotlin/kotlinx/collections/immutable/implementations/immutableSet/TrieNode$Companion
instanceKlass org/jetbrains/kotlin/kotlinx/collections/immutable/implementations/immutableSet/TrieNode
instanceKlass org/jetbrains/kotlin/kotlinx/collections/immutable/implementations/immutableSet/PersistentHashSet$Companion
instanceKlass kotlin/collections/AbstractSet$Companion
instanceKlass org/jetbrains/kotlin/kotlinx/collections/immutable/PersistentSet
instanceKlass org/jetbrains/kotlin/kotlinx/collections/immutable/ImmutableSet
instanceKlass org/jetbrains/kotlin/com/intellij/openapi/fileTypes/LanguageFileType
instanceKlass org/jetbrains/kotlin/com/intellij/ide/highlighter/JavaClassFileType
instanceKlass org/jetbrains/kotlin/com/intellij/DynamicBundle$LanguageBundleEP
instanceKlass org/jetbrains/kotlin/com/intellij/util/pico/CachingConstructorInjectionComponentAdapter
instanceKlass org/jetbrains/kotlin/com/intellij/openapi/application/ApplicationInfo
instanceKlass org/jetbrains/kotlin/com/intellij/util/graph/GraphAlgorithms
instanceKlass org/jetbrains/kotlin/com/intellij/util/messages/impl/MessagePublisher
instanceKlass org/jetbrains/kotlin/com/intellij/util/messages/impl/CompositeMessageBus$WhenMappings
instanceKlass org/jetbrains/kotlin/com/intellij/openapi/command/impl/CoreCommandProcessor$1
instanceKlass org/jetbrains/kotlin/com/intellij/openapi/command/CommandListener
instanceKlass org/jetbrains/kotlin/com/intellij/openapi/command/CommandToken
instanceKlass org/jetbrains/kotlin/com/intellij/openapi/command/CommandProcessor
instanceKlass org/jetbrains/kotlin/com/intellij/codeInsight/folding/CodeFoldingSettings
instanceKlass org/jetbrains/kotlin/com/intellij/util/containers/Unsafe
instanceKlass org/jetbrains/kotlin/com/intellij/util/ConcurrentLongObjectHashMap$CounterCell
instanceKlass org/jetbrains/kotlin/com/intellij/util/ConcurrentLongObjectHashMap$Node
instanceKlass org/jetbrains/kotlin/com/intellij/util/containers/ConcurrentLongObjectMap$LongEntry
instanceKlass org/jetbrains/kotlin/com/intellij/util/ConcurrentLongObjectHashMap
instanceKlass org/jetbrains/kotlin/com/intellij/util/containers/ConcurrentLongObjectMap
instanceKlass org/jetbrains/kotlin/com/intellij/util/Java11Shim$Companion$INSTANCE$1
instanceKlass org/jetbrains/kotlin/com/intellij/util/Java11Shim$Companion
instanceKlass org/jetbrains/kotlin/com/intellij/util/Java11Shim
instanceKlass java/util/concurrent/Future
instanceKlass org/jetbrains/kotlin/com/intellij/openapi/progress/PerformInBackgroundOption
instanceKlass org/jetbrains/kotlin/com/intellij/openapi/progress/ProgressIndicator
instanceKlass org/jetbrains/kotlin/com/intellij/openapi/progress/Task
instanceKlass org/jetbrains/kotlin/com/intellij/openapi/progress/TaskInfo
instanceKlass org/jetbrains/kotlin/com/intellij/openapi/progress/Progressive
instanceKlass org/jetbrains/kotlin/com/intellij/psi/PsiReferenceService
instanceKlass org/jetbrains/kotlin/com/intellij/psi/stubs/ObjectStubTree
instanceKlass org/jetbrains/kotlin/com/intellij/psi/PsiFile
instanceKlass org/jetbrains/kotlin/com/intellij/psi/PsiFileSystemItem
instanceKlass org/jetbrains/kotlin/com/intellij/psi/PsiCheckedRenameElement
instanceKlass org/jetbrains/kotlin/com/intellij/psi/PsiNamedElement
instanceKlass org/jetbrains/kotlin/com/intellij/psi/NavigatablePsiElement
instanceKlass org/jetbrains/kotlin/com/intellij/psi/stubs/StubTreeLoader
instanceKlass org/jetbrains/kotlin/com/intellij/psi/PsiReferenceProviderBean
instanceKlass org/jetbrains/kotlin/com/intellij/psi/PsiReferenceContributor
instanceKlass org/jetbrains/kotlin/com/intellij/codeInsight/highlighting/PassRunningAssert
instanceKlass org/jetbrains/kotlin/com/intellij/psi/PsiReferenceRegistrar
instanceKlass org/jetbrains/kotlin/it/unimi/dsi/fastutil/doubles/Double2ObjectMap
instanceKlass org/jetbrains/kotlin/it/unimi/dsi/fastutil/doubles/Double2ObjectFunction
instanceKlass java/util/function/DoubleFunction
instanceKlass org/jetbrains/kotlin/com/intellij/psi/PsiReferenceProvider
instanceKlass org/jetbrains/kotlin/com/intellij/psi/impl/source/resolve/reference/ReferenceProvidersRegistry
instanceKlass org/jetbrains/kotlin/com/intellij/lang/PsiBuilder
instanceKlass org/jetbrains/kotlin/com/intellij/openapi/util/UserDataHolderUnprotected
instanceKlass org/jetbrains/kotlin/com/intellij/lang/SyntaxTreeBuilder
instanceKlass org/jetbrains/kotlin/com/intellij/lang/PsiBuilderFactory
instanceKlass org/jetbrains/kotlin/com/intellij/openapi/util/text/StringUtilRt
instanceKlass org/jetbrains/kotlin/com/intellij/psi/impl/source/CharTableImpl
instanceKlass org/jetbrains/kotlin/com/intellij/psi/PsiLanguageInjectionHost
instanceKlass org/jetbrains/kotlin/com/intellij/psi/PsiComment
instanceKlass org/jetbrains/kotlin/com/intellij/model/psi/UrlReferenceHost
instanceKlass org/jetbrains/kotlin/com/intellij/model/psi/PsiExternalReferenceHost
instanceKlass org/jetbrains/kotlin/com/intellij/navigation/NavigationItem
instanceKlass org/jetbrains/kotlin/com/intellij/pom/Navigatable
instanceKlass org/jetbrains/kotlin/com/intellij/psi/PsiWhiteSpace
instanceKlass org/jetbrains/kotlin/com/intellij/psi/PsiElement
instanceKlass org/jetbrains/kotlin/com/intellij/psi/tree/ILazyParseableElementTypeBase
instanceKlass org/jetbrains/kotlin/com/intellij/psi/tree/IElementType
instanceKlass org/jetbrains/kotlin/com/intellij/lang/FileASTNode
instanceKlass org/jetbrains/kotlin/com/intellij/openapi/util/Iconable
instanceKlass org/jetbrains/kotlin/com/intellij/psi/impl/ReparseableASTNode
instanceKlass org/jetbrains/kotlin/com/intellij/lang/ASTNode
instanceKlass org/jetbrains/kotlin/com/intellij/util/CharTable
instanceKlass org/jetbrains/kotlin/com/intellij/lang/ASTFactory
instanceKlass org/jetbrains/kotlin/com/intellij/lang/DefaultASTFactory
instanceKlass org/jetbrains/kotlin/com/intellij/openapi/vfs/encoding/EncodingRegistry
instanceKlass java/util/Collections$UnmodifiableMap$UnmodifiableEntrySet$UnmodifiableEntry
instanceKlass java/util/Collections$UnmodifiableMap$UnmodifiableEntrySet$1
instanceKlass org/jetbrains/kotlin/com/intellij/openapi/extensions/impl/ImplementationClassResolver
instanceKlass org/jetbrains/kotlin/com/intellij/serviceContainer/LazyExtensionInstance
instanceKlass org/jetbrains/kotlin/com/intellij/openapi/extensions/PluginAware
instanceKlass org/jetbrains/kotlin/com/intellij/util/KeyedLazyInstance
instanceKlass org/jetbrains/kotlin/com/intellij/openapi/vfs/impl/BulkVirtualFileListenerAdapter
instanceKlass org/jetbrains/kotlin/com/intellij/util/messages/impl/BaseBusConnection
instanceKlass org/jetbrains/kotlin/com/intellij/util/messages/impl/MessageBusImpl$MessageHandlerHolder
instanceKlass org/jetbrains/kotlin/com/intellij/util/messages/MessageBusConnection
instanceKlass org/jetbrains/kotlin/com/intellij/util/messages/SimpleMessageBusConnection
instanceKlass org/jetbrains/kotlin/com/intellij/openapi/vfs/impl/VirtualFileManagerImpl$LoggingListener
instanceKlass jdk/internal/reflect/UnsafeFieldAccessorFactory
instanceKlass sun/misc/Unsafe
instanceKlass org/jetbrains/kotlin/com/intellij/util/ReflectionUtil
instanceKlass org/jetbrains/kotlin/com/intellij/openapi/vfs/newvfs/CachingVirtualFileSystem
instanceKlass org/jetbrains/kotlin/kotlinx/collections/immutable/implementations/immutableMap/TrieNode$ModificationResult
instanceKlass org/jetbrains/kotlin/kotlinx/collections/immutable/internal/CommonFunctionsKt
instanceKlass org/jetbrains/kotlin/kotlinx/collections/immutable/implementations/immutableList/SmallPersistentVector$Companion
instanceKlass org/jetbrains/kotlin/kotlinx/collections/immutable/PersistentList
instanceKlass org/jetbrains/kotlin/kotlinx/collections/immutable/PersistentCollection
instanceKlass org/jetbrains/kotlin/kotlinx/collections/immutable/ImmutableList
instanceKlass org/jetbrains/kotlin/kotlinx/collections/immutable/ImmutableCollection
instanceKlass org/jetbrains/kotlin/kotlinx/collections/immutable/implementations/immutableList/UtilsKt
instanceKlass org/jetbrains/kotlin/kotlinx/collections/immutable/implementations/immutableMap/TrieNodeKt
instanceKlass java/util/concurrent/atomic/AtomicBoolean
instanceKlass java/util/concurrent/atomic/AtomicLongFieldUpdater$CASUpdater$1
instanceKlass java/util/concurrent/atomic/AtomicLongFieldUpdater
instanceKlass org/jetbrains/kotlin/kotlinx/collections/immutable/implementations/immutableMap/TrieNode$Companion
instanceKlass org/jetbrains/kotlin/kotlinx/collections/immutable/implementations/immutableMap/TrieNode
instanceKlass org/jetbrains/kotlin/kotlinx/collections/immutable/implementations/immutableMap/PersistentHashMap$Companion
instanceKlass kotlin/collections/AbstractMap$Companion
instanceKlass kotlin/collections/AbstractMap
instanceKlass org/jetbrains/kotlin/kotlinx/collections/immutable/PersistentMap
instanceKlass org/jetbrains/kotlin/kotlinx/collections/immutable/ImmutableMap
instanceKlass org/jetbrains/kotlin/kotlinx/collections/immutable/ExtensionsKt
instanceKlass org/jetbrains/kotlin/com/intellij/openapi/application/CachedSingletonsRegistry
instanceKlass org/jetbrains/kotlin/com/intellij/openapi/vfs/newvfs/BulkFileListener
instanceKlass org/jetbrains/kotlin/com/intellij/util/messages/Topic
instanceKlass org/jetbrains/kotlin/com/intellij/openapi/vfs/VirtualFileManager
instanceKlass org/jetbrains/kotlin/com/intellij/openapi/extensions/ExtensionPointListener$Companion
instanceKlass org/jetbrains/kotlin/com/intellij/openapi/util/EmptyRunnable
instanceKlass org/jetbrains/kotlin/com/intellij/openapi/extensions/ExtensionPointAdapter
instanceKlass org/jetbrains/kotlin/com/intellij/openapi/extensions/impl/ExtensionComponentAdapter
instanceKlass org/jetbrains/kotlin/com/intellij/openapi/extensions/LoadingOrder$Orderable
instanceKlass org/jetbrains/kotlin/com/intellij/openapi/extensions/ExtensionPointListener
instanceKlass org/jetbrains/kotlin/com/intellij/openapi/extensions/impl/ExtensionPointImpl
instanceKlass org/jetbrains/kotlin/com/intellij/openapi/extensions/ExtensionPoint
instanceKlass org/jetbrains/kotlin/com/intellij/openapi/extensions/PluginId
instanceKlass org/jetbrains/kotlin/com/intellij/openapi/extensions/DefaultPluginDescriptor
instanceKlass org/jetbrains/kotlin/com/intellij/openapi/vfs/VirtualFileManagerListener
instanceKlass java/util/EventObject
instanceKlass org/jetbrains/kotlin/com/intellij/openapi/editor/ex/DocumentEx
instanceKlass org/jetbrains/kotlin/com/intellij/openapi/editor/Document
instanceKlass org/jetbrains/kotlin/com/intellij/openapi/fileEditor/FileDocumentManager
instanceKlass org/jetbrains/kotlin/cli/jvm/modules/CoreJrtFileSystem$Companion
instanceKlass org/jetbrains/kotlin/com/intellij/util/containers/ConcurrentFactoryMap
instanceKlass org/jetbrains/kotlin/com/intellij/openapi/vfs/impl/ArchiveHandler
instanceKlass org/jetbrains/kotlin/com/intellij/util/Function
instanceKlass org/jetbrains/kotlin/com/intellij/util/EventDispatcher
instanceKlass org/jetbrains/kotlin/com/intellij/openapi/vfs/VirtualFileListener
instanceKlass org/jetbrains/kotlin/com/intellij/openapi/extensions/ExtensionPointName$Companion
instanceKlass org/jetbrains/kotlin/com/intellij/openapi/extensions/BaseExtensionPointName
instanceKlass java/util/EventListener
instanceKlass org/jetbrains/kotlin/com/intellij/util/ArrayUtil
instanceKlass org/jetbrains/kotlin/com/intellij/util/ArrayFactory
instanceKlass java/util/AbstractList$Itr
instanceKlass org/jetbrains/kotlin/com/intellij/openapi/extensions/Extensions
instanceKlass org/jetbrains/kotlin/com/intellij/openapi/util/ObjectNode$ListNodeChildren
instanceKlass org/jetbrains/kotlin/com/intellij/openapi/util/Disposer$CheckedDisposableImpl
instanceKlass org/jetbrains/kotlin/com/intellij/openapi/util/CheckedDisposable
instanceKlass org/jetbrains/kotlin/com/intellij/openapi/extensions/impl/ExtensionsAreaImpl
instanceKlass org/jetbrains/kotlin/com/intellij/util/pico/DefaultPicoContainer$InstanceComponentAdapter
instanceKlass org/jetbrains/kotlin/com/intellij/util/pico/DefaultPicoContainer$LinkedHashSetWrapper
instanceKlass org/jetbrains/kotlin/org/picocontainer/ComponentAdapter
instanceKlass org/jetbrains/kotlin/com/intellij/util/messages/impl/MessageQueue
instanceKlass org/jetbrains/kotlin/com/intellij/util/messages/impl/CompositeMessageBusKt
instanceKlass org/jetbrains/kotlin/com/intellij/openapi/util/Disposer$1
instanceKlass java/util/concurrent/ConcurrentLinkedQueue$Node
instanceKlass org/jetbrains/kotlin/com/intellij/util/messages/impl/MessageBusImpl$Companion
instanceKlass org/jetbrains/kotlin/com/intellij/util/messages/impl/MessageBusImpl
instanceKlass org/jetbrains/kotlin/com/intellij/util/messages/impl/MessageBusEx
instanceKlass org/jetbrains/kotlin/com/intellij/util/messages/MessageBusFactory
instanceKlass org/jetbrains/kotlin/com/intellij/util/keyFMap/DebugFMap
instanceKlass org/jetbrains/kotlin/com/intellij/util/keyFMap/EmptyFMap
instanceKlass org/jetbrains/kotlin/com/intellij/util/keyFMap/KeyFMap
instanceKlass org/jetbrains/kotlin/com/intellij/openapi/application/ModalityState
instanceKlass kotlinx/coroutines/CoroutineScope
instanceKlass org/jetbrains/kotlin/com/intellij/openapi/extensions/ExtensionsArea
instanceKlass org/jetbrains/kotlin/com/intellij/util/pico/DefaultPicoContainer
instanceKlass org/jetbrains/kotlin/com/intellij/util/messages/MessageBus
instanceKlass org/jetbrains/kotlin/com/intellij/openapi/fileTypes/UnknownFileType
instanceKlass org/jetbrains/kotlin/com/intellij/util/containers/FastUtilCaseInsensitiveStringHashingStrategy
instanceKlass org/jetbrains/kotlin/com/intellij/util/containers/FastUtilHashingStrategies$1
instanceKlass org/jetbrains/kotlin/com/intellij/util/containers/FastUtilHashingStrategies$SerializableHashStrategy
instanceKlass org/jetbrains/kotlin/com/intellij/util/containers/FastUtilCharSequenceHashingStrategy
instanceKlass org/jetbrains/kotlin/com/intellij/util/containers/FastUtilHashingStrategies
instanceKlass jdk/internal/math/FloatingDecimal$ASCIIToBinaryBuffer
instanceKlass jdk/internal/math/FloatingDecimal$PreparedASCIIToBinaryBuffer
instanceKlass jdk/internal/math/FloatingDecimal$ASCIIToBinaryConverter
instanceKlass jdk/internal/math/FloatingDecimal$BinaryToASCIIBuffer
instanceKlass jdk/internal/math/FloatingDecimal$ExceptionalBinaryToASCIIBuffer
instanceKlass jdk/internal/math/FloatingDecimal$BinaryToASCIIConverter
instanceKlass jdk/internal/math/FloatingDecimal
instanceKlass java/util/regex/ASCII
instanceKlass java/util/regex/IntHashSet
instanceKlass java/util/regex/Matcher
instanceKlass java/util/regex/MatchResult
instanceKlass org/jetbrains/kotlin/com/intellij/openapi/util/SystemInfoRt
instanceKlass org/jetbrains/kotlin/com/intellij/util/text/CharArrayCharSequence
instanceKlass org/jetbrains/kotlin/com/intellij/util/text/CharSequenceBackedByArray
instanceKlass org/jetbrains/kotlin/com/intellij/openapi/util/text/CharSequenceWithStringHash
instanceKlass org/jetbrains/kotlin/com/intellij/openapi/util/text/Strings
instanceKlass org/jetbrains/kotlin/com/intellij/util/text/StringKt
instanceKlass sun/nio/fs/WindowsChannelFactory$2
instanceKlass sun/nio/fs/WindowsChannelFactory$Flags
instanceKlass sun/nio/fs/WindowsChannelFactory$1
instanceKlass sun/nio/fs/WindowsChannelFactory
instanceKlass sun/nio/fs/WindowsSecurityDescriptor
instanceKlass java/nio/file/attribute/FileAttribute
instanceKlass java/nio/channels/spi/AbstractInterruptibleChannel
instanceKlass java/nio/channels/InterruptibleChannel
instanceKlass java/nio/channels/ScatteringByteChannel
instanceKlass java/nio/channels/GatheringByteChannel
instanceKlass java/nio/channels/SeekableByteChannel
instanceKlass java/nio/channels/ByteChannel
instanceKlass java/nio/channels/WritableByteChannel
instanceKlass java/nio/channels/ReadableByteChannel
instanceKlass java/nio/channels/Channel
instanceKlass java/nio/file/FileChannelLinesSpliterator
instanceKlass sun/nio/fs/WindowsPath$1
instanceKlass java/util/function/UnaryOperator
instanceKlass org/jetbrains/kotlin/com/intellij/util/ObjectUtils$Sentinel
instanceKlass org/jetbrains/kotlin/com/intellij/util/ObjectUtils
instanceKlass org/jetbrains/kotlin/com/intellij/util/concurrency/SynchronizedClearableLazy$Companion
instanceKlass org/jetbrains/kotlin/com/intellij/util/concurrency/SynchronizedClearableLazy
instanceKlass org/jetbrains/kotlin/com/intellij/openapi/util/registry/EarlyAccessRegistryManagerKt
instanceKlass org/jetbrains/kotlin/com/intellij/openapi/util/registry/EarlyAccessRegistryManager
instanceKlass org/jetbrains/kotlin/com/intellij/ide/plugins/DisabledPluginsState$Companion
instanceKlass org/jetbrains/kotlin/com/intellij/ide/plugins/DisabledPluginsState
instanceKlass org/jetbrains/kotlin/com/intellij/ide/plugins/PluginEnabler$Headless
instanceKlass org/jetbrains/kotlin/com/intellij/ide/plugins/PluginEnabler
instanceKlass org/jetbrains/kotlin/cli/jvm/compiler/KotlinCoreApplicationEnvironmentMode$UnitTest
instanceKlass org/jetbrains/kotlin/cli/jvm/compiler/KotlinCoreApplicationEnvironment$Companion
instanceKlass org/jetbrains/kotlin/com/intellij/lang/ParserDefinition
instanceKlass org/jetbrains/kotlin/com/intellij/openapi/fileTypes/FileType
instanceKlass org/jetbrains/kotlin/com/intellij/concurrency/JobLauncher
instanceKlass org/jetbrains/kotlin/com/intellij/openapi/util/UserDataHolderEx
instanceKlass org/jetbrains/kotlin/com/intellij/util/messages/MessageBusOwner
instanceKlass org/jetbrains/kotlin/com/intellij/openapi/application/ex/ApplicationEx
instanceKlass org/jetbrains/kotlin/com/intellij/openapi/extensions/PluginDescriptor
instanceKlass org/jetbrains/kotlin/org/picocontainer/MutablePicoContainer
instanceKlass org/jetbrains/kotlin/org/picocontainer/PicoContainer
instanceKlass org/jetbrains/kotlin/com/intellij/openapi/util/SimpleModificationTracker
instanceKlass org/jetbrains/kotlin/com/intellij/openapi/vfs/VirtualFileSystem
instanceKlass org/jetbrains/kotlin/com/intellij/openapi/util/KeyedExtensionCollector
instanceKlass org/jetbrains/kotlin/com/intellij/openapi/util/ModificationTracker
instanceKlass org/jetbrains/kotlin/com/intellij/openapi/progress/ProgressIndicatorProvider
instanceKlass org/jetbrains/kotlin/com/intellij/openapi/fileTypes/FileTypeRegistry
instanceKlass org/jetbrains/kotlin/com/intellij/openapi/application/Application
instanceKlass org/jetbrains/kotlin/com/intellij/openapi/components/ComponentManager
instanceKlass org/jetbrains/kotlin/com/intellij/openapi/util/UserDataHolder
instanceKlass org/jetbrains/kotlin/com/intellij/openapi/extensions/AreaInstance
instanceKlass org/jetbrains/kotlin/com/intellij/core/CoreApplicationEnvironment
instanceKlass org/jetbrains/kotlin/cli/jvm/compiler/KotlinCoreApplicationEnvironmentMode$Production
instanceKlass org/jetbrains/kotlin/cli/jvm/compiler/KotlinCoreApplicationEnvironmentMode
instanceKlass org/jetbrains/kotlin/cli/jvm/compiler/KotlinCoreEnvironment$Companion
instanceKlass org/jetbrains/kotlin/cli/jvm/compiler/KotlinCoreEnvironment
instanceKlass org/jetbrains/kotlin/cli/jvm/compiler/pipeline/JvmCompilerPipelineKt
instanceKlass org/jetbrains/kotlin/cli/jvm/config/JvmClasspathRoot
instanceKlass org/jetbrains/kotlin/cli/jvm/config/JvmClasspathRootBase
instanceKlass org/jetbrains/kotlin/cli/jvm/config/JavaSourceRoot
instanceKlass org/jetbrains/kotlin/cli/jvm/config/JvmContentRoot
instanceKlass org/jetbrains/kotlin/cli/jvm/config/JvmContentRootBase
instanceKlass org/jetbrains/kotlin/cli/jvm/config/JvmContentRootsKt
instanceKlass org/jetbrains/kotlin/cli/common/config/KotlinSourceRoot
instanceKlass org/jetbrains/kotlin/cli/common/config/ContentRoot
instanceKlass org/jetbrains/kotlin/cli/common/config/ContentRootsKt
instanceKlass org/jetbrains/kotlin/cli/jvm/compiler/KotlinToJVMBytecodeCompilerKt
instanceKlass org/jetbrains/kotlin/cli/common/modules/ModuleChunk
instanceKlass org/jetbrains/kotlin/modules/JavaRootPath
instanceKlass org/jetbrains/kotlin/cli/jvm/compiler/CliCompilerUtilsKt
instanceKlass org/jetbrains/kotlin/cli/common/modules/ModuleBuilder
instanceKlass org/jetbrains/kotlin/modules/Module
instanceKlass org/jetbrains/kotlin/cli/jvm/K2JVMCompilerKt
instanceKlass org/jetbrains/kotlin/config/JvmSerializeIrMode$Companion
instanceKlass org/jetbrains/kotlin/config/JvmAbiStability$Companion
instanceKlass org/jetbrains/kotlin/compiler/plugin/CommandLineProcessor
instanceKlass org/jetbrains/kotlin/compiler/plugin/CompilerPluginRegistrar$Companion
instanceKlass org/jetbrains/kotlin/compiler/plugin/CompilerPluginRegistrar
instanceKlass org/jetbrains/kotlin/compiler/plugin/ComponentRegistrar$Companion
instanceKlass org/jetbrains/kotlin/compiler/plugin/ComponentRegistrar
instanceKlass org/jetbrains/kotlin/util/ServiceLoaderLite
instanceKlass org/jetbrains/kotlin/cli/common/CLICompilerKt
instanceKlass org/jetbrains/kotlin/cli/jvm/plugins/PluginCliParser
instanceKlass org/jetbrains/kotlin/cli/plugins/PluginsOptionsParserKt
instanceKlass kotlin/collections/ArrayAsCollection
instanceKlass org/jetbrains/kotlin/backend/common/phaser/PhaseConfig
instanceKlass org/jetbrains/kotlin/backend/common/phaser/PhaseConfigKt
instanceKlass org/jetbrains/kotlin/cli/common/CreatePhaseConfigKt
instanceKlass org/jetbrains/kotlin/backend/jvm/lower/ResolveInlineCalls
instanceKlass org/jetbrains/kotlin/backend/jvm/lower/GenerateMultifileFacades
instanceKlass org/jetbrains/kotlin/backend/jvm/lower/InlinedClassReferencesBoxingLowering
instanceKlass org/jetbrains/kotlin/backend/jvm/lower/MarkNecessaryInlinedClassesAsRegeneratedLowering
instanceKlass org/jetbrains/kotlin/backend/jvm/lower/ApiVersionIsAtLeastEvaluationLowering
instanceKlass org/jetbrains/kotlin/backend/jvm/lower/RepeatedAnnotationLowering
instanceKlass org/jetbrains/kotlin/backend/jvm/lower/JvmStaticInObjectLowering
instanceKlass org/jetbrains/kotlin/backend/jvm/lower/FileClassLowering
instanceKlass org/jetbrains/kotlin/backend/jvm/lower/ScriptsToClassesLowering
instanceKlass org/jetbrains/kotlin/backend/jvm/lower/SerializeIrPhase
instanceKlass org/jetbrains/kotlin/backend/common/lower/ConstEvaluationLowering
instanceKlass org/jetbrains/kotlin/backend/common/ir/ExpectSymbolTransformer
instanceKlass org/jetbrains/kotlin/backend/jvm/lower/ProcessOptionalAnnotations
instanceKlass org/jetbrains/kotlin/backend/common/phaser/IrValidationPhase
instanceKlass org/jetbrains/kotlin/backend/jvm/lower/ExternalPackageParentPatcherLowering
instanceKlass org/jetbrains/kotlin/backend/jvm/lower/FakeLocalVariablesForIrInlinerLowering
instanceKlass org/jetbrains/kotlin/backend/jvm/ir/IrInlineReferenceLocator
instanceKlass org/jetbrains/kotlin/backend/jvm/lower/FakeInliningLocalVariables
instanceKlass org/jetbrains/kotlin/backend/jvm/lower/RenameFieldsLowering
instanceKlass org/jetbrains/kotlin/backend/jvm/lower/ReplaceNumberToCharCallSitesLowering
instanceKlass org/jetbrains/kotlin/backend/common/lower/KotlinNothingValueExceptionLowering
instanceKlass org/jetbrains/kotlin/backend/jvm/lower/ReplaceKFunctionInvokeWithFunctionInvoke
instanceKlass org/jetbrains/kotlin/backend/jvm/lower/RecordEnclosingMethodsLowering
instanceKlass org/jetbrains/kotlin/backend/jvm/lower/AdditionalClassAnnotationLowering
instanceKlass org/jetbrains/kotlin/backend/jvm/lower/JvmOptimizationLowering
instanceKlass org/jetbrains/kotlin/backend/jvm/lower/JvmSafeCallChainFoldingLowering
instanceKlass org/jetbrains/kotlin/backend/jvm/lower/ToArrayLowering
instanceKlass org/jetbrains/kotlin/backend/jvm/lower/JvmArgumentNullabilityAssertionsLowering
instanceKlass org/jetbrains/kotlin/backend/jvm/lower/SyntheticAccessorLowering
instanceKlass org/jetbrains/kotlin/backend/jvm/lower/BridgeLowering
instanceKlass org/jetbrains/kotlin/backend/jvm/lower/JvmStaticInCompanionLowering
instanceKlass org/jetbrains/kotlin/backend/common/lower/InitializersCleanupLowering
instanceKlass org/jetbrains/kotlin/backend/jvm/lower/UniqueLoopLabelsLowering
instanceKlass org/jetbrains/kotlin/backend/common/lower/InitializersLoweringBase
instanceKlass org/jetbrains/kotlin/backend/jvm/lower/ObjectClassLowering
instanceKlass org/jetbrains/kotlin/backend/jvm/lower/EnumClassLowering
instanceKlass org/jetbrains/kotlin/backend/common/lower/InnerClassConstructorCallsLowering
instanceKlass org/jetbrains/kotlin/backend/common/lower/InnerClassesMemberBodyLowering
instanceKlass org/jetbrains/kotlin/backend/common/lower/InnerClassesLowering
instanceKlass jdk/internal/misc/ScopedMemoryAccess$Scope
instanceKlass org/jetbrains/kotlin/backend/jvm/lower/TailCallOptimizationLowering
instanceKlass org/jetbrains/kotlin/backend/jvm/lower/InterfaceObjectCallsLowering
instanceKlass org/jetbrains/kotlin/ir/visitors/IrElementVisitorVoid
instanceKlass org/jetbrains/kotlin/backend/jvm/lower/ReplaceDefaultImplsOverriddenSymbols
instanceKlass org/jetbrains/kotlin/backend/jvm/lower/InheritedDefaultMethodsOnClassesLowering
instanceKlass org/jetbrains/kotlin/backend/common/lower/DefaultParameterCleaner
instanceKlass org/jetbrains/kotlin/backend/common/lower/DefaultArgumentStubGenerator
instanceKlass org/jetbrains/kotlin/backend/common/DeclarationTransformer
instanceKlass org/jetbrains/kotlin/backend/jvm/lower/JvmDefaultConstructorLowering
instanceKlass org/jetbrains/kotlin/backend/common/lower/LocalClassPopupLowering
instanceKlass org/jetbrains/kotlin/backend/jvm/lower/RemoveDuplicatedInlinedLocalClassesLowering
instanceKlass org/jetbrains/kotlin/backend/common/lower/LocalDeclarationsLowering
instanceKlass org/jetbrains/kotlin/backend/common/lower/SharedVariablesLowering
instanceKlass org/jetbrains/kotlin/backend/common/lower/ReturnableBlockLowering
instanceKlass org/jetbrains/kotlin/backend/jvm/lower/AssertionLowering
instanceKlass org/jetbrains/kotlin/backend/common/lower/TailrecLowering
instanceKlass org/jetbrains/kotlin/backend/jvm/lower/CollectionStubMethodLowering
instanceKlass org/jetbrains/kotlin/backend/common/lower/loops/ForLoopsLowering
instanceKlass org/jetbrains/kotlin/backend/common/lower/RangeContainsLowering
instanceKlass org/jetbrains/kotlin/backend/jvm/lower/JvmBuiltInsLowering
instanceKlass org/jetbrains/kotlin/backend/jvm/lower/MoveOrCopyCompanionObjectFieldsLowering
instanceKlass org/jetbrains/kotlin/backend/common/lower/ArrayConstructorLowering
instanceKlass org/jetbrains/kotlin/backend/jvm/lower/SingletonOrConstantDelegationLowering
instanceKlass org/jetbrains/kotlin/backend/jvm/lower/PropertyReferenceDelegationLowering
instanceKlass org/jetbrains/kotlin/backend/jvm/lower/SuspendLoweringUtils
instanceKlass org/jetbrains/kotlin/ir/inline/InlineCallableReferenceToLambdaPhase
instanceKlass org/jetbrains/kotlin/backend/common/lower/InventNamesForLocalClasses
instanceKlass org/jetbrains/kotlin/backend/jvm/lower/JvmLateinitLowering
instanceKlass org/jetbrains/kotlin/ir/visitors/IrElementTransformerVoid
instanceKlass org/jetbrains/kotlin/backend/jvm/lower/PolymorphicSignatureLowering
instanceKlass org/jetbrains/kotlin/backend/common/lower/AnnotationImplementationLowering
instanceKlass org/jetbrains/kotlin/backend/jvm/lower/AnnotationLowering
instanceKlass org/jetbrains/kotlin/backend/jvm/lower/MainMethodGenerationLowering
instanceKlass org/jetbrains/kotlin/backend/jvm/lower/JvmOverloadsAnnotationLowering
instanceKlass org/jetbrains/kotlin/backend/common/lower/ProvisionalFunctionExpressionLowering
instanceKlass org/jetbrains/kotlin/ir/visitors/IrElementTransformer
instanceKlass org/jetbrains/kotlin/ir/visitors/IrElementVisitor
instanceKlass org/jetbrains/kotlin/backend/common/BodyLoweringPass
instanceKlass org/jetbrains/kotlin/backend/jvm/lower/TypeAliasAnnotationMethodsLowering
instanceKlass org/jetbrains/kotlin/backend/common/ClassLoweringPass
instanceKlass org/jetbrains/kotlin/backend/jvm/JvmLoweringPhasesKt
instanceKlass org/jetbrains/kotlin/backend/jvm/GenerateAdditionalClassesPhase
instanceKlass org/jetbrains/kotlin/backend/common/phaser/CompositePhase
instanceKlass org/jetbrains/kotlin/backend/common/phaser/PerformByIrFilePhase
instanceKlass org/jetbrains/kotlin/backend/common/phaser/SameTypeCompilerPhase
instanceKlass org/jetbrains/kotlin/backend/common/phaser/PerformByIrFileKt
instanceKlass org/jetbrains/kotlin/backend/common/phaser/AbstractNamedCompilerPhase
instanceKlass org/jetbrains/kotlin/backend/common/phaser/CompilerPhase
instanceKlass org/jetbrains/kotlin/backend/common/phaser/PhaseBuildersKt
instanceKlass org/jetbrains/kotlin/ir/IrElementBase
instanceKlass org/jetbrains/kotlin/ir/declarations/IrSymbolOwner
instanceKlass org/jetbrains/kotlin/ir/declarations/IrDeclarationContainer
instanceKlass org/jetbrains/kotlin/ir/declarations/IrDeclarationParent
instanceKlass org/jetbrains/kotlin/ir/declarations/IrMutableAnnotationContainer
instanceKlass org/jetbrains/kotlin/ir/declarations/IrAnnotationContainer
instanceKlass org/jetbrains/kotlin/ir/declarations/IrMetadataSourceOwner
instanceKlass org/jetbrains/kotlin/ir/IrElement
instanceKlass org/jetbrains/kotlin/backend/common/phaser/PhaserState
instanceKlass org/jetbrains/kotlin/backend/common/phaser/PhaseConfigurationService
instanceKlass kotlin/Unit
instanceKlass org/jetbrains/kotlin/backend/common/phaser/ActionState
instanceKlass org/jetbrains/kotlin/backend/common/phaser/DumperVerifierKt
instanceKlass java/util/Collections$EmptyIterator
instanceKlass java/lang/Class$AnnotationData
instanceKlass kotlin/annotation/Retention
instanceKlass org/jetbrains/kotlin/backend/common/phaser/PhaseDescription
instanceKlass sun/reflect/generics/reflectiveObjects/LazyReflectiveObjectGenerator
instanceKlass sun/reflect/generics/tree/TypeVariableSignature
instanceKlass sun/reflect/generics/reflectiveObjects/ParameterizedTypeImpl
instanceKlass java/lang/reflect/ParameterizedType
instanceKlass org/jetbrains/kotlin/backend/jvm/FileCodegen
instanceKlass org/jetbrains/kotlin/backend/common/FileLoweringPass
instanceKlass org/jetbrains/kotlin/backend/common/ModuleLoweringPass
instanceKlass org/jetbrains/kotlin/backend/jvm/JvmBackendContext
instanceKlass org/jetbrains/kotlin/backend/common/CommonBackendContext
instanceKlass org/jetbrains/kotlin/backend/common/phaser/BackendContextHolder
instanceKlass org/jetbrains/kotlin/backend/common/LoggingContext
instanceKlass org/jetbrains/kotlin/backend/common/ErrorReportingContext
instanceKlass org/jetbrains/kotlin/backend/common/BackendContext
instanceKlass sun/reflect/generics/tree/ClassSignature
instanceKlass sun/reflect/generics/tree/Signature
instanceKlass sun/reflect/generics/tree/FormalTypeParameter
instanceKlass java/lang/reflect/TypeVariable
instanceKlass sun/reflect/generics/repository/AbstractRepository
instanceKlass org/jetbrains/kotlin/backend/common/phaser/PhaseFactoriesKt
instanceKlass org/jetbrains/kotlin/backend/jvm/JvmPhasesKt
instanceKlass org/jetbrains/kotlin/cli/common/environment/UtilKt
instanceKlass org/jetbrains/kotlin/com/intellij/util/containers/CanonicalHashingStrategy
instanceKlass org/jetbrains/kotlin/com/intellij/util/containers/ConcurrentRefHashMap$HardKey
instanceKlass org/jetbrains/kotlin/com/intellij/util/containers/ConcurrentRefHashMap$1
instanceKlass org/jetbrains/kotlin/com/intellij/util/containers/ConcurrentRefHashMap$KeyReference
instanceKlass org/jetbrains/kotlin/com/intellij/openapi/util/ObjectNode$1
instanceKlass org/jetbrains/kotlin/com/intellij/openapi/util/Disposer$2
instanceKlass org/jetbrains/kotlin/com/intellij/openapi/util/ObjectNode$NodeChildren
instanceKlass org/jetbrains/kotlin/com/intellij/openapi/util/ObjectNode
instanceKlass org/jetbrains/kotlin/it/unimi/dsi/fastutil/objects/Object2ObjectMap$FastEntrySet
instanceKlass org/jetbrains/kotlin/it/unimi/dsi/fastutil/objects/AbstractObject2ObjectFunction
instanceKlass org/jetbrains/kotlin/it/unimi/dsi/fastutil/objects/Object2ObjectMap
instanceKlass org/jetbrains/kotlin/it/unimi/dsi/fastutil/objects/Object2ObjectFunction
instanceKlass org/jetbrains/kotlin/com/intellij/util/containers/RefHashMap$HardKey
instanceKlass org/jetbrains/kotlin/com/intellij/util/containers/RefHashMap$Key
instanceKlass org/jetbrains/kotlin/com/intellij/util/containers/IdentityHashingStrategy
instanceKlass org/jetbrains/kotlin/com/intellij/util/containers/HashingStrategy
instanceKlass org/jetbrains/kotlin/it/unimi/dsi/fastutil/Hash$Strategy
instanceKlass org/jetbrains/kotlin/com/intellij/util/containers/CollectionFactory
instanceKlass org/jetbrains/kotlin/it/unimi/dsi/fastutil/objects/Reference2ObjectMap$FastEntrySet
instanceKlass org/jetbrains/kotlin/it/unimi/dsi/fastutil/objects/ReferenceSet
instanceKlass org/jetbrains/kotlin/it/unimi/dsi/fastutil/objects/ReferenceCollection
instanceKlass org/jetbrains/kotlin/it/unimi/dsi/fastutil/objects/AbstractReference2ObjectFunction
instanceKlass org/jetbrains/kotlin/it/unimi/dsi/fastutil/objects/Reference2ObjectMap
instanceKlass org/jetbrains/kotlin/it/unimi/dsi/fastutil/objects/Reference2ObjectFunction
instanceKlass org/jetbrains/kotlin/com/intellij/openapi/util/ObjectTree
instanceKlass org/jetbrains/kotlin/com/intellij/openapi/util/Disposer
instanceKlass kotlin/reflect/jvm/internal/impl/name/SpecialNames
instanceKlass kotlin/reflect/jvm/internal/impl/builtins/CompanionObjectMapping
instanceKlass kotlin/reflect/jvm/internal/impl/name/FqNamesUtilKt
instanceKlass kotlin/reflect/jvm/internal/impl/utils/CollectionsKt
instanceKlass kotlin/reflect/jvm/internal/impl/builtins/PrimitiveType$Companion
instanceKlass kotlin/reflect/jvm/internal/impl/builtins/StandardNames$FqNames
instanceKlass kotlin/reflect/jvm/internal/impl/builtins/jvm/JavaToKotlinClassMap$PlatformMutabilityMapping
instanceKlass kotlin/reflect/jvm/internal/impl/builtins/functions/FunctionClassKind$Companion
instanceKlass kotlin/collections/SetsKt__SetsJVMKt
instanceKlass kotlin/reflect/jvm/internal/impl/builtins/StandardNames
instanceKlass kotlin/reflect/jvm/internal/impl/builtins/jvm/JavaToKotlinClassMap
instanceKlass kotlin/jvm/functions/Function22
instanceKlass kotlin/jvm/functions/Function21
instanceKlass kotlin/jvm/functions/Function20
instanceKlass kotlin/jvm/functions/Function19
instanceKlass kotlin/jvm/functions/Function18
instanceKlass kotlin/jvm/functions/Function17
instanceKlass kotlin/jvm/functions/Function16
instanceKlass kotlin/jvm/functions/Function15
instanceKlass kotlin/jvm/functions/Function14
instanceKlass kotlin/jvm/functions/Function13
instanceKlass kotlin/jvm/functions/Function12
instanceKlass kotlin/jvm/functions/Function11
instanceKlass kotlin/jvm/functions/Function10
instanceKlass kotlin/jvm/functions/Function9
instanceKlass kotlin/jvm/functions/Function8
instanceKlass kotlin/jvm/functions/Function7
instanceKlass kotlin/jvm/functions/Function6
instanceKlass kotlin/jvm/functions/Function5
instanceKlass kotlin/jvm/functions/Function4
instanceKlass kotlin/jvm/functions/Function3
instanceKlass kotlin/reflect/jvm/internal/pcollections/ConsPStack$Itr
instanceKlass kotlin/reflect/jvm/internal/impl/descriptors/runtime/structure/ReflectClassUtilKt
instanceKlass kotlin/reflect/jvm/internal/impl/name/ClassId
instanceKlass kotlin/reflect/jvm/internal/impl/name/FqNameUnsafe$1
instanceKlass kotlin/reflect/jvm/internal/impl/name/Name
instanceKlass kotlin/reflect/jvm/internal/impl/name/FqNameUnsafe
instanceKlass kotlin/reflect/jvm/internal/impl/name/FqName
instanceKlass kotlin/reflect/jvm/internal/RuntimeTypeMapper
instanceKlass sun/reflect/misc/ReflectUtil
instanceKlass java/util/concurrent/atomic/AtomicReferenceFieldUpdater$AtomicReferenceFieldUpdaterImpl$1
instanceKlass java/util/concurrent/atomic/AtomicReferenceFieldUpdater
instanceKlass kotlin/SafePublicationLazyImpl$Companion
instanceKlass kotlin/SafePublicationLazyImpl
instanceKlass kotlin/LazyKt__LazyJVMKt$WhenMappings
instanceKlass kotlin/reflect/jvm/internal/KPropertyImpl$Companion
instanceKlass kotlin/reflect/jvm/internal/KCallableImpl
instanceKlass kotlin/reflect/jvm/internal/KDeclarationContainerImpl$Data
instanceKlass org/jetbrains/kotlin/progress/ProgressIndicatorAndCompilationCanceledStatus
instanceKlass org/jetbrains/kotlin/progress/CompilationCanceledStatus
instanceKlass org/jetbrains/kotlin/com/google/common/collect/LinkedHashMultimap$1
instanceKlass java/util/stream/MatchOps$BooleanTerminalSink
instanceKlass java/util/stream/Sink
instanceKlass java/util/stream/MatchOps$MatchOp
instanceKlass java/util/stream/TerminalOp
instanceKlass java/util/stream/MatchOps
instanceKlass java/util/function/Predicate
instanceKlass java/util/EnumMap$1
instanceKlass java/util/stream/StreamOpFlag$MaskBuilder
instanceKlass java/util/stream/Stream
instanceKlass java/util/stream/BaseStream
instanceKlass java/util/stream/PipelineHelper
instanceKlass java/util/stream/StreamSupport
instanceKlass java/util/Spliterators$IteratorSpliterator
instanceKlass java/util/Spliterator$OfDouble
instanceKlass java/util/Spliterator$OfLong
instanceKlass java/util/Spliterator$OfInt
instanceKlass java/util/Spliterator$OfPrimitive
instanceKlass java/util/Spliterator
instanceKlass java/util/Spliterators$EmptySpliterator
instanceKlass java/util/Spliterators
instanceKlass org/jetbrains/kotlin/utils/KotlinPathsFromBaseDirectory
instanceKlass org/jetbrains/kotlin/com/intellij/openapi/application/PathManager
instanceKlass java/util/regex/Pattern$BitClass
instanceKlass org/jetbrains/kotlin/utils/PathUtil
instanceKlass org/jetbrains/kotlin/config/JvmTarget$Companion
instanceKlass org/jetbrains/kotlin/platform/TargetPlatformVersion
instanceKlass org/jetbrains/kotlin/config/JVMConfigurationKeys
instanceKlass org/jetbrains/kotlin/cli/jvm/JvmArgumentsKt
instanceKlass org/jetbrains/kotlin/utils/WrappedValues$ThrowableWrapper
instanceKlass org/jetbrains/kotlin/config/LanguageVersionSettingsKt
instanceKlass org/jetbrains/kotlin/cli/common/messages/MessageCollector$Companion$NONE$1
instanceKlass org/jetbrains/kotlin/cli/common/messages/MessageCollector$Companion
instanceKlass org/jetbrains/kotlin/cli/common/arguments/JavaTypeEnhancementStateParser$Companion
instanceKlass org/jetbrains/kotlin/cli/common/arguments/JavaTypeEnhancementStateParser
instanceKlass org/jetbrains/kotlin/config/JvmAnalysisFlags$Delegates$JvmDefaultModeDisabledByDefault
instanceKlass org/jetbrains/kotlin/utils/WrappedValues$1
instanceKlass org/jetbrains/kotlin/utils/WrappedValues
instanceKlass kotlin/collections/EmptyIterator
instanceKlass org/jetbrains/kotlin/name/FqNamesUtilKt
instanceKlass org/jetbrains/kotlin/load/java/NullabilityAnnotationStates$Companion
instanceKlass org/jetbrains/kotlin/load/java/Jsr305Settings
instanceKlass org/jetbrains/kotlin/storage/LockBasedStorageManager$MapBasedMemoizedFunction
instanceKlass org/jetbrains/kotlin/storage/DefaultSimpleLock
instanceKlass org/jetbrains/kotlin/storage/SimpleLock$Companion
instanceKlass org/jetbrains/kotlin/storage/EmptySimpleLock
instanceKlass org/jetbrains/kotlin/storage/LockBasedStorageManager$ExceptionHandlingStrategy$1
instanceKlass org/jetbrains/kotlin/storage/LockBasedStorageManager$ExceptionHandlingStrategy
instanceKlass org/jetbrains/kotlin/storage/MemoizedFunctionToNotNull
instanceKlass org/jetbrains/kotlin/storage/CacheWithNullableValues
instanceKlass org/jetbrains/kotlin/storage/CacheWithNotNullValues
instanceKlass org/jetbrains/kotlin/storage/NotNullLazyValue
instanceKlass org/jetbrains/kotlin/storage/NullableLazyValue
instanceKlass org/jetbrains/kotlin/storage/MemoizedFunctionToNullable
instanceKlass org/jetbrains/kotlin/storage/SimpleLock
instanceKlass org/jetbrains/kotlin/storage/LockBasedStorageManager
instanceKlass org/jetbrains/kotlin/storage/StorageManager
instanceKlass kotlin/TuplesKt
instanceKlass kotlin/KotlinVersionCurrentValue
instanceKlass kotlin/KotlinVersion$Companion
instanceKlass kotlin/KotlinVersion
instanceKlass org/jetbrains/kotlin/load/java/ReportLevel$Companion
instanceKlass org/jetbrains/kotlin/load/java/JavaNullabilityAnnotationsStatus$Companion
instanceKlass org/jetbrains/kotlin/load/java/JavaNullabilityAnnotationsStatus
instanceKlass kotlin/Pair
instanceKlass org/jetbrains/kotlin/load/java/NullabilityAnnotationStatesImpl
instanceKlass org/jetbrains/kotlin/load/java/NullabilityAnnotationStates
instanceKlass org/jetbrains/kotlin/load/java/JavaNullabilityAnnotationSettingsKt
instanceKlass org/jetbrains/kotlin/load/java/JavaTypeEnhancementState$Companion
instanceKlass org/jetbrains/kotlin/load/java/JavaTypeEnhancementState
instanceKlass org/jetbrains/kotlin/config/JvmAnalysisFlags$Delegates$JavaTypeEnhancementStateWarnByDefault
instanceKlass org/jetbrains/kotlin/config/JvmAnalysisFlags
instanceKlass kotlin/collections/AbstractList$IteratorImpl
instanceKlass org/jetbrains/kotlin/config/AnalysisFlag$Delegates$ApiModeDisabledByDefault
instanceKlass org/jetbrains/kotlin/config/AnalysisFlag$Delegates$ListOfStrings
instanceKlass org/jetbrains/kotlin/config/AnalysisFlag
instanceKlass org/jetbrains/kotlin/config/AnalysisFlag$Delegate
instanceKlass kotlin/properties/ReadOnlyProperty
instanceKlass org/jetbrains/kotlin/config/AnalysisFlag$Delegates$Boolean
instanceKlass kotlin/reflect/KProperty$Getter
instanceKlass kotlin/reflect/KProperty$Accessor
instanceKlass org/jetbrains/kotlin/config/AnalysisFlags
instanceKlass org/jetbrains/kotlin/config/LanguageVersionSettingsImpl$Companion
instanceKlass org/jetbrains/kotlin/config/LanguageVersionSettings$Companion
instanceKlass org/jetbrains/kotlin/config/LanguageVersionSettingsImpl
instanceKlass java/math/MutableBigInteger
instanceKlass org/jetbrains/kotlin/config/MavenComparableVersion$IntegerItem
instanceKlass org/jetbrains/kotlin/config/MavenComparableVersion$Item
instanceKlass org/jetbrains/kotlin/config/MavenComparableVersion
instanceKlass org/jetbrains/kotlin/config/ApiVersion$Companion
instanceKlass org/jetbrains/kotlin/config/ApiVersion
instanceKlass org/jetbrains/kotlin/config/LanguageVersion$Companion
instanceKlass org/jetbrains/kotlin/config/IrVerificationMode$Companion
instanceKlass org/jetbrains/kotlin/config/IncrementalCompilation
instanceKlass org/jetbrains/kotlin/cli/common/UtilsKt
instanceKlass org/jetbrains/kotlin/config/CommonConfigurationKeysKt
instanceKlass org/jetbrains/kotlin/com/google/common/collect/AbstractMapEntry
instanceKlass org/jetbrains/kotlin/com/google/common/collect/LinkedHashMultimap$ValueSetLink
instanceKlass org/jetbrains/kotlin/com/google/common/collect/CollectPreconditions
instanceKlass org/jetbrains/kotlin/com/google/common/base/Preconditions
instanceKlass org/jetbrains/kotlin/com/google/common/collect/Maps$EntryTransformer
instanceKlass org/jetbrains/kotlin/com/google/common/collect/BiMap
instanceKlass org/jetbrains/kotlin/com/google/common/base/Converter
instanceKlass org/jetbrains/kotlin/com/google/common/collect/ImmutableMap
instanceKlass org/jetbrains/kotlin/com/google/common/collect/UnmodifiableIterator
instanceKlass org/jetbrains/kotlin/com/google/common/base/Function
instanceKlass org/jetbrains/kotlin/com/google/common/collect/SortedMapDifference
instanceKlass org/jetbrains/kotlin/com/google/common/collect/MapDifference
instanceKlass org/jetbrains/kotlin/com/google/common/collect/Maps
instanceKlass org/jetbrains/kotlin/com/google/common/collect/Platform
instanceKlass org/jetbrains/kotlin/com/google/common/collect/Multiset
instanceKlass org/jetbrains/kotlin/com/google/common/collect/AbstractMultimap
instanceKlass org/jetbrains/kotlin/com/google/common/collect/SetMultimap
instanceKlass org/jetbrains/kotlin/com/google/common/collect/Multimap
instanceKlass org/jetbrains/kotlin/cli/common/messages/GroupingMessageCollector
instanceKlass org/jetbrains/kotlin/config/CommonConfigurationKeys
instanceKlass java/lang/StrictMath
instanceKlass org/jetbrains/kotlin/it/unimi/dsi/fastutil/HashCommon
instanceKlass org/jetbrains/kotlin/it/unimi/dsi/fastutil/ints/Int2ObjectMap$FastEntrySet
instanceKlass org/jetbrains/kotlin/it/unimi/dsi/fastutil/objects/ObjectSet
instanceKlass org/jetbrains/kotlin/it/unimi/dsi/fastutil/ints/IntSet
instanceKlass org/jetbrains/kotlin/it/unimi/dsi/fastutil/ints/IntCollection
instanceKlass org/jetbrains/kotlin/it/unimi/dsi/fastutil/ints/IntIterable
instanceKlass org/jetbrains/kotlin/it/unimi/dsi/fastutil/objects/ObjectCollection
instanceKlass org/jetbrains/kotlin/it/unimi/dsi/fastutil/objects/ObjectIterable
instanceKlass org/jetbrains/kotlin/it/unimi/dsi/fastutil/ints/AbstractInt2ObjectFunction
instanceKlass org/jetbrains/kotlin/it/unimi/dsi/fastutil/Hash
instanceKlass org/jetbrains/kotlin/it/unimi/dsi/fastutil/ints/Int2ObjectMap
instanceKlass org/jetbrains/kotlin/it/unimi/dsi/fastutil/ints/Int2ObjectFunction
instanceKlass java/util/function/IntFunction
instanceKlass org/jetbrains/kotlin/it/unimi/dsi/fastutil/Function
instanceKlass org/jetbrains/kotlin/com/intellij/util/containers/IntKeyWeakValueHashMap
instanceKlass org/jetbrains/kotlin/com/intellij/openapi/util/Key
instanceKlass org/jetbrains/kotlin/config/CompilerConfigurationKey
instanceKlass org/jetbrains/kotlin/cli/common/CLIConfigurationKeys
instanceKlass org/jetbrains/kotlin/utils/SmartList$EmptyIterator
instanceKlass org/jetbrains/kotlin/cli/common/ArgumentsKt
instanceKlass java/net/URLConnection
instanceKlass org/jetbrains/kotlin/cli/common/messages/PrintingMessageCollector
instanceKlass kotlin/jvm/internal/CollectionToArray
instanceKlass kotlin/reflect/jvm/internal/pcollections/MapEntry
instanceKlass kotlin/reflect/jvm/internal/ReflectProperties$Val$1
instanceKlass kotlin/reflect/jvm/internal/ReflectProperties$Val
instanceKlass kotlin/reflect/jvm/internal/ReflectProperties
instanceKlass java/util/regex/CharPredicates
instanceKlass kotlin/text/Regex$Companion
instanceKlass kotlin/text/Regex
instanceKlass kotlin/jvm/internal/DefaultConstructorMarker
instanceKlass kotlin/reflect/jvm/internal/KDeclarationContainerImpl$Companion
instanceKlass kotlin/reflect/jvm/internal/KTypeParameterOwnerImpl
instanceKlass kotlin/reflect/jvm/internal/KClassifierImpl
instanceKlass kotlin/reflect/jvm/internal/pcollections/ConsPStack
instanceKlass kotlin/reflect/jvm/internal/pcollections/IntTree
instanceKlass kotlin/reflect/jvm/internal/pcollections/IntTreePMap
instanceKlass kotlin/reflect/jvm/internal/pcollections/HashPMap
instanceKlass kotlin/reflect/jvm/internal/KClassCacheKt
instanceKlass kotlin/reflect/jvm/internal/KDeclarationContainerImpl
instanceKlass kotlin/jvm/internal/ClassBasedDeclarationContainer
instanceKlass kotlin/reflect/KTypeParameter
instanceKlass kotlin/reflect/KMutableProperty2
instanceKlass kotlin/reflect/KProperty2
instanceKlass kotlin/reflect/KMutableProperty0
instanceKlass kotlin/reflect/KProperty0
instanceKlass kotlin/reflect/KMutableProperty1
instanceKlass kotlin/reflect/KMutableProperty
instanceKlass kotlin/reflect/KProperty1
instanceKlass kotlin/reflect/KProperty
instanceKlass kotlin/reflect/KType
instanceKlass kotlin/reflect/KClass
instanceKlass kotlin/jvm/internal/ReflectionFactory
instanceKlass kotlin/reflect/KClassifier
instanceKlass kotlin/jvm/internal/Reflection
instanceKlass kotlin/jvm/JvmClassMappingKt
instanceKlass jdk/internal/reflect/ClassDefiner$1
instanceKlass jdk/internal/reflect/ClassDefiner
instanceKlass jdk/internal/reflect/MethodAccessorGenerator$1
instanceKlass jdk/internal/reflect/Label$PatchInfo
instanceKlass jdk/internal/reflect/Label
instanceKlass jdk/internal/reflect/UTF8
instanceKlass jdk/internal/reflect/ClassFileAssembler
instanceKlass jdk/internal/reflect/ByteVectorImpl
instanceKlass jdk/internal/reflect/ByteVector
instanceKlass jdk/internal/reflect/ByteVectorFactory
instanceKlass jdk/internal/reflect/AccessorGenerator
instanceKlass jdk/internal/reflect/ClassFileConstants
instanceKlass org/jetbrains/kotlin/config/LanguageVersionSettings
instanceKlass org/jetbrains/kotlin/config/LanguageOrApiVersion
instanceKlass org/jetbrains/kotlin/utils/DescriptionAware
instanceKlass org/jetbrains/kotlin/cli/common/messages/MessageCollector
instanceKlass kotlin/collections/builders/MapBuilder$EntryRef
instanceKlass kotlin/jvm/internal/markers/KMutableMap$Entry
instanceKlass kotlin/collections/builders/MapBuilder$Itr
instanceKlass kotlin/jvm/internal/markers/KMutableIterator
instanceKlass org/jetbrains/kotlin/cli/common/arguments/ArgumentField
instanceKlass org/jetbrains/kotlin/util/capitalizeDecapitalize/CapitalizeDecapitalizeKt
instanceKlass kotlin/_Assertions
instanceKlass org/jetbrains/kotlin/name/ClassId$Companion
instanceKlass org/jetbrains/kotlin/name/ClassId
instanceKlass org/jetbrains/kotlin/name/FqNameUnsafe$1
instanceKlass java/util/regex/Pattern$TreeInfo
instanceKlass java/util/regex/Pattern$BmpCharPredicate
instanceKlass java/util/regex/Pattern$CharPredicate
instanceKlass java/util/regex/Pattern$Node
instanceKlass java/util/regex/Pattern
instanceKlass org/jetbrains/kotlin/name/Name
instanceKlass org/jetbrains/kotlin/name/FqNameUnsafe
instanceKlass org/jetbrains/kotlin/name/FqName
instanceKlass org/jetbrains/kotlin/load/java/JvmAbi
instanceKlass kotlin/Metadata
instanceKlass java/lang/annotation/Target
instanceKlass java/lang/reflect/Proxy$ProxyBuilder$1
instanceKlass jdk/internal/org/objectweb/asm/Edge
instanceKlass java/lang/reflect/ProxyGenerator$PrimitiveTypeInfo
instanceKlass java/util/StringJoiner
instanceKlass java/lang/reflect/ProxyGenerator$ProxyMethod
instanceKlass java/lang/WeakPairMap$Pair$Lookup
instanceKlass java/lang/WeakPairMap$Pair
instanceKlass java/lang/WeakPairMap
instanceKlass java/lang/Module$ReflectionData
instanceKlass java/util/function/Consumer
instanceKlass jdk/internal/module/Checks
instanceKlass java/lang/module/ModuleDescriptor$Builder
instanceKlass java/util/LinkedHashMap$LinkedHashIterator
instanceKlass java/lang/PublicMethods
instanceKlass java/util/Collections$1
instanceKlass java/lang/reflect/Proxy$ProxyBuilder
instanceKlass java/lang/ClassValue$Version
instanceKlass java/lang/ClassValue$Identity
instanceKlass java/lang/ClassValue
instanceKlass java/lang/reflect/Proxy
instanceKlass sun/reflect/annotation/AnnotationInvocationHandler
instanceKlass java/lang/reflect/InvocationHandler
instanceKlass sun/reflect/annotation/AnnotationParser$1
instanceKlass kotlin/annotation/Target
instanceKlass java/lang/annotation/Inherited
instanceKlass java/lang/annotation/Retention
instanceKlass sun/reflect/annotation/ExceptionProxy
instanceKlass sun/reflect/annotation/AnnotationType$1
instanceKlass sun/reflect/annotation/AnnotationType
instanceKlass java/lang/reflect/GenericArrayType
instanceKlass sun/reflect/generics/visitor/Reifier
instanceKlass sun/reflect/generics/visitor/TypeTreeVisitor
instanceKlass sun/reflect/generics/factory/CoreReflectionFactory
instanceKlass sun/reflect/generics/factory/GenericsFactory
instanceKlass sun/reflect/generics/scope/AbstractScope
instanceKlass sun/reflect/generics/scope/Scope
instanceKlass sun/reflect/generics/tree/ClassTypeSignature
instanceKlass sun/reflect/generics/tree/SimpleClassTypeSignature
instanceKlass sun/reflect/generics/tree/FieldTypeSignature
instanceKlass sun/reflect/generics/tree/BaseType
instanceKlass sun/reflect/generics/tree/TypeSignature
instanceKlass sun/reflect/generics/tree/ReturnType
instanceKlass sun/reflect/generics/tree/TypeArgument
instanceKlass sun/reflect/generics/tree/TypeTree
instanceKlass sun/reflect/generics/tree/Tree
instanceKlass sun/reflect/generics/parser/SignatureParser
instanceKlass kotlin/jvm/internal/markers/KMutableSet
instanceKlass kotlin/jvm/internal/markers/KMutableCollection
instanceKlass kotlin/jvm/internal/markers/KMutableIterable
instanceKlass sun/reflect/annotation/AnnotationParser
instanceKlass org/jetbrains/kotlin/cli/common/arguments/Argument
instanceKlass kotlin/jvm/internal/ArrayIterator
instanceKlass kotlin/jvm/internal/ArrayIteratorKt
instanceKlass kotlin/collections/EmptySet
instanceKlass kotlin/collections/EmptyMap
instanceKlass kotlin/ranges/RangesKt__RangesKt
instanceKlass kotlin/collections/builders/ListBuilderKt
instanceKlass kotlin/collections/builders/MapBuilder$Companion
instanceKlass kotlin/collections/builders/MapBuilder
instanceKlass kotlin/jvm/internal/markers/KMutableMap
instanceKlass kotlin/collections/MapsKt__MapWithDefaultKt
instanceKlass java/io/FileInputStream$1
instanceKlass kotlin/io/CloseableKt
instanceKlass kotlin/text/CharsKt__CharJVMKt
instanceKlass java/lang/Character$CharacterCache
instanceKlass java/nio/charset/CoderResult
instanceKlass kotlin/sequences/GeneratorSequence$iterator$1
instanceKlass java/lang/invoke/VarHandle$AccessDescriptor
instanceKlass kotlin/sequences/ConstrainedOnceSequence
instanceKlass kotlin/jvm/internal/Lambda
instanceKlass kotlin/sequences/GeneratorSequence
instanceKlass kotlin/sequences/Sequence
instanceKlass kotlin/sequences/SequencesKt__SequenceBuilderKt
instanceKlass java/io/Reader
instanceKlass java/lang/Readable
instanceKlass kotlin/text/Charsets
instanceKlass org/jetbrains/kotlin/cli/common/arguments/PreprocessCommandLineArgumentsKt
instanceKlass kotlin/UNINITIALIZED_VALUE
instanceKlass kotlin/SynchronizedLazyImpl
instanceKlass kotlin/Lazy
instanceKlass kotlin/LazyKt__LazyJVMKt
instanceKlass org/jetbrains/kotlin/cli/common/arguments/ArgumentParseErrors
instanceKlass kotlin/jvm/functions/Function0
instanceKlass org/jetbrains/kotlin/cli/common/arguments/ParseCommandLineArgumentsKt
instanceKlass kotlin/collections/ArraysUtilJVM
instanceKlass kotlin/collections/ArraysKt__ArraysJVMKt
instanceKlass java/lang/ProcessEnvironment$CheckedEntry
instanceKlass java/lang/ProcessEnvironment$CheckedEntrySet$1
instanceKlass java/lang/ProcessEnvironment$EntryComparator
instanceKlass java/lang/ProcessEnvironment$NameComparator
instanceKlass org/jetbrains/kotlin/config/JvmDefaultMode$Companion
instanceKlass org/jetbrains/kotlin/config/JVMAssertionsMode$Companion
instanceKlass org/jetbrains/kotlin/config/ExplicitApiMode$Companion
instanceKlass kotlin/collections/EmptyList
instanceKlass kotlin/collections/CollectionsKt__CollectionsJVMKt
instanceKlass org/jetbrains/kotlin/cli/common/arguments/K2JVMCompilerArguments$Companion
instanceKlass org/jetbrains/kotlin/cli/common/arguments/CommonCompilerArguments$Companion
instanceKlass org/jetbrains/kotlin/cli/common/arguments/CommonToolArguments$Companion
instanceKlass org/jetbrains/kotlin/config/Services$Builder
instanceKlass org/jetbrains/kotlin/config/Services$Companion
instanceKlass org/jetbrains/kotlin/cli/common/messages/XcodeStyleMessageRenderer
instanceKlass org/jetbrains/kotlin/cli/common/messages/GradleStyleMessageRenderer
instanceKlass java/lang/Class$3
instanceKlass org/jetbrains/kotlin/cli/common/messages/CompilerMessageSeverity$Companion
instanceKlass kotlin/text/StringsKt__AppendableKt
instanceKlass org/jetbrains/kotlin/cli/common/PropertiesKt
instanceKlass org/jetbrains/kotlin/cli/common/messages/PlainTextMessageRenderer
instanceKlass org/jetbrains/kotlin/cli/common/messages/XmlMessageRenderer
instanceKlass org/jetbrains/kotlin/cli/common/messages/MessageRenderer
instanceKlass org/jetbrains/kotlin/com/intellij/util/ArrayUtilRt
instanceKlass java/lang/invoke/VarForm
instanceKlass java/lang/invoke/VarHandleGuards
instanceKlass jdk/internal/util/Preconditions$1
instanceKlass java/util/function/BiFunction
instanceKlass java/lang/invoke/VarHandle$1
instanceKlass java/lang/invoke/VarHandles
instanceKlass java/util/concurrent/atomic/AtomicReference
instanceKlass org/jetbrains/kotlin/com/intellij/util/containers/ConcurrentIntObjectMap
instanceKlass org/jetbrains/kotlin/com/intellij/util/containers/IntObjectMap
instanceKlass org/jetbrains/kotlin/com/intellij/util/containers/ConcurrentList
instanceKlass org/jetbrains/kotlin/com/intellij/util/containers/ContainerUtil
instanceKlass org/jetbrains/kotlin/com/intellij/openapi/application/ApplicationManager
instanceKlass java/util/logging/Level
instanceKlass jdk/internal/org/objectweb/asm/FieldVisitor
instanceKlass java/util/ArrayList$Itr
instanceKlass java/lang/invoke/InvokerBytecodeGenerator$ClassData
instanceKlass jdk/internal/org/objectweb/asm/Frame
instanceKlass java/lang/invoke/LambdaFormBuffer
instanceKlass java/lang/invoke/LambdaFormEditor$TransformKey
instanceKlass java/lang/invoke/LambdaFormEditor
instanceKlass sun/invoke/util/Wrapper$1
instanceKlass java/lang/invoke/DelegatingMethodHandle$Holder
instanceKlass java/lang/invoke/DirectMethodHandle$2
instanceKlass sun/invoke/empty/Empty
instanceKlass sun/invoke/util/VerifyType
instanceKlass java/lang/invoke/ClassSpecializer$Factory
instanceKlass java/lang/invoke/ClassSpecializer$SpeciesData
instanceKlass java/lang/invoke/ClassSpecializer$1
instanceKlass java/lang/invoke/ClassSpecializer
instanceKlass java/lang/invoke/InnerClassLambdaMetafactory$1
instanceKlass java/lang/invoke/MethodHandles$Lookup$ClassDefiner
instanceKlass jdk/internal/org/objectweb/asm/ClassReader
instanceKlass java/lang/invoke/MethodHandles$Lookup$ClassFile
instanceKlass jdk/internal/org/objectweb/asm/AnnotationVisitor
instanceKlass jdk/internal/org/objectweb/asm/Attribute
instanceKlass jdk/internal/org/objectweb/asm/Handler
instanceKlass jdk/internal/org/objectweb/asm/Label
instanceKlass jdk/internal/org/objectweb/asm/MethodVisitor
instanceKlass java/lang/invoke/LambdaProxyClassArchive
instanceKlass jdk/internal/org/objectweb/asm/ByteVector
instanceKlass jdk/internal/org/objectweb/asm/Symbol
instanceKlass jdk/internal/org/objectweb/asm/SymbolTable
instanceKlass jdk/internal/org/objectweb/asm/ClassVisitor
instanceKlass java/lang/invoke/InfoFromMemberName
instanceKlass java/lang/invoke/MethodHandleInfo
instanceKlass jdk/internal/org/objectweb/asm/ConstantDynamic
instanceKlass sun/invoke/util/BytecodeDescriptor
instanceKlass jdk/internal/org/objectweb/asm/Handle
instanceKlass sun/security/action/GetBooleanAction
instanceKlass jdk/internal/org/objectweb/asm/Type
instanceKlass java/lang/invoke/AbstractValidatingLambdaMetafactory
instanceKlass java/lang/invoke/MethodHandleImpl$1
instanceKlass jdk/internal/access/JavaLangInvokeAccess
instanceKlass java/lang/invoke/Invokers$Holder
instanceKlass java/lang/invoke/BootstrapMethodInvoker
instanceKlass org/jetbrains/kotlin/com/intellij/openapi/diagnostic/Attachment
instanceKlass java/lang/invoke/InvokerBytecodeGenerator$2
instanceKlass java/lang/invoke/InvokerBytecodeGenerator
instanceKlass java/lang/invoke/LambdaForm$Holder
instanceKlass java/lang/invoke/LambdaForm$Name
instanceKlass java/lang/invoke/Invokers
instanceKlass java/lang/invoke/MethodHandleImpl
instanceKlass sun/invoke/util/ValueConversions
instanceKlass java/lang/invoke/DirectMethodHandle$Holder
instanceKlass java/lang/invoke/LambdaForm$NamedFunction
instanceKlass sun/invoke/util/Wrapper$Format
instanceKlass java/lang/invoke/MethodTypeForm
instanceKlass java/lang/invoke/MethodType$ConcurrentWeakInternSet
instanceKlass java/lang/invoke/LambdaMetafactory
instanceKlass org/jetbrains/kotlin/com/intellij/openapi/diagnostic/Logger$DefaultFactory
instanceKlass org/jetbrains/kotlin/com/intellij/openapi/diagnostic/Logger$Factory
instanceKlass org/jetbrains/kotlin/com/intellij/openapi/diagnostic/Logger
instanceKlass org/jetbrains/kotlin/cli/jvm/compiler/IdeaStandaloneExecutionSetup
instanceKlass org/jetbrains/kotlin/cli/jvm/compiler/CompatKt
instanceKlass kotlin/jvm/functions/Function2
instanceKlass kotlin/jvm/internal/CallableReference$NoReceiver
instanceKlass kotlin/reflect/KDeclarationContainer
instanceKlass kotlin/jvm/internal/CallableReference
instanceKlass kotlin/reflect/KFunction
instanceKlass kotlin/reflect/KCallable
instanceKlass kotlin/reflect/KAnnotatedElement
instanceKlass kotlin/jvm/internal/FunctionBase
instanceKlass kotlin/jvm/functions/Function1
instanceKlass kotlin/Function
instanceKlass org/jetbrains/kotlin/cli/common/CompilerSystemProperties$Companion
instanceKlass kotlin/collections/AbstractList$Companion
instanceKlass kotlin/collections/AbstractCollection
instanceKlass kotlin/enums/EnumEntries
instanceKlass kotlin/jvm/internal/markers/KMappedMarker
instanceKlass kotlin/enums/EnumEntriesKt
instanceKlass org/jetbrains/kotlin/util/PerformanceCounter$Companion
instanceKlass org/jetbrains/kotlin/util/PerformanceCounter
instanceKlass jdk/internal/jimage/ImageLocation
instanceKlass jdk/internal/jimage/decompressor/Decompressor
instanceKlass jdk/internal/jimage/ImageStringsReader
instanceKlass jdk/internal/jimage/ImageStrings
instanceKlass jdk/internal/jimage/ImageHeader
instanceKlass jdk/internal/jimage/NativeImageBuffer$1
instanceKlass jdk/internal/jimage/NativeImageBuffer
instanceKlass jdk/internal/jimage/BasicImageReader$1
instanceKlass jdk/internal/jimage/BasicImageReader
instanceKlass jdk/internal/jimage/ImageReader
instanceKlass jdk/internal/jimage/ImageReaderFactory$1
instanceKlass java/net/URI$Parser
instanceKlass java/nio/file/FileSystems$DefaultFileSystemHolder$1
instanceKlass java/nio/file/FileSystems$DefaultFileSystemHolder
instanceKlass java/nio/file/FileSystems
instanceKlass java/nio/file/Paths
instanceKlass jdk/internal/jimage/ImageReaderFactory
instanceKlass jdk/internal/module/SystemModuleFinders$SystemImage
instanceKlass jdk/internal/module/SystemModuleFinders$SystemModuleReader
instanceKlass java/lang/module/ModuleReader
instanceKlass jdk/internal/loader/BuiltinClassLoader$5
instanceKlass jdk/internal/loader/BuiltinClassLoader$2
instanceKlass jdk/internal/module/Resources
instanceKlass kotlin/jvm/internal/Intrinsics
instanceKlass java/util/TreeMap$PrivateEntryIterator
instanceKlass java/util/TreeMap$Entry
instanceKlass java/util/NavigableMap
instanceKlass java/util/SortedMap
instanceKlass java/util/NavigableSet
instanceKlass java/util/SortedSet
instanceKlass org/jetbrains/kotlin/cli/jvm/K2JVMCompiler$Companion
instanceKlass org/jetbrains/kotlin/cli/common/CLICompiler$Companion
instanceKlass org/jetbrains/kotlin/cli/common/CLITool$Companion
instanceKlass java/lang/Void
instanceKlass java/lang/PublicMethods$Key
instanceKlass java/lang/PublicMethods$MethodList
instanceKlass org/jetbrains/kotlin/cli/common/CommonCompilerPerformanceManager
instanceKlass org/jetbrains/kotlin/utils/KotlinPaths
instanceKlass org/jetbrains/kotlin/com/intellij/openapi/Disposable
instanceKlass org/jetbrains/kotlin/config/Services
instanceKlass org/jetbrains/kotlin/cli/common/arguments/Freezable
instanceKlass org/jetbrains/kotlin/config/CompilerConfiguration
instanceKlass org/jetbrains/kotlin/utils/exceptions/KotlinExceptionWithAttachments
instanceKlass org/jetbrains/kotlin/com/intellij/openapi/diagnostic/ExceptionWithAttachments
instanceKlass org/jetbrains/kotlin/com/intellij/openapi/diagnostic/ControlFlowException
instanceKlass org/jetbrains/kotlin/cli/common/CLITool
instanceKlass java/security/SecureClassLoader$DebugHolder
instanceKlass java/security/PermissionCollection
instanceKlass java/security/SecureClassLoader$1
instanceKlass java/security/SecureClassLoader$CodeSourceKey
instanceKlass java/util/zip/Checksum$1
instanceKlass java/util/zip/CRC32
instanceKlass java/util/zip/Checksum
instanceKlass sun/nio/ByteBuffered
instanceKlass java/lang/Package$VersionInfo
instanceKlass java/lang/NamedPackage
instanceKlass java/util/jar/Attributes$Name
instanceKlass java/util/jar/Attributes
instanceKlass jdk/internal/loader/Resource
instanceKlass sun/security/action/GetIntegerAction
instanceKlass sun/security/util/Debug
instanceKlass sun/security/util/SignatureFileVerifier
instanceKlass java/util/zip/ZipFile$InflaterCleanupAction
instanceKlass java/util/zip/Inflater$InflaterZStreamRef
instanceKlass java/util/zip/Inflater
instanceKlass java/util/zip/ZipEntry
instanceKlass jdk/internal/util/jar/JarIndex
instanceKlass java/nio/Bits$1
instanceKlass jdk/internal/misc/VM$BufferPool
instanceKlass java/nio/Bits
instanceKlass sun/nio/ch/DirectBuffer
instanceKlass jdk/internal/perf/PerfCounter$CoreCounters
instanceKlass jdk/internal/perf/Perf
instanceKlass jdk/internal/perf/Perf$GetPerfAction
instanceKlass jdk/internal/perf/PerfCounter
instanceKlass java/nio/file/attribute/FileTime
instanceKlass java/util/zip/ZipUtils
instanceKlass java/util/zip/ZipFile$Source$End
instanceKlass java/io/RandomAccessFile$2
instanceKlass jdk/internal/access/JavaIORandomAccessFileAccess
instanceKlass java/io/RandomAccessFile
instanceKlass java/io/DataInput
instanceKlass java/io/DataOutput
instanceKlass sun/nio/fs/WindowsNativeDispatcher$CompletionStatus
instanceKlass sun/nio/fs/WindowsNativeDispatcher$AclInformation
instanceKlass sun/nio/fs/WindowsNativeDispatcher$Account
instanceKlass sun/nio/fs/WindowsNativeDispatcher$DiskFreeSpace
instanceKlass sun/nio/fs/WindowsNativeDispatcher$VolumeInformation
instanceKlass sun/nio/fs/WindowsNativeDispatcher$FirstStream
instanceKlass sun/nio/fs/WindowsNativeDispatcher$FirstFile
instanceKlass java/util/Enumeration
instanceKlass java/util/concurrent/ConcurrentHashMap$Traverser
instanceKlass java/util/concurrent/ConcurrentHashMap$CollectionView
instanceKlass jdk/internal/loader/NativeLibraries$NativeLibraryImpl
instanceKlass jdk/internal/loader/NativeLibrary
instanceKlass java/util/ArrayDeque$DeqIterator
instanceKlass jdk/internal/loader/NativeLibraries$1
instanceKlass jdk/internal/loader/NativeLibraries$LibraryPaths
instanceKlass sun/nio/fs/WindowsNativeDispatcher
instanceKlass sun/nio/fs/NativeBuffer$Deallocator
instanceKlass sun/nio/fs/NativeBuffer
instanceKlass java/lang/ThreadLocal$ThreadLocalMap
instanceKlass sun/nio/fs/NativeBuffers
instanceKlass sun/nio/fs/WindowsFileAttributes
instanceKlass java/nio/file/attribute/DosFileAttributes
instanceKlass sun/nio/fs/AbstractBasicFileAttributeView
instanceKlass sun/nio/fs/DynamicFileAttributeView
instanceKlass sun/nio/fs/WindowsFileAttributeViews
instanceKlass sun/nio/fs/Util
instanceKlass java/nio/file/attribute/BasicFileAttributeView
instanceKlass java/nio/file/attribute/FileAttributeView
instanceKlass java/nio/file/attribute/AttributeView
instanceKlass java/nio/file/Files
instanceKlass java/nio/file/CopyOption
instanceKlass java/nio/file/attribute/BasicFileAttributes
instanceKlass sun/nio/fs/WindowsPath
instanceKlass java/nio/file/Path
instanceKlass java/nio/file/Watchable
instanceKlass java/util/zip/ZipFile$Source$Key
instanceKlass sun/nio/fs/WindowsPathParser$Result
instanceKlass sun/nio/fs/WindowsPathParser
instanceKlass java/util/Collections$UnmodifiableCollection
instanceKlass java/util/Arrays$ArrayItr
instanceKlass java/nio/file/FileSystem
instanceKlass java/nio/file/OpenOption
instanceKlass java/nio/file/spi/FileSystemProvider
instanceKlass sun/nio/fs/DefaultFileSystemProvider
instanceKlass java/util/zip/ZipFile$Source
instanceKlass java/lang/ref/Cleaner$Cleanable
instanceKlass jdk/internal/ref/CleanerImpl
instanceKlass java/lang/ref/Cleaner$1
instanceKlass java/lang/ref/Cleaner
instanceKlass jdk/internal/ref/CleanerFactory$1
instanceKlass java/util/concurrent/ThreadFactory
instanceKlass jdk/internal/ref/CleanerFactory
instanceKlass java/util/zip/ZipCoder
instanceKlass java/util/zip/ZipFile$CleanableResource
instanceKlass java/lang/Runtime$Version
instanceKlass java/util/jar/JavaUtilJarAccessImpl
instanceKlass jdk/internal/access/JavaUtilJarAccess
instanceKlass jdk/internal/loader/FileURLMapper
instanceKlass jdk/internal/loader/URLClassPath$JarLoader$1
instanceKlass java/util/zip/ZipFile$1
instanceKlass jdk/internal/access/JavaUtilZipFileAccess
instanceKlass java/util/zip/ZipFile
instanceKlass java/util/zip/ZipConstants
instanceKlass jdk/internal/loader/URLClassPath$Loader
instanceKlass jdk/internal/loader/URLClassPath$3
instanceKlass java/security/PrivilegedExceptionAction
instanceKlass sun/util/locale/LocaleObjectCache
instanceKlass sun/util/locale/BaseLocale$Key
instanceKlass sun/util/locale/LocaleUtils
instanceKlass sun/util/locale/BaseLocale
instanceKlass java/util/Locale
instanceKlass sun/net/util/URLUtil
instanceKlass java/lang/StringCoding
instanceKlass sun/nio/cs/ArrayDecoder
instanceKlass java/nio/charset/CharsetDecoder
instanceKlass sun/launcher/LauncherHelper
instanceKlass java/lang/reflect/Array
instanceKlass java/lang/invoke/StringConcatFactory$3
instanceKlass java/lang/invoke/StringConcatFactory$2
instanceKlass java/lang/invoke/StringConcatFactory$1
instanceKlass java/lang/invoke/StringConcatFactory
instanceKlass java/lang/ModuleLayer$Controller
instanceKlass java/util/concurrent/CopyOnWriteArrayList
instanceKlass jdk/internal/module/ServicesCatalog$ServiceProvider
instanceKlass jdk/internal/loader/AbstractClassLoaderValue$Memoizer
instanceKlass java/util/ImmutableCollections$ListItr
instanceKlass java/util/ListIterator
instanceKlass java/lang/ModuleLayer
instanceKlass jdk/internal/module/ModuleLoaderMap$Modules
instanceKlass jdk/internal/module/ModuleLoaderMap$Mapper
instanceKlass java/util/function/Function
instanceKlass jdk/internal/module/ModuleLoaderMap
instanceKlass java/util/AbstractMap$1$1
instanceKlass java/lang/module/ResolvedModule
instanceKlass java/lang/module/Configuration
instanceKlass jdk/internal/loader/BuiltinClassLoader$LoadedModule
instanceKlass jdk/internal/loader/AbstractClassLoaderValue
instanceKlass jdk/internal/module/ServicesCatalog
instanceKlass jdk/internal/util/Preconditions
instanceKlass sun/net/util/IPAddressUtil
instanceKlass java/net/URLStreamHandler
instanceKlass java/util/HexFormat
instanceKlass sun/net/www/ParseUtil
instanceKlass java/net/URL$3
instanceKlass jdk/internal/access/JavaNetURLAccess
instanceKlass java/net/URL$DefaultFactory
instanceKlass java/net/URLStreamHandlerFactory
instanceKlass jdk/internal/loader/URLClassPath
instanceKlass java/security/Principal
instanceKlass java/security/ProtectionDomain$Key
instanceKlass java/security/ProtectionDomain$JavaSecurityAccessImpl
instanceKlass jdk/internal/access/JavaSecurityAccess
instanceKlass java/lang/ClassLoader$ParallelLoaders
instanceKlass java/security/cert/Certificate
instanceKlass jdk/internal/loader/ArchivedClassLoaders
instanceKlass java/util/Deque
instanceKlass java/util/Queue
instanceKlass jdk/internal/loader/ClassLoaderHelper
instanceKlass jdk/internal/loader/NativeLibraries
instanceKlass jdk/internal/loader/BootLoader
instanceKlass java/util/Optional
instanceKlass jdk/internal/module/SystemModuleFinders$SystemModuleFinder
instanceKlass java/lang/module/ModuleFinder
instanceKlass jdk/internal/module/SystemModuleFinders$3
instanceKlass jdk/internal/module/ModuleHashes$HashSupplier
instanceKlass jdk/internal/module/SystemModuleFinders$2
instanceKlass java/util/function/Supplier
instanceKlass java/lang/module/ModuleReference
instanceKlass jdk/internal/module/ModuleResolution
instanceKlass java/util/Collections$UnmodifiableMap
instanceKlass jdk/internal/module/ModuleHashes$Builder
instanceKlass jdk/internal/module/ModuleHashes
instanceKlass jdk/internal/module/ModuleTarget
instanceKlass java/util/ImmutableCollections$Set12$1
instanceKlass java/lang/Enum
instanceKlass java/lang/module/ModuleDescriptor$Version
instanceKlass java/lang/module/ModuleDescriptor$Provides
instanceKlass java/lang/module/ModuleDescriptor$Opens
instanceKlass java/util/ImmutableCollections$SetN$SetNIterator
instanceKlass java/lang/module/ModuleDescriptor$Exports
instanceKlass java/lang/module/ModuleDescriptor$Requires
instanceKlass jdk/internal/module/Builder
instanceKlass jdk/internal/module/SystemModules$default
instanceKlass jdk/internal/module/SystemModules
instanceKlass jdk/internal/module/SystemModulesMap
instanceKlass java/net/URI$1
instanceKlass jdk/internal/access/JavaNetUriAccess
instanceKlass java/net/URI
instanceKlass jdk/internal/module/SystemModuleFinders
instanceKlass jdk/internal/module/ArchivedModuleGraph
instanceKlass jdk/internal/module/ArchivedBootLayer
instanceKlass jdk/internal/module/ModuleBootstrap$Counters
instanceKlass jdk/internal/module/ModulePatcher
instanceKlass java/io/FileSystem
instanceKlass java/io/DefaultFileSystem
instanceKlass java/io/File
instanceKlass java/lang/module/ModuleDescriptor$1
instanceKlass jdk/internal/access/JavaLangModuleAccess
instanceKlass sun/invoke/util/VerifyAccess
instanceKlass java/lang/module/ModuleDescriptor
instanceKlass jdk/internal/module/ModuleBootstrap
instanceKlass java/lang/invoke/MethodHandleStatics
instanceKlass java/util/Collections
instanceKlass sun/io/Win32ErrorMode
instanceKlass jdk/internal/misc/OSEnvironment
instanceKlass jdk/internal/misc/Signal$NativeHandler
instanceKlass java/util/Hashtable$Entry
instanceKlass jdk/internal/misc/Signal
instanceKlass java/lang/Terminator$1
instanceKlass jdk/internal/misc/Signal$Handler
instanceKlass java/lang/Terminator
instanceKlass java/nio/ByteOrder
instanceKlass java/nio/Buffer$1
instanceKlass jdk/internal/access/JavaNioAccess
instanceKlass jdk/internal/misc/ScopedMemoryAccess
instanceKlass java/nio/charset/CodingErrorAction
instanceKlass sun/nio/cs/SingleByte
instanceKlass java/lang/StringUTF16
instanceKlass sun/nio/cs/MS1252$Holder
instanceKlass sun/nio/cs/ArrayEncoder
instanceKlass java/nio/charset/CharsetEncoder
instanceKlass java/lang/reflect/Modifier
instanceKlass java/lang/Class$1
instanceKlass java/lang/Class$Atomic
instanceKlass java/lang/Class$ReflectionData
instanceKlass jdk/internal/util/ArraysSupport
instanceKlass java/nio/charset/StandardCharsets
instanceKlass sun/nio/cs/HistoricallyNamedCharset
instanceKlass sun/security/action/GetPropertyAction
instanceKlass java/lang/ThreadLocal
instanceKlass java/nio/charset/spi/CharsetProvider
instanceKlass java/nio/charset/Charset
instanceKlass java/io/Writer
instanceKlass java/io/OutputStream
instanceKlass java/io/Flushable
instanceKlass java/io/FileDescriptor$1
instanceKlass jdk/internal/access/JavaIOFileDescriptorAccess
instanceKlass java/io/FileDescriptor
instanceKlass jdk/internal/util/StaticProperty
instanceKlass java/util/HashMap$HashIterator
instanceKlass java/lang/Integer$IntegerCache
instanceKlass java/lang/CharacterData
instanceKlass java/util/Arrays
instanceKlass java/lang/VersionProps
instanceKlass java/lang/StringConcatHelper
instanceKlass jdk/internal/misc/VM
instanceKlass jdk/internal/util/SystemProps$Raw
instanceKlass jdk/internal/util/SystemProps
instanceKlass java/lang/System$2
instanceKlass jdk/internal/access/JavaLangAccess
instanceKlass java/lang/ref/Reference$1
instanceKlass jdk/internal/access/JavaLangRefAccess
instanceKlass java/lang/ref/ReferenceQueue$Lock
instanceKlass java/lang/ref/ReferenceQueue
instanceKlass jdk/internal/reflect/ReflectionFactory
instanceKlass jdk/internal/reflect/ReflectionFactory$GetReflectionFactoryAction
instanceKlass java/security/PrivilegedAction
instanceKlass java/util/concurrent/locks/LockSupport
instanceKlass java/util/concurrent/ConcurrentHashMap$Node
instanceKlass java/util/concurrent/ConcurrentHashMap$CounterCell
instanceKlass java/util/concurrent/locks/ReentrantLock
instanceKlass java/util/concurrent/locks/Lock
instanceKlass java/lang/Runtime
instanceKlass java/util/HashMap$Node
instanceKlass java/util/KeyValueHolder
instanceKlass java/util/Map$Entry
instanceKlass java/util/ImmutableCollections$MapN$MapNIterator
instanceKlass java/lang/Math
instanceKlass jdk/internal/reflect/Reflection
instanceKlass java/lang/invoke/MethodHandles$Lookup
instanceKlass java/lang/StringLatin1
instanceKlass java/security/Permission
instanceKlass java/security/Guard
instanceKlass java/lang/invoke/MemberName$Factory
instanceKlass java/lang/invoke/MethodHandles
instanceKlass jdk/internal/access/SharedSecrets
instanceKlass java/lang/reflect/ReflectAccess
instanceKlass jdk/internal/access/JavaLangReflectAccess
instanceKlass java/util/ImmutableCollections
instanceKlass java/util/Objects
instanceKlass java/util/Set
instanceKlass jdk/internal/misc/CDS
instanceKlass java/lang/Module$ArchivedData
instanceKlass java/lang/String$CaseInsensitiveComparator
instanceKlass java/util/Comparator
instanceKlass java/io/ObjectStreamField
instanceKlass jdk/internal/vm/vector/VectorSupport$VectorPayload
instanceKlass jdk/internal/vm/vector/VectorSupport
instanceKlass java/lang/reflect/RecordComponent
instanceKlass java/util/Iterator
instanceKlass java/lang/Number
instanceKlass java/lang/Character
instanceKlass java/lang/Boolean
instanceKlass java/util/concurrent/locks/AbstractOwnableSynchronizer
instanceKlass java/lang/LiveStackFrame
instanceKlass java/lang/StackFrameInfo
instanceKlass java/lang/StackWalker$StackFrame
instanceKlass java/lang/StackStreamFactory$AbstractStackWalker
instanceKlass java/lang/StackWalker
instanceKlass java/nio/Buffer
instanceKlass java/lang/StackTraceElement
instanceKlass java/util/RandomAccess
instanceKlass java/util/List
instanceKlass java/util/AbstractCollection
instanceKlass java/util/Collection
instanceKlass java/lang/Iterable
instanceKlass java/util/concurrent/ConcurrentMap
instanceKlass java/util/AbstractMap
instanceKlass java/security/CodeSource
instanceKlass jdk/internal/loader/ClassLoaders
instanceKlass java/util/jar/Manifest
instanceKlass java/net/URL
instanceKlass java/io/InputStream
instanceKlass java/io/Closeable
instanceKlass java/lang/AutoCloseable
instanceKlass jdk/internal/module/Modules
instanceKlass jdk/internal/misc/Unsafe
instanceKlass jdk/internal/misc/UnsafeConstants
instanceKlass java/lang/AbstractStringBuilder
instanceKlass java/lang/Appendable
instanceKlass java/lang/AssertionStatusDirectives
instanceKlass java/lang/invoke/MethodHandleNatives$CallSiteContext
instanceKlass jdk/internal/invoke/NativeEntryPoint
instanceKlass java/lang/invoke/CallSite
instanceKlass java/lang/invoke/MethodType
instanceKlass java/lang/invoke/TypeDescriptor$OfMethod
instanceKlass java/lang/invoke/LambdaForm
instanceKlass java/lang/invoke/MethodHandleNatives
instanceKlass java/lang/invoke/ResolvedMethodName
instanceKlass java/lang/invoke/MemberName
instanceKlass java/lang/invoke/VarHandle
instanceKlass java/lang/invoke/MethodHandle
instanceKlass jdk/internal/reflect/CallerSensitive
instanceKlass java/lang/annotation/Annotation
instanceKlass jdk/internal/reflect/FieldAccessor
instanceKlass jdk/internal/reflect/ConstantPool
instanceKlass jdk/internal/reflect/ConstructorAccessor
instanceKlass jdk/internal/reflect/MethodAccessor
instanceKlass jdk/internal/reflect/MagicAccessorImpl
instanceKlass java/lang/reflect/Parameter
instanceKlass java/lang/reflect/Member
instanceKlass java/lang/reflect/AccessibleObject
instanceKlass java/lang/Module
instanceKlass java/util/Map
instanceKlass java/util/Dictionary
instanceKlass java/lang/ThreadGroup
instanceKlass java/lang/Thread$UncaughtExceptionHandler
instanceKlass java/lang/Thread
instanceKlass java/lang/Runnable
instanceKlass java/lang/ref/Reference
instanceKlass java/lang/Record
instanceKlass java/security/AccessController
instanceKlass java/security/AccessControlContext
instanceKlass java/security/ProtectionDomain
instanceKlass java/lang/SecurityManager
instanceKlass java/lang/Throwable
instanceKlass java/lang/System
instanceKlass java/lang/ClassLoader
instanceKlass java/lang/Cloneable
instanceKlass java/lang/Class
instanceKlass java/lang/invoke/TypeDescriptor$OfField
instanceKlass java/lang/invoke/TypeDescriptor
instanceKlass java/lang/reflect/Type
instanceKlass java/lang/reflect/GenericDeclaration
instanceKlass java/lang/reflect/AnnotatedElement
instanceKlass java/lang/String
instanceKlass java/lang/constant/ConstantDesc
instanceKlass java/lang/constant/Constable
instanceKlass java/lang/CharSequence
instanceKlass java/lang/Comparable
instanceKlass java/io/Serializable
ciInstanceKlass java/lang/Object 1 1 92 7 1 10 12 1 1 10 7 12 1 1 1 10 7 12 1 1 1 10 12 1 1 8 1 10 12 1 1 10 7 12 1 1 1 10 12 1 10 12 1 1 100 1 8 1 10 12 1 3 8 1 100 1 5 0 1 1 1 1 1 1 1 1 1 1 1 1 1 1 1 1 100 1 1 1 7 1 1 1 1 1 1 1 100 1 1 1 1 1 1 1
ciMethod java/lang/Object equals (Ljava/lang/Object;)Z 512 0 1067976 0 96
ciMethod java/lang/Object hashCode ()I 256 0 128 0 -1
ciInstanceKlass java/lang/Class 1 1 1611 10 7 12 1 1 1 9 7 12 1 1 1 9 12 1 1 7 1 10 10 12 1 1 8 1 10 12 1 8 1 8 1 10 12 1 1 10 12 1 1 10 12 1 10 10 12 1 10 12 1 1 10 12 1 1 10 7 12 1 1 10 12 1 10 12 1 10 12 1 8 1 10 12 1 8 1 10 12 1 8 1 8 1 10 12 1 1 10 100 12 1 1 1 18 12 1 1 11 100 12 1 1 1 8 1 8 1 8 1 10 100 12 1 1 1 11 12 1 1 7 1 8 1 10 12 1 11 100 12 1 1 1 10 12 1 1 11 8 1 18 8 1 10 12 1 10 7 12 1 1 10 7 12 1 1 1 10 12 1 1 10 7 12 1 1 1 9 100 12 1 1 1 10 100 12 1 1 1 10 7 12 1 1 1 10 12 1 1 18 12 1 1 10 7 12 1 1 1 10 7 12 1 1 10 12 1 1 10 100 1 100 1 10 12 1 1 9 12 1 1 100 1 8 1 10 12 1 10 12 1 1 10 12 1 1 10 7 12 1 1 1 7 1 10 12 1 100 1 100 1 10 10 12 1 1 10 12 1 1 100 1 10 100 12 1 1 1 10 12 1 1 10 12 1 1 9 12 1 1 10 12 1 10 12 1 10 12 1 1 9 12 1 1 9 12 1 1 10 12 1 1 10 7 1 10 12 1 10 12 1 10 12 1 1 10 9 12 1 10 12 1 8 1 10 12 1 1 10 12 1 1 10 12 1 10 12 1 1 10 12 1 1 10 12 1 1 9 7 12 1 1 1 10 7 12 1 1 10 12 10 12 1 10 12 1 1 10 100 12 1 1 10 12 1 10 12 1 1 10 100 12 1 1 1 10 12 1 10 12 1 1 10 12 1 10 12 1 10 12 1 1 10 7 1 10 10 10 12 1 1 10 12 1 1 10 12 10 12 1 1 100 1 8 1 10 10 12 1 1 10 12 1 100 1 11 12 1 10 100 12 1 1 10 12 1 10 12 1 10 100 12 1 1 10 10 12 1 1 8 1 10 12 1 10 12 1 1 8 1 9 12 1 10 12 1 10 12 1 10 12 1 10 12 100 1 9 12 1 10 12 1 9 12 1 10 12 1 10 12 1 10 12 1 10 10 12 1 10 12 1 10 12 1 10 12 1 10 12 1 10 12 1 100 1 10 12 1 10 12 1 1 10 12 1 1 10 12 1 1 10 12 1 1 10 12 1 1 10 12 1 1 100 1 10 10 12 1 1 10 12 1 1 10 12 1 1 10 10 12 1 10 12 1 1 10 12 1 1 10 12 1 1 10 12 1 1 100 1 10 10 12 11 100 12 1 1 10 12 1 1 10 12 1 10 100 12 1 1 1 10 12 1 1 10 10 12 1 1 100 1 10 10 12 1 1 10 100 12 1 1 1 100 1 100 1 10 12 1 1 10 12 1 10 10 12 1 1 10 12 1 10 12 1 10 12 1 10 100 12 1 1 1 11 7 12 1 1 10 12 1 10 12 1 9 12 1 10 12 1 1 10 12 1 9 12 1 1 100 1 10 9 12 1 1 10 12 100 1 10 12 1 9 12 1 10 100 12 1 1 1 10 12 1 10 12 1 10 100 12 1 1 1 10 12 1 10 12 10 12 1 1 100 1 10 8 1 10 12 1 11 11 12 1 1 11 7 12 1 1 11 12 1 8 1 10 12 1 10 12 1 1 9 12 1 9 12 1 1 10 7 12 1 1 9 12 1 10 12 1 1 10 10 12 1 10 7 12 1 1 1 10 7 12 1 1 10 7 12 1 1 9 12 1 1 10 12 1 9 12 1 10 12 1 10 12 1 1 9 12 1 1 9 12 1 10 12 1 10 12 1 1 9 12 1 100 1 10 10 12 1 1 7 1 10 12 1 1 100 11 100 1 9 12 1 1 9 12 1 100 1 10 12 1 9 12 1 1 9 12 1 10 12 1 10 12 1 1 9 12 1 7 1 10 10 12 1 1 10 10 12 1 1 10 12 10 10 12 1 9 12 1 10 12 1 1 10 7 12 1 1 1 10 12 1 1 10 12 1 8 10 7 8 1 18 8 1 8 1 10 12 1 9 12 1 9 12 1 1 10 12 1 7 1 7 1 10 12 1 9 12 1 1 7 1 10 10 12 1 10 7 1 9 12 1 8 1 10 12 1 7 1 10 12 1 10 12 1 1 9 12 1 100 1 8 1 10 7 1 4 10 10 12 11 7 12 1 1 1 10 12 1 100 1 10 12 1 1 10 8 1 8 1 10 12 1 1 9 7 12 1 1 11 12 7 1 11 7 12 1 1 9 12 1 10 100 12 1 1 1 10 7 12 1 1 10 12 1 1 9 12 1 9 10 12 1 1 10 12 1 1 10 12 1 1 10 12 1 1 10 12 1 1 11 12 1 7 1 11 12 1 10 7 12 1 1 1 10 12 1 100 1 11 12 1 10 100 12 1 1 1 10 12 1 10 11 12 1 11 12 1 1 10 12 1 10 12 1 1 9 12 1 1 9 100 12 1 1 10 12 1 10 100 12 1 1 1 10 12 1 1 10 12 1 10 12 1 10 12 1 10 7 12 1 1 1 10 12 1 8 1 10 12 1 10 12 1 10 12 1 10 100 12 1 1 1 11 100 12 1 1 1 10 12 1 1 10 12 1 18 12 1 1 11 12 1 1 18 11 12 1 18 12 1 11 12 1 10 12 1 1 10 12 1 10 12 1 10 12 10 12 1 8 1 10 12 1 7 1 9 12 1 1 100 1 100 1 100 1 100 1 100 1 1 1 3 1 3 1 3 1 1 1 1 1 1 1 5 0 1 1 1 1 1 1 1 1 1 1 1 1 1 1 1 1 1 1 1 1 1 1 1 100 1 1 1 1 1 1 1 100 1 1 1 1 1 1 100 1 1 1 1 1 1 1 1 1 1 1 1 1 1 1 1 1 1 1 1 1 1 1 1 1 1 1 1 1 1 1 1 1 1 1 1 1 1 100 1 1 1 1 1 1 1 1 1 1 1 1 1 1 1 1 1 1 1 1 1 1 1 1 1 1 1 1 100 1 1 1 1 1 1 1 1 1 1 1 1 1 1 1 1 1 1 1 1 1 1 1 1 1 1 1 1 1 1 1 1 1 1 1 1 1 1 1 1 1 1 1 1 1 1 1 1 1 1 1 1 1 100 1 100 1 1 1 1 1 1 1 1 1 1 1 1 1 1 1 1 1 1 1 1 1 1 1 1 1 1 1 1 1 1 1 1 1 1 1 1 1 1 1 1 1 1 1 1 1 1 1 1 1 1 1 1 1 1 1 1 1 1 1 1 1 1 1 100 1 1 1 1 1 1 1 1 1 1 1 1 1 1 1 1 1 1 1 1 1 1 1 1 1 1 1 1 1 1 1 1 1 1 1 1 1 1 1 1 1 1 1 1 1 1 1 1 1 1 1 1 1 1 1 1 1 1 1 1 1 1 1 1 1 1 1 1 15 10 100 12 1 1 1 16 15 10 12 16 15 11 12 16 1 16 15 16 15 10 12 16 16 15 10 12 16 15 16 1 15 10 12 16 1 1 1 1 1 1 1 1 100 1 1 100 1 100 1 1 100 1 100 1 1
staticfield java/lang/Class EMPTY_CLASS_ARRAY [Ljava/lang/Class; 0 [Ljava/lang/Class;
staticfield java/lang/Class serialPersistentFields [Ljava/io/ObjectStreamField; 0 [Ljava/io/ObjectStreamField;
ciInstanceKlass java/io/Serializable 1 0 7 100 1 100 1 1 1
instanceKlass jdk/internal/vm/vector/VectorSupport$VectorShuffle
instanceKlass jdk/internal/vm/vector/VectorSupport$VectorMask
instanceKlass jdk/internal/vm/vector/VectorSupport$Vector
ciInstanceKlass jdk/internal/vm/vector/VectorSupport$VectorPayload 0 0 32 10 100 12 1 1 1 9 100 12 1 1 1 10 100 12 1 1 1 1 1 1 1 1 1 1 1 1 1 1 1 1
ciInstanceKlass jdk/internal/vm/vector/VectorSupport$VectorShuffle 0 0 28 10 100 12 1 1 1 100 1 1 1 1 1 1 1 1 1 1 1 1 1 1 1 100 1 1 1 1
ciInstanceKlass jdk/internal/vm/vector/VectorSupport$VectorMask 0 0 28 10 100 12 1 1 1 100 1 1 1 1 1 1 1 1 1 1 1 1 1 1 1 100 1 1 1 1
ciInstanceKlass jdk/internal/vm/vector/VectorSupport$Vector 0 0 28 10 100 12 1 1 1 100 1 1 1 1 1 1 1 1 1 1 1 1 1 1 1 100 1 1 1 1
ciInstanceKlass jdk/internal/vm/vector/VectorSupport 0 0 487 100 1 10 100 12 1 1 1 9 12 1 1 10 12 1 1 100 1 10 12 1 11 100 12 1 1 1 11 100 12 1 1 1 11 100 12 1 1 11 100 12 1 1 1 11 100 1 100 1 10 12 1 1 11 100 12 1 1 11 100 12 1 1 100 1 11 100 12 1 1 11 100 12 1 1 11 100 12 1 1 1 11 100 12 1 1 1 11 100 12 1 1 1 11 100 12 1 1 1 100 1 10 12 1 1 11 100 12 1 1 100 1 11 100 12 1 1 11 100 12 1 1 11 100 12 1 1 11 100 1 100 1 9 12 1 1 10 100 12 1 1 11 100 12 1 1 10 12 1 1 10 100 12 1 1 1 10 12 1 10 12 1 1 10 12 1 1 1 1 1 3 1 3 1 3 1 3 1 3 1 3 1 3 1 3 1 3 1 3 1 3 1 3 1 3 1 3 1 3 1 3 1 3 1 3 1 3 1 3 1 3 1 3 1 3 1 3 1 3 1 3 1 3 1 3 1 3 1 3 1 3 1 3 1 3 1 3 1 3 1 3 1 3 1 3 1 3 1 1 1 1 1 3 1 1 1 1 1 1 3 1 1 1 1 1 1 1 1 1 1 1 1 1 1 1 1 1 1 1 1 1 1 1 1 1 1 1 1 1 1 1 1 1 1 1 1 1 1 1 1 1 1 1 1 1 1 1 1 1 1 1 1 1 1 1 1 1 1 1 1 1 1 1 1 1 1 1 1 1 1 1 1 1 1 1 1 1 1 1 1 1 1 1 1 1 1 1 1 1 1 1 1 1 1 1 1 1 1 1 1 1 1 1 1 1 1 1 1 1 1 1 1 1 1 1 1 1 1 1 1 1 1 1 1 1 1 1 1 1 1 1 1 1 1 1 1 1 1 1 1 1 1 1 1 1 1 1 1 1 1 1 1 1 1 1 1 1 1 1 1 1 1 1 1 1 1 1 1 1 1 1 1 1 1 1 1 1 1 1 1 1 1 1 1 1 1 1 1 1 1 1 1 1 1 1 1 1 1 1 100 1 100 1 1 1 1 1 1 1 1 1 1 1 1 1 1 1 1 1 1 1 1 1 1 1 1
ciInstanceKlass java/lang/reflect/RecordComponent 0 0 196 10 100 12 1 1 1 9 100 12 1 1 1 9 12 1 1 9 12 1 10 12 1 1 10 12 1 1 10 100 12 1 1 1 10 12 1 1 9 12 1 1 10 12 1 1 10 12 1 1 10 12 1 10 100 12 1 1 10 100 12 1 1 9 12 1 1 10 100 12 1 1 1 11 100 12 1 1 1 10 9 100 12 1 1 1 10 100 12 1 1 1 9 12 1 1 10 100 12 1 1 1 10 12 1 1 11 100 12 1 1 10 100 12 1 1 100 1 9 12 1 9 12 1 1 9 12 1 10 100 12 1 1 1 10 12 1 1 10 12 1 1 100 1 10 10 12 1 10 12 1 1 8 1 10 12 1 10 12 1 9 12 1 100 1 1 1 1 1 1 1 1 1 1 1 1 1 1 1 1 1 1 1 1 1 1 100 1 1 1 1 1 1 100 1 1
ciInstanceKlass java/util/Iterator 1 1 53 100 1 8 1 10 12 1 1 10 100 12 1 1 1 11 100 12 1 1 1 11 12 1 1 11 100 12 1 1 1 100 1 1 1 1 1 1 1 1 1 1 1 1 1 1 1 1 1 1 1 1 1
instanceKlass org/jetbrains/kotlin/types/expressions/CoercionStrategy
instanceKlass org/jetbrains/kotlin/fir/resolve/calls/stages/VarargMappingState
instanceKlass org/jetbrains/kotlin/resolve/constants/evaluate/CompileTimeType
instanceKlass org/jetbrains/kotlin/fir/expressions/ConstantArgumentKind
instanceKlass org/jetbrains/kotlin/fir/declarations/HiddenEverywhereBesideSuperCallsStatus
instanceKlass org/jetbrains/kotlin/com/intellij/psi/PsiAnnotation$TargetType
instanceKlass org/jetbrains/kotlin/fir/resolve/calls/tower/MemberScopeTowerLevel$DispatchReceiverToUse
instanceKlass org/jetbrains/kotlin/fir/scopes/jvm/JvmMappedScope$JDKMemberStatus
instanceKlass org/jetbrains/kotlin/types/SmartcastStability
instanceKlass org/jetbrains/kotlin/fir/declarations/utils/FirScriptCustomizationKind
instanceKlass org/jetbrains/kotlin/fir/resolve/calls/FirSyntheticPropertiesScope$SyntheticGetterCompatibility
instanceKlass org/jetbrains/kotlin/types/TypeApproximatorConfiguration$IntersectionStrategy
instanceKlass org/jetbrains/kotlin/resolve/calls/inference/components/TypeVariableDirectionCalculator$ResolveDirection
instanceKlass org/jetbrains/kotlin/resolve/calls/inference/components/VariableFixationFinder$TypeVariableFixationReadiness
instanceKlass org/jetbrains/kotlin/fir/resolve/inference/CalculatorForNestedCall$FixationDirection
instanceKlass org/jetbrains/kotlin/fir/resolve/dfa/Operation
instanceKlass org/jetbrains/kotlin/fir/resolve/dfa/PropertyStability
instanceKlass org/jetbrains/kotlin/fir/resolve/transformers/FirCallCompletionResultsWriterTransformer$Mode
instanceKlass org/jetbrains/kotlin/fir/declarations/CallToPotentiallyHiddenSymbolResult
instanceKlass org/jetbrains/kotlin/resolve/calls/inference/components/ConstraintSystemCompletionMode
instanceKlass org/jetbrains/kotlin/resolve/calls/inference/model/ConstraintKind
instanceKlass org/jetbrains/kotlin/resolve/ForbiddenNamedArgumentsTarget
instanceKlass org/jetbrains/kotlin/fir/resolve/calls/stages/FirCallArgumentsProcessor$State
instanceKlass org/jetbrains/kotlin/resolve/calls/tasks/ExplicitReceiverKind
instanceKlass org/jetbrains/kotlin/fir/resolve/calls/ConstructorFilter
instanceKlass org/jetbrains/kotlin/fir/resolve/calls/tower/ProcessResult
instanceKlass org/jetbrains/kotlin/resolve/calls/inference/model/NewConstraintSystemImpl$State
instanceKlass org/jetbrains/kotlin/fir/resolve/transformers/body/resolve/FirExpressionsResolveTransformer$CallResolutionMode
instanceKlass org/jetbrains/kotlin/descriptors/ValueClassKind
instanceKlass org/jetbrains/kotlin/types/TypeCheckerState$LowerCapturedTypePolicy
instanceKlass org/jetbrains/kotlin/com/intellij/psi/impl/PsiClassImplUtil$MemberType
instanceKlass org/jetbrains/kotlin/fir/scopes/ProcessorAction
instanceKlass org/jetbrains/kotlin/com/intellij/openapi/fileEditor/impl/LoadTextUtil$AutoDetectionReason
instanceKlass org/jetbrains/kotlin/com/intellij/ui/PlatformIcons
instanceKlass org/jetbrains/kotlin/com/intellij/psi/impl/source/ClassInnerStuffCache$EnumMethodKind
instanceKlass org/jetbrains/kotlin/com/intellij/psi/impl/source/resolve/VariableResolverProcessor$StaticScope
instanceKlass org/jetbrains/kotlin/com/intellij/lang/java/parser/BasicOldExpressionParser$ExprType
instanceKlass org/jetbrains/kotlin/contracts/description/EventOccurrencesRange
instanceKlass org/jetbrains/kotlin/serialization/deserialization/ProtoBufContractDeserializer$PrimitiveExpressionType
instanceKlass org/jetbrains/kotlin/serialization/deserialization/ProtoBufContractDeserializer$ComplexExpressionType
instanceKlass org/jetbrains/kotlin/types/model/TypeVariance
instanceKlass org/jetbrains/kotlin/fir/types/EraseUpperBoundMode
instanceKlass org/jetbrains/kotlin/fir/java/declarations/FirJavaTypeParameter$BoundsEnhancementState
instanceKlass javaslang/collection/HashArrayMappedTrieModule$Action
instanceKlass org/jetbrains/kotlin/types/model/CaptureStatus
instanceKlass kotlin/DeprecationLevel
instanceKlass org/jetbrains/kotlin/load/java/structure/impl/classFiles/BinaryClassSignatureParser$JavaSignatureVariance
instanceKlass org/jetbrains/kotlin/com/intellij/psi/scope/ElementClassHint$DeclarationKind
instanceKlass org/jetbrains/kotlin/load/java/typeEnhancement/TypeComponentPosition
instanceKlass org/jetbrains/kotlin/load/java/typeEnhancement/MutabilityQualifier
instanceKlass org/jetbrains/kotlin/load/java/typeEnhancement/NullabilityQualifier
instanceKlass org/jetbrains/kotlin/fir/java/FirJavaTypeConversionMode
instanceKlass org/jetbrains/kotlin/com/intellij/util/containers/TreeTraversal$BiOrderIt$Order
instanceKlass org/jetbrains/kotlin/com/intellij/util/containers/JBIterator$Do
instanceKlass org/jetbrains/kotlin/descriptors/annotations/KotlinTarget
instanceKlass kotlin/annotation/AnnotationTarget
instanceKlass kotlin/annotation/AnnotationRetention
instanceKlass org/jetbrains/kotlin/com/intellij/psi/stubs/StubList$ChildrenStorage
instanceKlass org/jetbrains/kotlin/com/intellij/psi/impl/cache/TypeInfo$TypeKind
instanceKlass org/jetbrains/kotlin/com/intellij/openapi/projectRoots/JavaSdkVersion
instanceKlass org/jetbrains/kotlin/descriptors/EffectiveVisibility$Permissiveness
instanceKlass org/jetbrains/kotlin/com/intellij/psi/impl/source/PsiJavaCodeReferenceElementImpl$Kind
instanceKlass org/jetbrains/kotlin/com/intellij/lang/java/parser/BasicDeclarationParser$ListType
instanceKlass org/jetbrains/kotlin/com/intellij/lang/java/parser/DeclarationParser$Context
instanceKlass org/jetbrains/kotlin/com/intellij/lang/java/parser/BasicDeclarationParser$BaseContext
instanceKlass org/jetbrains/kotlin/com/intellij/openapi/vfs/CharsetToolkit$GuessedEncoding
instanceKlass org/jetbrains/kotlin/com/intellij/openapi/vfs/VFileProperty
instanceKlass org/jetbrains/kotlin/resolve/deprecation/DeprecationLevelValue
instanceKlass org/jetbrains/kotlin/fir/resolve/dfa/cfg/EdgeKind
instanceKlass org/jetbrains/kotlin/metadata/ProtoBuf$Effect$InvocationKind
instanceKlass org/jetbrains/kotlin/metadata/ProtoBuf$Expression$ConstantValue
instanceKlass org/jetbrains/kotlin/metadata/ProtoBuf$Effect$EffectType
instanceKlass org/jetbrains/kotlin/metadata/ProtoBuf$VersionRequirement$VersionKind
instanceKlass org/jetbrains/kotlin/metadata/ProtoBuf$VersionRequirement$Level
instanceKlass org/jetbrains/kotlin/fir/resolve/dfa/cfg/ControlFlowGraph$Kind
instanceKlass org/jetbrains/kotlin/fir/deserialization/AbstractAnnotationDeserializer$CallableKind
instanceKlass org/jetbrains/kotlin/fir/types/ProjectionKind
instanceKlass org/jetbrains/kotlin/metadata/ProtoBuf$MemberKind
instanceKlass org/jetbrains/kotlin/metadata/ProtoBuf$Class$Kind
instanceKlass org/jetbrains/kotlin/metadata/ProtoBuf$Modality
instanceKlass org/jetbrains/kotlin/metadata/ProtoBuf$Visibility
instanceKlass org/jetbrains/kotlin/serialization/deserialization/descriptors/DeserializedContainerAbiStability
instanceKlass org/jetbrains/kotlin/metadata/jvm/JvmProtoBuf$StringTableTypes$Record$Operation
instanceKlass java/lang/annotation/ElementType
instanceKlass org/jetbrains/kotlin/load/kotlin/header/KotlinClassHeader$Kind
instanceKlass org/jetbrains/kotlin/fir/scopes/impl/DefaultImportPriority
instanceKlass org/jetbrains/kotlin/resolve/jvm/NotFoundPackagesCachingStrategy$CacheType
instanceKlass org/jetbrains/kotlin/com/intellij/lang/java/lexer/BasicJavaLexer$LiteralType
instanceKlass org/jetbrains/kotlin/fir/resolve/calls/tower/InvokeResolvePriority
instanceKlass org/jetbrains/kotlin/resolve/calls/tower/CandidateApplicability
instanceKlass org/jetbrains/kotlin/fir/resolve/FirTowerDataMode
instanceKlass org/jetbrains/kotlin/fir/resolve/transformers/StatusComputationSession$StatusComputationStatus
instanceKlass org/jetbrains/kotlin/parsing/KotlinParsing$PropertyComponentKind
instanceKlass org/jetbrains/kotlin/parsing/KotlinParsing$ParseEnumEntryResult
instanceKlass org/jetbrains/kotlin/fir/diagnostics/DiagnosticKind
instanceKlass org/jetbrains/kotlin/contracts/description/LogicOperationKind
instanceKlass org/jetbrains/kotlin/fir/expressions/FirOperation
instanceKlass java/math/RoundingMode
instanceKlass org/jetbrains/kotlin/fir/declarations/FirPropertyBodyResolveState
instanceKlass org/jetbrains/kotlin/fir/declarations/InlineStatus
instanceKlass org/jetbrains/kotlin/fir/expressions/FirFunctionCallOrigin
instanceKlass org/jetbrains/kotlin/types/Variance
instanceKlass org/jetbrains/kotlin/fir/expressions/FirAnnotationResolvePhase
instanceKlass org/jetbrains/kotlin/fir/builder/AbstractRawFirBuilder$ValueParameterDeclaration
instanceKlass org/jetbrains/kotlin/descriptors/annotations/AnnotationUseSiteTarget
instanceKlass org/jetbrains/kotlin/fir/lightTree/fir/modifier/ModifierFlag
instanceKlass org/jetbrains/kotlin/parsing/KotlinParsing$DeclarationParsingMode
instanceKlass org/jetbrains/kotlin/parsing/KotlinParsing$NameParsingMode
instanceKlass org/jetbrains/kotlin/parsing/KotlinParsing$AnnotationParsingMode
instanceKlass org/jetbrains/kotlin/parsing/KotlinExpressionParsing$Precedence
instanceKlass org/jetbrains/kotlin/com/intellij/diagnostic/ActivityCategory
instanceKlass org/jetbrains/kotlin/load/java/SpecialGenericSignatures$TypeSafeBarrierDescription
instanceKlass org/jetbrains/kotlin/builtins/PrimitiveType
instanceKlass org/jetbrains/kotlin/resolve/jvm/JvmPrimitiveType
instanceKlass org/jetbrains/kotlin/fir/analysis/checkers/MppCheckerKind
instanceKlass org/jetbrains/kotlin/descriptors/ClassKind
instanceKlass org/jetbrains/kotlin/fir/declarations/impl/FirDeclarationStatusImpl$Modifier
instanceKlass org/jetbrains/kotlin/descriptors/Modality
instanceKlass org/jetbrains/kotlin/fir/declarations/FirResolvePhase
instanceKlass org/jetbrains/kotlin/metadata/ProtoBuf$Type$Argument$Projection
instanceKlass org/jetbrains/kotlin/load/java/AnnotationQualifierApplicabilityType
instanceKlass org/jetbrains/kotlin/container/ComponentStorageState
instanceKlass org/jetbrains/kotlin/fir/types/ConeNullability
instanceKlass org/jetbrains/kotlin/fir/FirSession$Kind
instanceKlass org/jetbrains/kotlin/metadata/ProtoBuf$QualifiedNameTable$QualifiedName$Kind
instanceKlass org/jetbrains/kotlin/metadata/ProtoBuf$TypeParameter$Variance
instanceKlass org/jetbrains/kotlin/metadata/ProtoBuf$Annotation$Argument$Value$Type
instanceKlass org/jetbrains/kotlin/protobuf/WireFormat$JavaType
instanceKlass org/jetbrains/kotlin/protobuf/WireFormat$FieldType
instanceKlass org/jetbrains/kotlin/config/LanguageFeature$State
instanceKlass org/jetbrains/kotlin/config/LanguageFeature$Kind
instanceKlass org/jetbrains/kotlin/config/LanguageFeature
instanceKlass org/jetbrains/kotlin/konan/target/Architecture
instanceKlass org/jetbrains/kotlin/konan/target/Family
instanceKlass org/jetbrains/kotlin/platform/wasm/WasmTarget
instanceKlass java/nio/file/attribute/PosixFilePermission
instanceKlass kotlin/io/FileWalkDirection
instanceKlass org/jetbrains/kotlin/cli/jvm/index/JavaRoot$RootType
instanceKlass org/jetbrains/kotlin/cli/jvm/compiler/jarfs/ZipEntryDescription$CompressionKind
instanceKlass java/nio/file/AccessMode
instanceKlass java/util/stream/Collector$Characteristics
instanceKlass org/jetbrains/kotlin/com/intellij/pom/java/LanguageLevel
instanceKlass org/jetbrains/kotlin/com/intellij/openapi/util/LowMemoryWatcher$LowMemoryWatcherType
instanceKlass org/jetbrains/kotlin/com/intellij/ide/plugins/ActionDescriptorName
instanceKlass kotlin/coroutines/intrinsics/CoroutineSingletons
instanceKlass kotlinx/coroutines/CoroutineStart
instanceKlass org/jetbrains/kotlin/com/intellij/openapi/progress/impl/CoreProgressManager$CheckCanceledBehavior
instanceKlass org/jetbrains/kotlin/com/intellij/util/messages/Topic$BroadcastDirection
instanceKlass org/jetbrains/kotlin/com/intellij/openapi/extensions/ExtensionPoint$Kind
instanceKlass org/jetbrains/kotlin/com/intellij/util/messages/impl/BusState
instanceKlass org/jetbrains/kotlin/com/intellij/diagnostic/LoadingState
instanceKlass org/jetbrains/kotlin/cli/jvm/compiler/EnvironmentConfigFiles
instanceKlass org/jetbrains/kotlin/config/JvmSerializeIrMode
instanceKlass org/jetbrains/kotlin/config/JvmAbiStability
instanceKlass kotlin/reflect/jvm/internal/impl/resolve/jvm/JvmPrimitiveType
instanceKlass kotlin/reflect/jvm/internal/impl/builtins/PrimitiveType
instanceKlass kotlin/reflect/jvm/internal/impl/builtins/functions/FunctionClassKind
instanceKlass kotlin/LazyThreadSafetyMode
instanceKlass java/util/stream/StreamShape
instanceKlass java/util/stream/MatchOps$MatchKind
instanceKlass java/util/stream/StreamOpFlag$Type
instanceKlass java/util/stream/StreamOpFlag
instanceKlass org/jetbrains/kotlin/config/JvmTarget
instanceKlass org/jetbrains/kotlin/storage/LockBasedStorageManager$NotValue
instanceKlass org/jetbrains/kotlin/load/java/ReportLevel
instanceKlass org/jetbrains/kotlin/config/IrVerificationMode
instanceKlass java/util/regex/Pattern$Qtype
instanceKlass org/jetbrains/kotlin/config/LanguageVersion
instanceKlass java/lang/annotation/RetentionPolicy
instanceKlass org/jetbrains/kotlin/config/JvmDefaultMode
instanceKlass org/jetbrains/kotlin/config/JVMAssertionsMode
instanceKlass org/jetbrains/kotlin/config/ExplicitApiMode
instanceKlass org/jetbrains/kotlin/cli/common/messages/CompilerMessageSeverity
instanceKlass org/jetbrains/kotlin/com/intellij/openapi/diagnostic/LogLevel
instanceKlass java/lang/invoke/MethodHandles$Lookup$ClassOption
instanceKlass java/lang/invoke/VarHandle$AccessType
instanceKlass java/lang/invoke/VarHandle$AccessMode
instanceKlass java/lang/invoke/MethodHandleImpl$Intrinsic
instanceKlass java/lang/invoke/LambdaForm$BasicType
instanceKlass java/lang/invoke/LambdaForm$Kind
instanceKlass sun/invoke/util/Wrapper
instanceKlass org/jetbrains/kotlin/cli/common/CompilerSystemProperties
instanceKlass org/jetbrains/kotlin/cli/common/ExitCode
instanceKlass java/util/concurrent/TimeUnit
instanceKlass java/nio/file/LinkOption
instanceKlass sun/nio/fs/WindowsPathType
instanceKlass java/nio/file/StandardOpenOption
instanceKlass java/io/File$PathStatus
instanceKlass java/lang/module/ModuleDescriptor$Requires$Modifier
instanceKlass java/lang/module/ModuleDescriptor$Modifier
ciInstanceKlass java/lang/Enum 1 1 188 9 7 12 1 1 1 9 12 1 1 10 7 12 1 1 1 10 12 1 1 100 1 10 10 12 1 1 10 12 1 100 1 10 10 7 12 1 1 10 12 1 1 18 12 1 1 10 100 12 1 1 1 10 12 1 1 11 7 12 1 1 1 100 1 8 1 10 12 1 100 1 100 1 10 8 1 10 12 1 1 10 12 1 1 8 1 10 12 1 10 100 1 8 1 10 10 12 1 1 10 100 12 1 1 1 100 1 100 1 100 1 1 1 1 1 1 1 1 1 1 1 1 1 1 1 1 1 1 1 1 1 1 1 1 1 1 1 1 1 1 1 1 1 1 1 1 1 1 1 1 1 100 1 100 1 1 100 1 1 1 1 1 1 1 1 1 1 1 15 10 100 12 1 1 1 16 15 10 12 16 1 1 100 1 100 1 1
ciMethod java/lang/Enum equals (Ljava/lang/Object;)Z 512 0 1301 0 0
ciMethod java/lang/Enum hashCode ()I 1024 0 29454 0 128
ciInstanceKlass java/lang/System 1 1 803 10 100 12 1 1 1 9 7 12 1 1 1 10 12 1 10 12 1 1 10 12 1 1 10 12 1 9 12 1 1 10 7 12 1 1 1 11 100 12 1 1 1 10 100 12 1 1 1 10 12 1 1 10 12 1 1 100 1 8 1 10 12 1 10 100 12 1 1 1 10 100 12 1 1 1 18 12 1 1 10 100 12 1 1 1 100 1 10 12 1 1 10 100 12 1 1 1 10 12 1 10 7 12 1 1 1 9 100 12 1 1 1 10 100 12 1 1 1 11 7 12 1 1 1 10 12 1 1 10 100 12 1 1 1 100 1 10 10 12 1 1 8 1 10 12 1 8 1 10 12 1 9 12 1 1 8 1 10 7 12 1 1 1 10 12 1 1 100 1 8 1 10 9 12 1 1 8 1 10 12 1 1 10 100 12 1 1 1 8 1 10 12 1 100 1 10 12 1 8 1 10 12 1 10 12 1 1 100 1 10 12 10 12 1 9 12 1 1 9 12 1 1 10 7 12 1 1 1 10 7 12 1 1 1 10 12 1 1 10 12 1 10 12 1 10 7 12 1 1 1 10 12 1 100 1 100 1 8 1 10 12 1 10 12 1 1 7 1 10 12 1 100 1 8 1 10 10 12 1 100 1 8 1 10 8 1 10 7 12 1 1 8 1 10 12 100 1 8 1 10 10 12 1 1 10 100 12 1 1 1 100 1 18 12 1 100 1 9 100 12 1 1 1 10 12 1 100 1 10 12 1 1 10 12 1 1 10 7 12 1 1 1 10 12 1 1 10 12 1 10 12 1 10 12 1 1 10 12 1 7 1 10 12 1 10 12 1 100 1 10 12 1 10 7 12 1 1 1 100 1 8 1 10 9 12 1 9 12 1 10 12 1 10 100 12 1 1 10 12 1 10 12 1 1 8 1 10 12 1 1 8 1 11 12 1 10 12 11 12 1 1 11 7 12 1 1 1 11 7 12 1 1 11 12 1 1 7 1 11 12 1 10 12 1 8 1 10 12 1 1 8 1 8 1 8 1 8 1 11 12 1 10 12 1 10 12 1 10 12 1 10 7 12 1 1 8 1 7 1 9 7 12 1 1 1 10 12 1 7 1 9 12 10 9 12 7 1 10 12 8 1 10 12 1 1 8 1 10 7 12 1 1 10 12 1 10 7 12 1 1 1 10 12 1 1 10 7 12 1 1 1 10 12 10 7 12 1 1 1 9 12 1 1 100 1 8 1 10 12 1 1 10 7 12 1 1 1 7 1 10 12 1 1 8 1 10 8 1 8 1 8 1 8 1 10 10 7 12 1 1 10 12 1 1 10 12 1 1 10 12 1 1 10 12 1 10 100 12 1 1 1 10 100 1 8 1 10 10 10 12 1 1 10 12 1 1 8 1 10 12 1 8 1 10 12 1 10 12 1 1 7 1 10 10 12 1 10 12 1 9 12 1 1 1 3 1 3 1 1 1 1 1 1 1 1 1 1 1 1 100 1 1 100 1 1 1 1 1 1 1 1 1 1 1 100 1 100 1 1 1 1 1 1 1 1 1 1 1 1 1 1 1 1 1 1 1 1 1 1 1 1 1 1 1 1 1 1 1 1 1 1 1 1 1 1 1 1 1 1 1 1 1 1 1 1 1 1 1 1 1 1 1 1 1 1 100 1 1 1 1 1 1 1 1 1 1 1 1 1 1 1 1 1 1 1 1 1 1 1 1 1 1 1 1 1 1 1 1 1 100 1 1 15 10 100 12 1 1 1 16 15 10 12 1 1 16 15 10 12 16 1 1 1 1 1 1 1 100 1 100 1 1
staticfield java/lang/System in Ljava/io/InputStream; java/io/BufferedInputStream
staticfield java/lang/System out Ljava/io/PrintStream; java/io/PrintStream
staticfield java/lang/System err Ljava/io/PrintStream; java/io/PrintStream
instanceKlass jdk/internal/reflect/DelegatingClassLoader
instanceKlass java/security/SecureClassLoader
ciInstanceKlass java/lang/ClassLoader 1 1 1098 9 7 12 1 1 1 10 7 12 1 1 1 9 12 1 1 10 7 12 1 1 1 7 1 10 12 1 1 10 12 1 1 9 12 1 1 10 12 1 1 100 1 10 12 1 10 12 1 1 10 7 12 1 1 1 100 1 8 1 10 12 1 10 7 12 1 1 1 10 100 12 1 10 7 1 10 7 1 7 1 7 1 10 12 1 10 12 1 9 12 1 1 10 10 7 12 1 1 1 9 12 1 1 9 12 1 9 12 1 1 9 12 1 9 12 1 1 9 12 1 1 7 1 10 12 1 9 12 1 1 10 12 1 1 10 7 12 1 1 1 9 12 1 9 12 1 1 9 12 1 10 12 1 1 9 12 10 12 1 1 7 1 10 8 1 10 12 1 1 10 12 1 10 7 1 7 1 10 12 1 1 10 7 12 1 1 1 8 1 10 12 1 10 12 1 10 12 1 1 10 12 1 1 10 12 1 1 10 12 1 1 10 12 1 1 10 12 1 100 1 10 12 1 10 100 12 1 1 1 10 12 1 1 10 12 1 10 12 1 10 12 1 10 12 1 10 12 1 1 10 10 12 1 10 12 1 10 100 12 1 1 10 12 1 1 10 12 1 1 10 12 1 100 1 10 12 1 100 1 10 12 1 10 100 12 1 1 1 10 10 12 1 1 10 12 1 1 100 1 8 1 10 8 1 10 12 1 10 12 1 100 1 8 1 10 12 1 1 10 12 1 1 10 10 12 1 1 10 12 1 1 10 12 1 1 10 7 1 10 12 1 1 10 12 1 1 10 12 1 1 10 12 1 1 10 12 1 1 10 12 1 1 10 12 1 10 100 12 1 1 1 10 12 1 10 12 1 10 12 1 1 10 12 1 10 12 1 10 12 1 10 12 1 1 10 12 1 10 12 1 1 8 1 9 12 1 10 12 1 1 8 1 8 1 10 7 12 1 1 100 1 10 10 12 10 12 1 10 12 1 10 12 1 10 12 1 1 10 7 12 1 1 10 12 1 10 7 1 100 1 10 12 1 1 10 12 1 10 100 1 10 12 1 100 1 18 12 1 10 100 12 1 1 1 10 100 12 1 1 1 10 7 12 1 1 10 12 1 1 10 12 1 10 12 1 1 100 1 10 12 1 10 12 1 1 10 7 12 1 1 10 12 1 8 1 100 1 10 10 12 1 9 12 1 10 7 12 1 1 10 12 1 100 1 8 1 10 12 1 10 8 1 8 1 10 12 1 1 10 12 1 1 10 12 1 1 10 100 12 1 1 1 100 1 100 1 10 12 1 1 100 1 100 1 10 100 12 1 1 10 12 1 10 12 1 1 10 12 1 10 12 1 1 10 12 1 1 9 100 12 1 1 1 10 12 1 1 10 12 1 10 12 1 10 12 1 1 10 12 1 8 1 10 12 1 7 1 18 12 1 1 10 12 1 1 10 12 1 10 12 1 10 12 1 8 1 10 12 1 10 12 1 18 12 1 11 100 12 1 1 1 100 1 10 12 1 1 10 12 1 10 11 12 1 1 10 18 10 12 1 1 11 100 12 1 18 12 1 11 12 1 1 10 12 10 12 1 1 10 12 1 1 100 1 8 1 10 10 12 1 8 1 8 1 10 100 12 1 1 10 12 1 100 1 10 10 12 1 8 1 8 1 8 1 10 12 1 10 12 1 1 10 12 1 10 100 12 1 1 1 11 100 12 1 1 100 1 10 11 10 12 1 10 12 1 10 12 1 1 9 100 12 1 1 9 12 1 1 9 12 9 12 1 9 12 1 9 12 1 8 10 12 1 1 10 7 12 1 1 1 10 12 1 1 10 12 1 1 10 12 1 10 10 12 1 11 12 1 1 10 100 12 1 1 1 100 1 10 12 1 10 12 1 10 12 1 1 1 1 1 1 1 1 1 1 1 1 1 1 1 1 1 1 1 1 1 1 1 1 1 1 1 1 100 1 1 1 1 1 1 1 1 1 1 1 1 1 1 1 1 1 1 1 1 1 100 1 1 1 1 1 1 1 1 1 1 100 1 1 1 1 1 1 1 1 1 1 1 1 1 1 1 1 1 1 1 1 1 1 1 1 1 1 1 1 1 1 1 1 1 1 1 1 1 1 1 1 1 100 1 1 1 1 1 1 1 1 1 1 1 1 1 1 1 1 1 1 100 1 1 1 1 1 1 1 1 1 1 1 1 1 1 1 1 1 1 1 1 1 1 1 1 1 1 1 1 1 1 1 1 1 1 1 1 1 1 1 1 1 1 1 1 1 1 1 1 1 1 1 100 1 1 1 1 1 1 1 1 1 1 1 1 1 1 1 1 1 1 1 1 1 1 1 1 1 1 1 1 1 1 1 1 1 1 1 1 1 1 1 1 1 1 1 1 1 1 15 10 100 12 1 1 1 16 1 15 10 12 16 1 16 15 10 12 16 1 16 1 15 10 12 16 15 10 12 16 15 10 12 16 1 1 100 1 100 1 1
staticfield java/lang/ClassLoader nocerts [Ljava/security/cert/Certificate; 0 [Ljava/security/cert/Certificate;
staticfield java/lang/ClassLoader $assertionsDisabled Z 1
ciInstanceKlass jdk/internal/reflect/DelegatingClassLoader 1 1 18 10 7 12 1 1 1 100 1 1 1 1 1 1 1 1 1 1
instanceKlass java/net/URLClassLoader
instanceKlass jdk/internal/loader/BuiltinClassLoader
ciInstanceKlass java/security/SecureClassLoader 1 1 102 10 7 12 1 1 1 7 1 10 12 1 9 7 12 1 1 1 10 12 1 10 12 1 10 12 1 1 10 12 1 1 10 12 1 7 1 10 7 1 10 12 1 7 1 10 12 1 11 7 12 1 1 1 7 1 11 12 1 10 12 1 1 1 1 1 1 1 1 1 1 1 1 1 1 1 1 1 1 1 1 1 1 1 1 1 1 1 1 1 1 1 1 1 1 1 1 100 1 1 1 1
instanceKlass jdk/internal/loader/ClassLoaders$BootClassLoader
instanceKlass jdk/internal/loader/ClassLoaders$PlatformClassLoader
instanceKlass jdk/internal/loader/ClassLoaders$AppClassLoader
ciInstanceKlass jdk/internal/loader/BuiltinClassLoader 1 1 737 9 7 12 1 1 1 10 7 12 1 1 1 10 7 12 1 1 1 9 12 1 1 9 12 1 1 7 1 10 12 1 9 12 1 10 12 1 9 12 1 10 7 12 1 1 1 10 7 12 1 1 1 10 7 12 1 1 1 11 7 12 1 1 1 100 1 100 1 10 10 12 1 1 8 1 10 12 1 10 12 7 1 10 12 1 10 12 1 1 11 7 12 1 1 1 11 7 12 1 1 1 11 12 1 1 7 1 8 1 8 1 10 9 12 1 1 10 7 12 1 1 11 12 1 1 10 12 1 1 10 12 1 1 10 12 1 1 10 7 12 1 1 1 10 12 1 10 100 12 1 1 1 10 12 1 1 11 7 12 1 1 1 10 100 12 1 1 100 1 10 7 12 1 1 1 10 12 1 100 1 8 1 10 12 1 1 10 8 1 10 12 1 1 10 12 1 1 10 12 1 1 11 7 12 1 1 11 12 1 100 1 10 11 12 1 1 11 10 12 1 1 100 1 10 12 1 10 7 12 1 10 12 1 7 1 10 12 1 10 7 12 1 1 1 100 1 10 12 1 1 11 12 1 100 1 100 1 10 12 1 10 12 1 1 100 1 100 1 10 12 1 10 12 1 18 12 1 1 10 12 1 10 12 1 1 18 100 1 10 100 12 1 1 1 7 1 10 10 12 1 1 10 12 1 1 10 12 1 1 10 12 1 9 12 1 1 100 1 10 10 12 1 1 10 12 1 1 10 12 1 10 12 10 12 1 1 10 12 1 1 10 12 1 1 10 12 1 10 12 1 1 18 12 1 7 1 10 12 1 1 10 12 1 10 12 1 1 10 12 1 100 1 10 12 1 100 1 10 12 1 10 7 12 1 1 1 10 12 1 11 12 1 100 1 10 12 1 7 1 100 1 10 12 1 10 12 1 11 12 1 1 10 12 1 1 10 12 1 1 10 12 1 1 10 12 1 1 10 12 1 10 12 1 10 12 1 10 12 1 8 1 10 12 1 1 10 7 12 1 1 10 12 1 100 1 8 1 8 1 10 10 12 1 8 1 8 1 10 7 12 1 1 1 11 7 12 1 1 1 9 7 12 1 1 1 10 7 12 1 1 1 9 12 1 9 12 1 9 12 1 9 12 1 9 12 1 9 12 1 10 7 12 1 1 1 8 1 10 12 1 7 1 10 12 1 1 10 12 1 7 1 10 11 12 1 1 10 12 10 12 1 10 12 1 100 1 10 12 1 10 12 1 10 10 12 1 10 7 12 1 1 8 1 10 7 12 1 1 10 12 1 1 1 1 1 1 1 1 1 1 1 1 1 1 1 1 1 1 1 1 1 1 1 1 1 1 1 1 1 1 1 1 1 1 1 1 1 1 1 1 1 1 1 1 1 1 1 1 1 1 1 1 1 1 1 1 100 1 1 1 1 1 1 1 1 1 1 1 1 1 1 1 1 1 1 100 1 100 1 1 1 1 1 1 1 1 1 1 1 1 1 1 1 1 1 1 1 1 1 1 1 1 1 1 1 1 1 1 1 1 1 1 1 1 1 1 1 1 1 1 1 1 1 1 1 1 1 1 1 100 1 1 15 10 100 12 1 1 1 16 15 10 12 16 15 10 12 16 15 10 12 16 1 1 1 100 1 1 1 1 1 100 1 100 1 1
staticfield jdk/internal/loader/BuiltinClassLoader packageToModule Ljava/util/Map; java/util/concurrent/ConcurrentHashMap
staticfield jdk/internal/loader/BuiltinClassLoader $assertionsDisabled Z 1
ciInstanceKlass java/security/AccessController 1 1 295 10 100 12 1 1 1 10 7 12 1 1 1 10 7 12 1 1 1 10 12 1 1 10 12 1 1 10 7 12 1 1 1 10 12 1 1 10 12 1 10 12 1 1 10 12 1 100 1 8 1 10 12 1 10 12 1 10 12 1 1 10 12 1 100 1 100 1 10 12 1 1 10 12 1 10 12 1 10 12 1 1 10 7 12 1 1 1 10 12 1 1 9 100 12 1 1 1 10 100 12 1 1 1 10 12 1 10 12 1 9 100 12 1 1 1 10 12 1 10 12 1 1 9 12 1 1 10 100 1 10 11 7 12 1 1 1 10 7 12 1 1 11 7 1 100 1 10 12 1 10 12 1 10 12 1 8 1 10 12 1 1 8 1 10 100 12 1 1 1 8 1 100 1 10 10 12 1 1 10 12 1 10 7 12 1 1 1 10 12 1 8 1 10 100 12 1 1 8 1 8 1 10 12 1 8 1 10 12 1 10 12 1 1 10 12 1 1 1 1 1 1 1 1 1 1 1 1 1 1 1 1 1 1 1 1 1 1 1 1 1 1 1 1 100 1 1 1 1 1 1 1 1 1 1 1 1 1 1 1 1 1 1 1 1 1 1 1 1 1 1 1 1 1 1 1 1 1 1 100 1 100 1 1 1 1 1 1 1 1 1 3 1 1 1
staticfield java/security/AccessController $assertionsDisabled Z 1
instanceKlass jdk/internal/reflect/GeneratedConstructorAccessor4
instanceKlass jdk/internal/reflect/GeneratedConstructorAccessor3
instanceKlass jdk/internal/reflect/GeneratedConstructorAccessor2
instanceKlass jdk/internal/reflect/BootstrapConstructorAccessorImpl
instanceKlass jdk/internal/reflect/GeneratedConstructorAccessor1
instanceKlass jdk/internal/reflect/DelegatingConstructorAccessorImpl
instanceKlass jdk/internal/reflect/NativeConstructorAccessorImpl
ciInstanceKlass jdk/internal/reflect/ConstructorAccessorImpl 1 1 27 10 7 12 1 1 1 100 1 100 1 1 1 1 1 1 1 1 1 100 1 100 1 100 1 1 1
instanceKlass jdk/internal/reflect/FieldAccessorImpl
instanceKlass jdk/internal/reflect/ConstructorAccessorImpl
instanceKlass jdk/internal/reflect/MethodAccessorImpl
ciInstanceKlass jdk/internal/reflect/MagicAccessorImpl 1 1 16 10 7 12 1 1 1 100 1 1 1 1 1 1 1 1
instanceKlass jdk/internal/reflect/GeneratedMethodAccessor1
instanceKlass jdk/internal/reflect/DelegatingMethodAccessorImpl
instanceKlass jdk/internal/reflect/NativeMethodAccessorImpl
ciInstanceKlass jdk/internal/reflect/MethodAccessorImpl 1 1 25 10 7 12 1 1 1 100 1 100 1 1 1 1 1 1 1 1 1 100 1 100 1 1 1
ciInstanceKlass java/lang/Module 1 1 959 10 7 12 1 1 1 9 7 12 1 1 1 10 7 12 1 1 1 9 12 1 9 12 1 1 9 12 1 1 10 12 1 1 10 12 1 10 12 1 1 10 7 12 1 1 1 7 1 10 7 12 1 1 1 10 12 1 1 11 7 12 1 1 1 10 12 1 1 10 7 12 1 1 1 10 12 1 1 10 7 12 1 1 1 9 100 12 1 1 1 10 100 12 1 1 1 10 12 1 8 1 10 7 12 1 1 1 10 7 12 1 1 1 9 12 1 1 9 12 1 1 10 12 1 9 12 1 1 11 12 1 9 7 12 1 1 10 7 12 1 1 1 10 100 12 1 1 1 10 12 1 1 100 1 100 1 10 10 12 1 1 8 1 10 12 1 10 12 10 12 1 10 12 1 1 10 12 1 1 10 12 1 1 9 7 12 1 1 1 10 12 1 1 10 12 1 1 9 12 1 10 12 1 10 12 1 9 12 1 1 11 7 12 1 1 10 12 1 1 9 12 1 9 12 1 10 12 1 10 12 1 100 1 8 1 10 10 12 1 1 10 12 1 8 1 10 12 1 1 8 1 8 1 10 12 1 1 10 12 1 10 12 1 1 18 12 1 1 10 12 1 1 11 12 1 9 12 1 11 12 10 100 12 1 1 100 1 8 1 10 7 1 11 12 1 1 10 12 1 10 12 1 10 12 1 1 11 12 1 1 11 7 12 1 1 11 12 1 1 9 12 1 11 12 1 10 12 1 1 10 12 1 1 9 12 1 10 12 10 7 12 1 1 10 7 12 1 1 10 7 1 18 12 1 1 11 100 12 1 1 1 18 12 1 11 12 1 1 10 100 12 1 1 1 11 12 1 1 10 7 12 1 1 4 7 1 11 12 1 7 1 7 1 10 10 7 12 1 1 1 10 11 7 12 1 8 1 10 10 12 1 1 10 7 12 1 1 10 12 1 10 12 1 7 1 10 12 1 10 11 12 1 1 10 12 10 12 1 1 9 12 1 100 1 10 10 12 1 1 11 100 1 10 12 1 1 11 12 1 10 10 12 1 11 10 12 1 1 10 12 1 1 10 12 1 1 10 7 12 1 1 10 12 1 10 12 1 1 10 10 12 1 1 10 12 1 18 12 1 11 12 1 18 12 1 10 12 1 10 12 1 10 12 7 1 10 12 1 10 12 1 10 12 1 9 12 1 7 1 10 10 10 10 12 1 10 12 1 10 12 1 10 12 1 1 10 12 1 1 10 12 1 9 12 1 18 12 1 1 10 100 12 1 1 1 100 1 8 1 10 12 1 1 10 12 1 1 10 100 12 1 1 100 1 10 12 1 1 100 1 8 1 100 1 10 100 1 100 1 3 10 12 1 100 1 10 12 1 10 12 1 1 10 12 1 1 100 1 10 12 1 10 12 1 1 100 1 100 1 10 12 8 1 10 12 1 1 10 12 1 1 10 100 12 1 1 10 12 1 1 10 12 1 10 12 10 12 1 1 100 1 10 10 12 1 1 10 100 12 1 1 1 100 1 8 1 10 12 1 1 10 100 12 1 1 8 1 10 12 1 8 1 10 12 1 10 12 10 12 1 8 1 10 10 100 12 1 1 7 1 10 10 12 1 10 7 12 1 1 9 12 1 9 12 1 9 12 1 9 12 1 10 12 11 12 1 10 12 1 100 1 1 1 1 1 1 1 1 1 1 1 1 1 1 1 1 100 1 1 1 1 1 1 1 1 1 1 1 1 1 1 1 1 1 1 1 1 1 1 1 1 1 1 1 1 1 1 1 1 1 1 1 1 1 1 1 1 1 1 1 1 1 1 1 1 1 1 1 1 1 1 1 1 1 1 1 1 1 1 1 1 1 1 1 1 1 1 1 1 1 1 1 1 1 1 1 1 1 1 1 100 100 1 1 1 1 1 1 1 1 1 1 1 1 1 1 1 1 1 1 1 1 1 1 1 1 1 1 1 1 1 1 1 1 1 1 100 1 100 1 100 1 1 1 1 1 1 1 1 1 1 1 1 1 1 1 1 1 1 1 1 1 1 1 1 1 1 1 1 15 10 7 12 1 1 1 16 15 10 12 16 16 15 10 12 16 16 15 10 16 1 15 10 12 16 1 15 10 12 16 1 16 15 10 12 16 1 1 1 1 1 1 1 100 1 100 1 1
staticfield java/lang/Module ALL_UNNAMED_MODULE Ljava/lang/Module; java/lang/Module
staticfield java/lang/Module ALL_UNNAMED_MODULE_SET Ljava/util/Set; java/util/ImmutableCollections$Set12
staticfield java/lang/Module EVERYONE_MODULE Ljava/lang/Module; java/lang/Module
staticfield java/lang/Module EVERYONE_SET Ljava/util/Set; java/util/ImmutableCollections$Set12
staticfield java/lang/Module $assertionsDisabled Z 1
instanceKlass org/jetbrains/kotlin/com/intellij/util/containers/NotNullList
instanceKlass org/jetbrains/kotlin/com/intellij/util/containers/Stack
instanceKlass org/jetbrains/kotlin/config/MavenComparableVersion$ListItem
ciInstanceKlass java/util/ArrayList 1 1 492 10 7 12 1 1 1 7 1 9 7 12 1 1 1 9 12 1 100 1 100 1 10 8 1 10 12 1 1 10 12 1 10 12 1 1 10 12 1 9 12 1 11 7 12 1 1 1 9 12 1 1 10 12 1 1 7 10 7 12 1 1 1 9 12 1 10 12 1 10 12 1 1 10 7 12 1 1 1 10 7 12 1 1 1 10 12 1 1 10 12 1 1 10 12 1 1 10 12 1 10 12 1 1 100 1 100 1 10 12 1 10 7 12 1 1 1 10 7 12 1 1 10 12 1 10 12 10 12 1 1 10 12 1 1 10 12 1 1 7 1 10 12 1 1 10 12 1 1 10 12 1 100 1 10 11 12 1 1 11 7 12 1 1 1 11 12 1 10 12 1 10 12 1 10 12 1 1 100 1 10 12 1 1 10 10 12 1 1 10 12 1 8 1 8 1 8 1 8 1 10 12 1 1 10 12 1 1 11 12 1 100 1 10 100 12 1 1 10 12 1 10 12 1 1 10 100 12 1 1 10 12 1 10 100 12 1 1 1 11 100 12 1 1 1 10 12 1 100 1 8 1 10 7 1 10 12 1 7 1 10 12 1 10 12 1 1 7 1 10 12 1 10 12 1 1 11 100 12 1 1 100 1 10 12 1 10 12 1 1 11 7 12 1 1 10 12 1 1 10 12 1 1 10 12 1 1 10 12 1 1 11 7 12 1 1 10 12 1 1 100 1 100 1 100 1 1 1 1 5 0 1 3 1 1 1 1 1 1 1 1 1 1 1 1 1 1 1 1 1 1 1 1 1 1 1 1 1 1 1 1 1 1 1 1 1 1 1 1 1 1 1 1 1 1 1 1 1 1 1 1 1 1 1 1 1 1 1 1 1 1 1 1 1 1 1 1 1 1 1 1 1 1 1 1 1 1 1 1 1 1 1 1 1 1 1 1 1 1 1 1 1 1 1 1 1 1 1 1 100 1 1 1 1 100 1 1 1 1 1 1 1 1 1 1 1 1 1 1 1 1 1 1 1 1 1 1 1 1 1 1 1 1 1 100 1 1 1 1 1 1 1 1 1 1 1 1 1 1 1 1 1 1 100 1 100 1 1 1 1 1 1
staticfield java/util/ArrayList EMPTY_ELEMENTDATA [Ljava/lang/Object; 0 [Ljava/lang/Object;
staticfield java/util/ArrayList DEFAULTCAPACITY_EMPTY_ELEMENTDATA [Ljava/lang/Object; 0 [Ljava/lang/Object;
ciInstanceKlass java/util/concurrent/ConcurrentHashMap 1 1 1210 7 1 7 1 3 10 12 1 1 3 100 1 10 7 12 1 1 1 100 1 10 100 12 1 1 1 100 1 11 12 1 1 11 12 1 11 12 1 1 9 12 1 1 9 12 1 1 9 12 1 10 7 12 1 1 1 7 1 10 12 1 1 10 12 1 1 10 7 12 1 1 1 4 10 12 1 9 12 1 10 12 1 1 100 1 10 5 0 10 12 1 10 12 1 1 5 0 10 12 1 1 10 12 1 9 12 1 1 10 12 1 1 9 12 1 9 12 1 1 10 12 1 1 9 12 1 10 12 1 1 9 12 1 1 10 12 1 1 100 1 10 100 1 10 12 1 10 12 1 1 10 12 1 1 10 12 1 1 10 12 1 10 12 1 1 10 12 1 1 100 1 10 12 1 1 7 1 100 1 8 1 10 12 1 10 12 1 1 10 12 1 1 11 100 12 1 1 10 12 1 1 11 12 1 1 11 100 12 1 1 1 11 100 12 1 1 1 11 12 1 100 1 11 12 1 11 12 1 10 12 1 1 10 12 1 1 9 12 1 1 10 100 12 1 1 1 9 10 12 1 1 9 12 1 10 12 1 1 5 0 9 12 1 1 7 1 10 12 1 9 12 1 1 7 1 10 12 1 9 12 1 100 1 10 100 1 10 10 12 1 1 8 1 10 12 1 10 12 1 1 11 100 1 10 12 1 10 100 12 1 1 1 8 1 10 100 12 1 1 1 8 1 10 12 1 8 1 10 12 1 10 12 1 1 10 100 12 1 1 10 12 1 10 12 1 10 12 1 9 12 1 9 10 12 1 9 12 1 1 11 100 12 1 1 1 11 100 12 1 1 1 100 1 10 12 11 100 12 1 1 10 11 7 12 1 10 12 1 100 1 10 12 1 100 1 10 10 9 7 12 1 1 1 10 12 3 10 100 12 1 1 9 12 1 10 12 1 1 9 12 1 1 9 12 1 10 12 1 1 10 100 12 1 1 9 12 1 9 7 12 1 1 10 12 1 1 10 12 1 3 9 12 1 9 12 1 10 12 1 1 7 1 9 3 9 12 1 100 1 10 12 1 9 12 1 10 12 1 9 12 1 10 12 1 9 12 1 10 100 12 1 1 1 100 10 12 1 100 1 5 0 10 100 12 1 1 100 1 10 12 1 1 10 12 1 10 12 1 100 1 10 12 1 10 100 1 100 1 10 10 12 1 10 100 1 10 12 1 10 100 1 10 12 1 10 100 1 10 12 1 1 100 1 10 12 1 10 10 12 1 100 1 10 12 1 10 10 12 1 100 1 10 12 1 10 100 1 10 12 1 10 100 1 10 12 1 10 100 1 10 12 1 10 100 1 10 12 1 10 100 1 10 12 1 10 100 1 10 12 1 10 100 1 10 12 1 10 100 1 10 10 100 1 10 10 100 1 10 10 100 1 10 12 1 10 100 1 10 12 1 10 100 1 10 12 1 10 100 1 10 12 1 10 100 1 10 12 1 10 100 1 10 10 100 1 10 10 100 1 10 10 100 1 10 12 1 10 100 1 10 12 1 10 100 1 10 12 1 10 100 1 10 12 1 10 100 1 10 12 1 10 10 12 1 10 7 12 1 1 1 10 12 1 7 1 7 1 10 12 1 9 12 1 1 9 12 1 1 10 12 1 1 8 10 12 1 1 8 8 8 8 7 10 12 1 1 10 12 1 100 1 8 1 10 7 1 100 1 100 1 1 1 5 0 1 1 3 1 3 1 1 1 1 3 1 3 1 3 1 1 1 1 1 3 1 3 1 3 1 1 1 1 1 1 1 1 1 1 1 1 1 1 1 1 1 1 1 1 1 1 1 1 1 100 1 1 1 1 1 1 1 1 1 1 1 1 1 1 1 1 1 1 1 1 1 1 1 1 1 1 1 1 1 1 1 1 1 1 1 1 1 1 1 1 1 1 1 1 1 1 1 1 1 1 1 1 1 1 1 1 1 1 1 1 1 1 1 1 1 1 1 1 1 1 1 1 1 1 1 1 1 1 1 1 1 1 1 1 100 1 1 1 1 1 1 1 1 1 1 1 100 1 1 1 1 1 1 1 1 1 1 1 1 1 1 1 1 1 1 1 1 1 1 1 1 1 1 1 1 1 1 1 1 1 1 1 1 1 1 1 1 1 1 1 1 1 1 1 1 1 1 1 1 1 1 1 1 1 1 1 1 1 1 1 1 1 1 1 1 1 1 1 1 1 1 1 1 1 1 1 1 1 1 1 1 1 1 1 1 1 1 1 1 1 1 1 1 1 1 1 1 1 1 1 1 1 1 1 1 1 1 1 1 1 1 1 1 1 1 1 1 1 1 1 1 1 1 1 1 1 1 1 1 1 1 1 1 1 1 1 1 1 1 1 1 1 1 1 1 1 1 1 1 1 1 1 1 1 1 1 1 1 1 1 1 1 1 1 1 1 1 1 1 1 1 1 1 1 1 1 1 1 1 1 1 1 1 1 1 1 1 1 1 1 1 1 1 1 1 1 1 1 1 1 1 1 1 1 1 1 1 1 1 1 1 1 1 1 1 1 1 1 1 1 100 1 100 1 100 1 100 1 100 1 100 1 100 1 100 1 100 1 1 1 1 1 1 1 1 1 1 1 1 1 1 1 1 1 1 1 1 1 1 1 1 1 1 1 1 1 1 1 1 1 1 1 1 1 1 1 1 1 1 1 1 1 1 1 1 1 1 1 1 1 1 1 1 1 1
staticfield java/util/concurrent/ConcurrentHashMap NCPU I 4
staticfield java/util/concurrent/ConcurrentHashMap serialPersistentFields [Ljava/io/ObjectStreamField; 3 [Ljava/io/ObjectStreamField;
staticfield java/util/concurrent/ConcurrentHashMap U Ljdk/internal/misc/Unsafe; jdk/internal/misc/Unsafe
staticfield java/util/concurrent/ConcurrentHashMap SIZECTL J 20
staticfield java/util/concurrent/ConcurrentHashMap TRANSFERINDEX J 32
staticfield java/util/concurrent/ConcurrentHashMap BASECOUNT J 24
staticfield java/util/concurrent/ConcurrentHashMap CELLSBUSY J 36
staticfield java/util/concurrent/ConcurrentHashMap CELLVALUE J 144
staticfield java/util/concurrent/ConcurrentHashMap ABASE I 16
staticfield java/util/concurrent/ConcurrentHashMap ASHIFT I 2
ciInstanceKlass java/lang/String 1 1 1396 10 7 12 1 1 1 8 1 9 7 12 1 1 1 9 12 1 1 9 12 1 1 10 12 1 10 12 1 1 10 12 1 1 9 12 1 1 10 7 12 1 1 1 10 7 1 10 7 12 1 1 1 10 12 1 1 10 12 1 1 10 12 1 10 12 1 1 10 12 1 10 7 12 1 1 1 9 7 12 1 1 1 10 7 12 1 1 1 10 12 1 1 10 12 1 1 10 12 1 1 10 12 1 1 10 12 1 1 9 7 12 1 1 10 12 9 7 12 1 1 3 10 7 12 1 1 1 7 1 11 12 1 1 11 12 1 11 12 1 1 10 100 12 1 1 1 10 12 1 1 9 100 12 1 1 1 10 12 1 1 10 12 1 11 12 1 1 10 12 1 1 10 12 10 12 1 1 10 100 12 1 1 1 10 7 12 1 1 1 10 12 1 1 100 1 100 1 10 12 1 10 12 1 10 12 1 1 100 1 10 12 1 1 100 1 10 12 1 1 10 12 1 1 10 10 12 1 100 1 100 1 100 1 10 12 1 10 12 1 1 10 12 1 1 10 12 1 10 12 1 1 10 12 1 1 10 100 12 1 1 100 1 11 11 12 1 11 12 1 10 12 1 1 10 12 1 10 12 10 12 1 1 10 10 100 12 1 1 1 10 100 12 1 1 10 12 1 1 10 100 12 1 1 10 12 1 10 12 1 1 10 12 1 1 10 12 1 10 12 1 10 12 1 1 100 1 10 12 1 1 10 12 10 12 1 10 12 1 1 10 7 12 1 1 1 10 12 1 10 12 1 1 10 12 1 10 12 1 3 3 10 12 1 10 12 1 1 10 12 1 1 10 12 1 1 10 12 1 10 12 1 1 10 12 1 1 10 12 1 10 12 1 10 12 1 10 12 1 1 10 12 1 10 12 1 10 12 1 10 12 1 10 12 1 10 12 1 10 100 1 10 8 1 10 12 1 1 10 12 1 8 1 10 12 1 1 10 12 10 12 1 8 1 10 10 12 1 1 10 12 1 1 10 12 1 10 12 1 1 10 12 10 100 1 10 10 12 1 10 12 1 10 12 1 10 10 12 1 10 12 1 1 10 12 1 100 1 10 10 12 1 100 1 10 10 12 1 10 12 1 1 10 12 1 10 12 1 1 10 10 12 1 1 10 100 1 10 10 12 1 10 12 1 1 10 12 1 1 10 100 1 10 12 1 10 12 1 10 12 1 10 12 1 1 10 12 1 11 7 1 11 12 10 12 1 10 12 1 1 10 12 1 1 10 10 12 1 10 12 1 9 12 1 1 11 7 12 1 1 1 10 10 12 1 10 12 1 1 10 10 12 1 10 12 1 10 12 1 1 9 12 1 10 12 1 1 10 10 12 1 1 10 12 10 10 12 1 10 12 10 10 12 10 10 12 1 10 12 1 10 12 10 10 12 10 12 1 10 12 10 12 10 10 12 1 10 12 1 1 10 12 1 10 10 12 1 10 7 12 1 1 1 10 12 1 1 10 10 7 12 1 1 1 11 10 12 1 10 12 1 1 10 12 1 1 10 100 12 1 1 1 10 12 1 10 10 12 1 10 12 1 10 12 1 10 100 12 1 1 10 12 1 100 1 100 1 8 1 10 10 10 12 1 8 1 10 12 1 3 3 7 1 10 10 12 1 10 12 1 10 12 1 1 10 12 1 1 11 7 12 1 1 1 7 1 10 12 1 1 10 12 1 10 12 1 1 10 12 1 1 8 1 10 12 1 1 10 12 1 11 100 12 1 1 1 11 100 12 1 1 11 12 1 1 10 12 1 10 12 1 1 10 10 7 12 1 1 1 10 12 1 10 12 1 10 10 12 10 12 1 1 10 10 12 1 10 10 12 1 10 10 12 1 10 10 12 1 10 12 1 1 10 10 12 1 8 1 10 12 1 1 18 12 1 1 11 100 12 1 1 1 7 1 3 18 12 1 18 12 1 8 1 10 100 12 1 1 1 11 12 1 1 10 12 10 10 12 1 10 11 12 1 1 10 12 1 1 11 12 1 18 3 11 10 12 1 11 11 10 12 1 10 12 1 1 8 1 10 12 1 10 12 1 10 12 1 1 10 10 12 1 11 100 12 1 100 1 100 1 10 12 1 100 1 10 10 100 12 1 1 1 100 1 10 100 1 10 10 12 1 10 10 12 1 8 1 10 10 12 1 8 1 8 1 10 12 1 10 12 1 10 10 12 10 100 12 1 1 10 100 12 1 1 10 100 12 1 1 8 1 10 12 1 10 12 1 1 10 10 12 8 1 8 1 10 8 1 8 1 8 1 8 1 10 12 1 10 12 1 8 1 10 100 12 1 1 1 10 12 10 12 1 1 10 12 10 10 12 10 12 7 1 9 12 1 1 7 1 10 100 1 100 1 100 1 100 1 1 1 1 1 1 5 0 1 1 1 1 1 3 1 3 1 1 1 1 1 1 1 1 1 1 1 1 1 1 1 100 1 1 1 100 1 1 1 1 1 1 1 1 1 1 1 1 1 1 1 1 1 1 1 1 1 1 1 1 1 1 1 100 1 1 1 1 1 1 1 1 1 100 1 1 1 1 1 1 1 1 1 1 1 1 1 1 1 1 1 1 1 1 1 1 1 1 1 1 1 1 1 1 1 1 1 1 1 1 1 1 1 1 1 1 1 1 1 1 1 1 1 1 1 1 1 1 1 1 1 1 1 1 1 1 1 1 1 1 1 1 1 1 1 1 1 1 1 1 1 1 1 1 1 1 1 1 1 1 1 1 1 1 1 1 1 1 1 1 1 1 1 1 1 1 1 1 1 1 1 1 1 1 1 1 1 1 1 1 1 1 1 1 1 1 1 1 1 1 1 1 1 1 1 1 1 1 1 1 1 1 1 1 1 1 1 1 1 1 1 1 1 1 1 1 1 1 1 1 1 1 1 1 1 1 1 1 1 1 1 1 1 100 1 1 1 1 1 1 1 1 1 1 1 1 1 1 1 1 1 1 1 1 1 1 1 1 100 1 1 1 1 1 1 1 1 1 1 1 1 1 100 1 1 1 1 1 1 1 1 1 1 1 1 1 1 1 15 10 100 12 1 1 1 16 15 10 12 16 15 10 12 15 10 12 15 10 12 1 1 1 1 100 1 100 1 1 1
staticfield java/lang/String COMPACT_STRINGS Z 1
staticfield java/lang/String serialPersistentFields [Ljava/io/ObjectStreamField; 0 [Ljava/io/ObjectStreamField;
staticfield java/lang/String CASE_INSENSITIVE_ORDER Ljava/util/Comparator; java/lang/String$CaseInsensitiveComparator
ciInstanceKlass java/security/ProtectionDomain 1 1 324 10 7 12 1 1 1 9 7 12 1 1 1 7 1 10 9 12 1 1 9 12 1 1 9 12 1 1 10 7 12 1 1 7 1 9 12 1 9 12 1 1 7 1 9 12 1 1 9 12 1 10 100 12 1 1 10 100 12 1 1 1 10 12 1 1 10 12 1 9 12 1 9 100 12 1 1 10 12 1 1 10 100 1 10 12 1 1 8 1 100 1 8 1 10 12 1 10 10 100 12 1 1 1 10 12 1 1 8 1 11 8 1 10 12 1 8 1 8 1 10 12 1 1 10 12 1 10 12 1 1 10 12 1 8 1 10 12 1 8 1 8 1 10 100 12 1 1 1 9 100 12 1 1 1 10 12 1 1 9 100 12 1 1 1 10 100 12 1 1 1 100 1 100 1 10 12 1 10 100 12 1 1 1 10 100 1 10 12 1 10 12 1 1 11 100 12 1 1 11 12 1 100 1 11 100 12 1 1 1 10 12 1 10 11 12 1 1 11 12 1 1 10 12 1 10 7 12 1 1 10 100 12 1 1 11 12 1 10 12 8 1 8 1 10 7 12 1 1 1 7 1 10 10 7 12 1 1 1 1 1 1 1 1 1 1 100 1 1 100 1 1 1 1 1 1 1 1 1 1 1 1 1 1 1 1 1 1 1 1 1 1 1 1 1 1 1 1 1 1 1 1 1 1 1 1 1 1 1 1 1 1 100 1 1 1 1 1 100 1 1 1 1 1
staticfield java/security/ProtectionDomain filePermCompatInPD Z 0
ciInstanceKlass java/security/CodeSource 1 1 395 10 7 12 1 1 1 9 7 12 1 1 1 9 12 1 1 9 12 1 1 9 12 1 1 10 7 12 1 1 1 9 12 1 1 10 100 12 1 1 10 100 10 100 12 1 1 1 10 100 12 1 1 1 10 12 1 1 100 1 10 10 100 12 1 1 1 10 100 12 1 1 1 10 12 1 1 10 12 1 100 1 10 12 1 1 10 12 1 1 10 12 1 1 10 12 1 10 10 10 12 1 1 10 100 12 1 1 1 10 12 1 10 12 1 10 12 1 8 1 10 12 1 10 12 1 10 12 1 1 10 12 1 8 1 10 12 1 1 10 100 1 10 10 12 1 1 8 1 10 12 1 10 12 1 10 12 1 8 1 8 1 9 12 1 1 100 1 8 1 10 12 1 10 12 1 1 8 1 10 12 1 8 1 8 1 8 1 10 100 12 1 1 10 12 1 1 10 12 1 10 12 1 1 10 12 1 1 10 12 1 1 100 1 100 1 10 12 1 10 12 10 12 1 1 10 100 12 1 1 10 12 1 100 1 10 12 10 8 1 10 12 1 10 12 1 10 12 1 1 100 1 10 12 1 1 100 1 100 1 8 1 8 1 10 10 12 1 1 10 100 12 1 1 1 100 1 10 12 10 12 1 1 11 100 12 1 1 10 10 12 1 11 10 12 1 8 1 100 1 10 12 1 10 12 1 1 10 12 1 11 12 1 1 11 100 1 1 1 1 5 0 1 1 1 1 1 1 1 1 1 1 1 1 1 1 1 1 1 1 1 1 1 1 1 1 1 1 1 1 1 1 1 1 1 1 1 1 1 1 1 1 1 1 1 1 1 1 1 1 1 1 1 1 1 1 1 1 1 1 1 1 1 1 1 1 1 100 1 1 1 1 1 1 1
ciInstanceKlass java/lang/StringBuilder 1 1 409 10 7 12 1 1 1 10 12 1 10 12 1 10 12 1 1 10 7 12 1 1 1 10 7 12 1 1 1 10 12 1 10 12 1 10 12 1 10 12 1 10 12 1 10 12 1 10 12 1 10 12 1 10 12 1 10 12 1 10 12 1 10 12 1 10 12 1 10 12 1 1 10 12 1 10 12 1 1 10 12 1 1 10 12 1 10 12 1 10 12 1 10 12 1 10 12 1 10 12 1 10 12 1 10 12 10 12 1 10 12 1 10 12 1 10 12 1 1 10 12 1 10 12 1 10 12 10 12 1 1 10 12 1 1 9 12 1 1 9 12 1 1 10 7 12 1 1 1 10 7 1 10 100 12 1 1 1 10 12 1 10 12 1 1 10 12 1 1 10 10 12 1 1 10 100 12 1 1 10 12 1 10 12 1 1 100 1 100 1 8 1 10 10 12 1 1 10 12 1 1 10 12 1 10 12 1 10 12 1 10 12 1 10 12 1 10 12 1 10 12 1 10 12 1 10 12 1 10 12 1 10 12 1 10 12 1 10 12 1 10 12 1 10 12 1 1 10 12 1 1 10 12 1 10 12 1 10 12 1 10 12 10 12 10 12 1 10 12 1 10 12 1 10 12 10 12 1 10 12 1 10 12 1 10 12 1 10 12 1 10 12 1 10 12 1 10 12 1 10 12 1 1 10 12 1 10 12 1 1 10 12 1 10 12 1 1 10 12 1 10 12 1 1 10 12 1 10 12 1 10 12 1 10 10 12 1 10 12 1 100 1 100 1 100 1 1 1 1 5 0 1 1 1 1 1 1 1 1 1 1 1 1 1 1 1 1 1 1 1 1 1 1 1 1 1 1 1 1 1 1 1 1 1 1 1 1 1 1 1 1 1 1 1 100 1 1 1 100 1 1 1 1 1 1 1 1 1 1
ciInstanceKlass jdk/internal/loader/ClassLoaders 1 1 183 10 100 12 1 1 1 10 7 12 1 1 1 10 12 1 1 10 100 12 1 1 1 9 7 12 1 1 1 9 12 1 1 9 12 1 1 7 1 11 100 12 1 1 1 100 1 11 12 1 1 11 12 1 1 10 100 12 1 1 1 10 100 12 1 1 1 100 1 100 1 10 7 12 1 1 1 9 12 1 1 10 12 1 1 7 1 10 12 1 1 10 12 1 7 1 8 1 10 7 12 1 1 1 10 12 1 1 7 1 10 12 1 10 12 1 10 12 1 8 1 10 7 12 1 1 8 1 8 1 10 12 1 7 1 10 12 1 10 12 1 10 12 1 1 1 1 1 1 1 1 1 1 1 1 1 1 1 1 1 1 1 1 100 1 1 1 1 1 1 1 1 1 1 1 1 1 1 1 1 1 1 1
staticfield jdk/internal/loader/ClassLoaders JLA Ljdk/internal/access/JavaLangAccess; java/lang/System$2
staticfield jdk/internal/loader/ClassLoaders BOOT_LOADER Ljdk/internal/loader/ClassLoaders$BootClassLoader; jdk/internal/loader/ClassLoaders$BootClassLoader
staticfield jdk/internal/loader/ClassLoaders PLATFORM_LOADER Ljdk/internal/loader/ClassLoaders$PlatformClassLoader; jdk/internal/loader/ClassLoaders$PlatformClassLoader
staticfield jdk/internal/loader/ClassLoaders APP_LOADER Ljdk/internal/loader/ClassLoaders$AppClassLoader; jdk/internal/loader/ClassLoaders$AppClassLoader
ciInstanceKlass jdk/internal/misc/Unsafe 1 1 1285 10 7 12 1 1 1 9 7 12 1 1 1 9 12 1 1 10 12 1 1 10 7 12 1 1 1 10 12 1 1 10 12 1 1 10 12 1 1 10 12 1 1 10 12 1 1 10 12 1 1 10 12 1 1 10 12 1 1 10 12 1 1 10 12 1 1 10 12 1 1 10 12 1 1 10 12 1 1 10 12 1 10 12 1 100 1 10 10 12 1 1 10 12 1 1 5 0 10 12 1 1 10 12 1 1 10 7 12 1 1 1 10 12 1 1 10 12 1 10 12 1 10 12 1 1 10 12 1 1 10 12 1 10 12 1 100 1 100 1 10 8 1 10 12 1 1 10 12 1 8 1 10 12 1 1 10 12 1 10 12 1 10 12 1 1 10 12 1 10 12 1 1 10 12 1 1 10 12 1 10 12 1 10 12 1 10 12 1 1 10 12 1 10 12 1 10 12 1 1 10 12 1 5 0 5 0 5 0 10 12 1 10 12 1 10 12 1 10 12 1 10 12 1 10 12 1 10 12 1 10 12 1 10 12 1 1 10 12 1 10 12 1 100 1 8 1 10 100 1 10 10 12 1 1 10 12 1 1 10 12 1 10 12 1 1 10 12 1 1 10 12 1 10 12 1 1 10 12 1 9 7 12 1 1 9 12 1 100 1 10 10 12 1 1 8 1 10 8 1 8 1 10 12 1 1 9 7 12 1 1 1 9 100 1 9 7 1 9 100 1 9 9 100 1 9 100 1 9 100 1 10 12 1 1 10 12 1 1 10 12 1 1 10 12 1 1 5 0 5 0 9 12 1 1 10 12 1 10 12 1 10 12 1 1 10 12 1 1 10 12 1 8 1 3 10 12 1 1 10 12 1 1 10 12 1 10 12 1 1 10 12 1 1 10 12 1 10 12 1 10 12 1 10 12 1 10 12 1 10 12 1 1 10 12 1 1 10 12 1 10 12 1 10 12 1 10 12 1 10 12 1 10 12 1 1 10 12 1 1 10 12 1 10 12 1 10 12 1 10 12 1 10 12 1 10 12 1 1 10 12 1 1 10 12 1 1 10 12 1 1 10 12 1 10 12 1 10 12 1 10 12 1 10 12 1 10 12 1 10 12 1 1 10 12 1 1 10 12 1 10 12 1 10 12 1 10 12 1 10 12 1 10 12 1 10 12 1 1 10 12 1 1 10 12 1 10 12 1 10 12 1 10 12 1 10 12 1 10 12 1 10 12 1 10 12 1 1 10 12 1 10 12 1 10 12 1 10 12 1 10 12 1 1 10 12 1 10 12 1 10 12 1 10 12 1 10 12 1 10 12 1 10 12 1 10 12 1 1 10 12 1 10 12 1 10 12 1 10 12 1 10 12 1 10 12 1 1 10 12 1 10 12 1 10 12 1 1 10 12 1 10 12 1 10 12 1 10 12 1 10 12 1 10 12 1 10 12 1 10 12 1 10 12 1 10 12 1 10 12 1 10 12 1 10 12 1 10 12 1 10 12 1 10 12 1 10 12 1 10 12 1 10 12 1 10 12 1 10 12 1 10 12 1 100 1 10 100 1 10 9 12 1 5 0 10 12 1 1 5 0 10 12 1 5 0 10 12 1 10 12 1 10 12 1 1 10 12 1 1 10 12 1 10 12 1 10 12 1 10 12 1 1 10 12 1 10 12 1 10 12 1 10 12 1 10 12 1 1 10 12 1 10 12 1 10 12 1 10 12 1 1 10 12 1 10 12 1 10 12 1 1 10 12 1 10 12 1 10 12 1 10 12 1 1 10 12 1 10 10 12 1 1 10 12 1 10 12 1 1 10 12 1 10 12 5 0 5 0 5 0 10 12 1 1 10 12 1 10 12 1 10 12 10 7 12 1 1 8 1 7 1 11 12 1 1 8 1 11 12 1 1 10 7 12 1 1 10 12 1 10 12 1 10 12 1 10 12 1 10 12 1 1 10 12 1 10 12 1 10 12 1 10 12 1 10 12 1 10 12 1 10 7 1 10 12 1 9 12 1 7 1 9 12 1 7 1 9 12 1 7 1 9 12 1 7 1 9 12 1 7 1 9 12 1 7 1 9 12 1 7 1 9 12 1 7 1 9 12 1 10 12 1 9 12 1 9 12 1 9 12 1 9 12 1 9 12 1 9 12 1 9 12 1 9 12 1 9 12 1 9 12 1 1 1 3 1 1 1 1 1 1 1 1 1 1 1 1 1 1 1 1 1 1 1 1 1 1 1 1 1 1 1 1 1 1 1 1 1 1 1 1 1 1 1 1 1 1 1 1 1 1 1 1 1 1 1 1 1 1 1 1 1 1 1 1 1 1 1 1 1 1 1 1 1 1 1 1 1 1 1 1 1 1 1 1 1 1 1 1 1 1 1 1 1 100 1 1 1 1 1 1 1 1 1 1 1 1 1 1 1 1 1 1 1 1 1 1 1 1 1 1 1 1 1 1 1 1 1 1 1 1 1 1 1 1 1 1 1 1 1 1 1 1 1 1 1 1 1 1 1 1 1 1 1 1 1 1 1 1 1 1 1 1 1 1 1 1 1 1 1 1 1 1 1 1 1 1 1 1 1 1 1 1 1 1 1 1 1 1 1 1 1 1 1 1 1 1 1 1 1 1 1 1 1 1 1 1 1 1 1 1 1 1 1 1 1 1 1 1 1 1 1 1 1 1 1 1 1 1 1 1 1 1 1 1 1 1 1 1 1 1 1 1 1 1 1 1 1 1 1 1 1 1 1 1 1 1 1 1 1 1 1 1 1 1 1 1 1 1 1 1 1 1 1 1 1 1 1 1 1 1 1 1 1 1 1 1 1 1 1 1 1 1 1 1 1 1 1 1 1 1 1 3 1 1 1 1 1 1 1 1 1 1 1 1 1 1 1 1 1 1 1 1 1
staticfield jdk/internal/misc/Unsafe theUnsafe Ljdk/internal/misc/Unsafe; jdk/internal/misc/Unsafe
staticfield jdk/internal/misc/Unsafe ARRAY_BOOLEAN_BASE_OFFSET I 16
staticfield jdk/internal/misc/Unsafe ARRAY_BYTE_BASE_OFFSET I 16
staticfield jdk/internal/misc/Unsafe ARRAY_SHORT_BASE_OFFSET I 16
staticfield jdk/internal/misc/Unsafe ARRAY_CHAR_BASE_OFFSET I 16
staticfield jdk/internal/misc/Unsafe ARRAY_INT_BASE_OFFSET I 16
staticfield jdk/internal/misc/Unsafe ARRAY_LONG_BASE_OFFSET I 16
staticfield jdk/internal/misc/Unsafe ARRAY_FLOAT_BASE_OFFSET I 16
staticfield jdk/internal/misc/Unsafe ARRAY_DOUBLE_BASE_OFFSET I 16
staticfield jdk/internal/misc/Unsafe ARRAY_OBJECT_BASE_OFFSET I 16
staticfield jdk/internal/misc/Unsafe ARRAY_BOOLEAN_INDEX_SCALE I 1
staticfield jdk/internal/misc/Unsafe ARRAY_BYTE_INDEX_SCALE I 1
staticfield jdk/internal/misc/Unsafe ARRAY_SHORT_INDEX_SCALE I 2
staticfield jdk/internal/misc/Unsafe ARRAY_CHAR_INDEX_SCALE I 2
staticfield jdk/internal/misc/Unsafe ARRAY_INT_INDEX_SCALE I 4
staticfield jdk/internal/misc/Unsafe ARRAY_LONG_INDEX_SCALE I 8
staticfield jdk/internal/misc/Unsafe ARRAY_FLOAT_INDEX_SCALE I 4
staticfield jdk/internal/misc/Unsafe ARRAY_DOUBLE_INDEX_SCALE I 8
staticfield jdk/internal/misc/Unsafe ARRAY_OBJECT_INDEX_SCALE I 4
staticfield jdk/internal/misc/Unsafe ADDRESS_SIZE I 8
ciInstanceKlass java/util/Map 1 1 259 11 7 12 1 1 1 11 12 1 1 10 100 12 1 1 11 12 1 1 11 7 12 1 1 1 11 100 12 1 1 1 11 12 1 1 7 1 11 12 1 11 12 1 100 1 100 1 10 12 1 1 11 100 12 1 1 1 11 100 12 1 1 1 11 12 1 11 12 1 10 12 1 1 11 12 1 11 100 12 1 9 7 12 1 1 1 100 1 10 12 7 1 7 1 10 12 1 7 1 10 7 1 11 12 1 1 7 1 11 12 1 1 1 1 1 1 1 1 1 1 1 1 1 1 1 1 1 1 1 1 1 1 1 1 1 1 1 1 1 1 1 1 1 1 1 1 1 1 1 1 1 1 1 1 1 1 1 1 1 1 1 1 1 1 1 1 1 1 1 1 1 1 1 1 1 1 1 1 1 1 1 1 1 1 1 1 1 1 1 1 1 1 1 1 1 1 1 1 1 1 1 1 1 1 1 1 1 1 1 1 1 1 1 1 1 1 1 1 1 1 1 1 1 1 1 1 1 1 1 1 1 1 1 1 1 1 1 1 1 100 1 1 1 1 1 1 1 1 1 1 1 1 1 1 1 1 1 1
ciInstanceKlass java/lang/ThreadGroup 1 1 293 10 7 12 1 1 1 9 7 12 1 1 1 8 1 9 12 1 1 7 1 9 12 1 9 12 1 1 10 12 1 1 10 12 1 1 10 12 1 10 12 1 1 10 12 1 9 12 1 1 10 12 1 1 10 12 1 9 12 1 10 100 12 1 1 1 9 12 1 9 12 1 1 10 7 12 1 1 1 100 10 12 1 1 10 7 12 1 1 1 10 100 12 1 9 12 1 10 12 1 1 10 12 1 1 9 12 1 1 10 12 1 1 10 12 1 10 12 1 10 12 1 1 10 12 1 1 10 12 1 10 12 1 10 10 12 1 10 12 1 10 100 1 10 10 12 1 10 12 1 10 12 1 7 10 12 1 9 12 1 1 10 12 1 1 8 1 10 100 12 1 1 1 10 12 1 1 10 12 1 1 10 12 1 1 11 100 1 100 1 9 12 1 100 1 10 8 1 10 12 1 1 10 12 1 1 8 1 10 12 1 10 100 12 1 1 1 10 12 1 1 10 100 1 8 1 10 8 1 10 12 1 8 1 1 1 1 1 1 1 1 1 1 1 1 1 1 1 1 1 3 1 1 1 1 1 1 1 1 1 1 1 1 1 1 1 1 1 1 1 1 1 1 1 1 1 1 1 1 1 1 1 1 1 1 1 1 1 1 1 1 1 1
ciInstanceKlass java/util/Properties 1 1 651 10 7 12 1 1 1 100 1 10 7 12 1 1 7 1 10 12 1 9 12 1 1 9 12 1 1 9 12 1 1 10 7 12 1 1 1 10 12 1 1 8 1 10 100 12 1 1 1 100 1 10 12 1 10 12 1 1 8 1 10 12 1 100 1 10 12 10 12 1 1 9 12 1 1 10 12 1 1 7 1 10 12 1 10 12 1 10 12 1 1 100 1 8 1 10 12 1 10 12 1 10 12 1 1 10 12 1 100 1 3 10 10 100 12 1 1 1 10 12 1 10 12 1 1 8 1 10 12 1 10 12 1 1 8 1 10 100 12 1 1 10 12 1 1 10 12 1 10 12 1 1 100 1 10 12 1 10 12 1 1 100 1 9 100 12 1 1 1 10 12 1 10 12 1 1 100 1 10 10 10 12 1 1 11 100 12 1 1 1 11 100 12 1 1 1 11 12 1 1 100 1 11 12 1 11 12 1 10 12 1 1 8 1 10 12 1 10 12 1 100 1 10 10 12 1 1 10 100 12 1 1 9 100 12 1 1 10 12 1 1 10 100 12 1 1 1 100 1 100 1 100 1 10 8 1 8 1 10 12 1 10 12 1 10 12 1 1 10 10 12 1 1 10 12 1 1 100 1 10 10 12 1 11 100 12 1 1 10 100 12 1 1 1 8 1 10 100 12 1 1 11 8 1 10 100 1 11 10 12 1 10 12 1 10 12 1 10 12 1 1 10 12 1 1 10 12 1 1 10 12 1 10 12 1 10 10 12 1 10 12 1 10 12 1 10 10 12 1 1 10 12 1 1 100 1 10 10 12 1 10 12 1 10 12 1 10 12 1 10 12 1 1 10 12 1 1 10 12 1 10 12 1 10 12 1 1 10 12 10 12 1 1 10 12 1 1 10 12 1 10 12 1 1 10 12 1 1 10 12 100 1 10 11 100 12 1 1 4 11 10 12 1 1 10 100 12 1 1 11 12 1 10 12 1 1 10 100 12 1 1 10 12 1 100 1 8 1 10 12 1 10 10 100 12 1 1 1 100 1 6 0 10 12 1 1 11 100 12 1 1 1 10 12 1 10 12 1 1 1 1 1 5 0 1 1 1 1 1 1 1 1 1 1 1 1 1 1 1 1 1 1 1 1 1 1 1 1 1 1 1 1 1 1 1 1 1 1 1 1 1 1 1 1 100 1 1 1 1 1 1 1 1 1 1 1 1 1 1 1 1 1 1 1 1 100 1 1 1 1 1 1 1 100 1 100 1 1 1 1 100 1 1 1 1 1 1 1 1 1 1 1 1 1 1 1 1 1 1 1 1 1 1 1 1 1 1 1 1 1 1 1 1 1 1 1 1 1 1 1 1 1 1 1 1 1 1 1 1 1 1 1 1 1 1 1 1 1 1 1 1 1 1 1 1 1 1 1 1 1 1 1 1 1 1 1 1 100 1 1 1 1 1 1 1 1 1 100 1 1 1
staticfield java/util/Properties UNSAFE Ljdk/internal/misc/Unsafe; jdk/internal/misc/Unsafe
instanceKlass java/util/Hashtable
ciInstanceKlass java/util/Dictionary 1 1 36 10 7 12 1 1 1 100 1 1 1 1 1 1 1 1 1 1 1 1 1 1 1 1 1 1 1 1 1 1 1 1 1 1 1 1
instanceKlass java/util/Properties
ciInstanceKlass java/util/Hashtable 1 1 512 100 1 10 7 12 1 1 1 9 7 12 1 1 1 100 1 100 1 10 8 1 10 12 1 1 10 12 1 10 12 1 1 10 12 1 10 7 12 1 1 1 8 1 10 12 1 9 12 1 1 7 1 9 12 1 1 4 10 7 12 1 1 1 9 12 1 4 10 12 1 11 100 12 1 1 1 10 12 1 1 10 12 1 1 9 12 1 10 12 1 1 100 1 10 9 12 1 1 10 7 12 1 1 1 9 12 1 1 10 12 1 10 12 1 3 9 12 1 9 12 1 3 10 12 1 10 12 1 10 12 1 1 11 12 1 1 11 100 12 1 1 1 11 100 12 1 1 1 11 12 1 100 1 11 12 1 11 12 1 10 12 1 1 10 12 1 1 10 12 1 9 12 1 1 9 12 9 12 1 1 10 100 1 100 1 10 12 1 10 8 1 10 10 12 1 8 1 10 8 1 10 100 12 1 1 1 100 1 10 12 1 10 12 1 100 1 10 12 1 10 12 1 1 100 1 10 100 1 10 10 12 1 1 11 12 1 1 11 12 1 100 1 10 10 10 100 12 1 1 11 100 12 1 1 1 100 1 10 11 100 12 1 1 11 100 12 1 10 12 1 10 12 1 1 10 100 12 1 1 10 12 1 1 10 12 1 1 10 12 1 1 10 100 12 1 1 1 8 10 100 12 1 1 100 1 8 1 10 4 10 12 4 10 12 1 8 1 10 12 10 100 12 1 1 1 100 1 11 100 12 1 1 1 10 100 12 1 1 1 10 12 1 10 12 1 1 10 100 1 100 1 1 1 1 1 1 5 0 1 1 1 1 1 3 1 3 1 3 1 1 1 1 1 1 1 1 1 1 1 1 1 1 1 1 1 1 1 1 1 1 1 1 1 100 1 1 1 1 1 1 1 1 1 1 1 1 1 1 1 1 1 1 1 1 1 1 1 1 1 1 1 1 1 100 1 1 1 1 1 1 1 1 1 1 1 1 1 1 1 1 1 1 1 1 1 1 1 1 1 1 1 1 1 1 1 1 1 1 1 1 1 1 1 1 1 1 1 1 1 1 1 1 1 1 1 1 1 1 1 1 1 1 100 1 1 1 100 1 1 1 1 1 100 1 1 1 1 1 1 1 1 1 1 1 1 1 1 1 1 1 1
ciInstanceKlass java/util/Set 1 1 140 100 1 10 100 12 1 1 1 9 7 12 1 1 1 7 1 10 12 1 1 10 12 1 7 1 7 1 10 12 1 7 1 7 1 7 1 10 12 1 10 12 1 1 11 12 1 1 100 1 1 1 1 1 1 1 1 1 1 1 1 1 1 1 1 1 1 1 1 1 1 1 1 1 1 1 1 1 1 1 1 1 1 1 1 1 1 1 1 1 1 1 1 1 1 1 1 1 1 1 1 1 1 1 1 1 1 1 1 1 1 1 1 1 1 1 1 1 1 1 1 1 1 1 1 1 1 1 1 1 1 1 1 1 1 1 1 1 1 1
ciInstanceKlass java/util/Map$Entry 1 0 178 18 12 1 1 100 1 100 1 18 10 100 12 1 1 1 18 12 1 18 100 1 11 7 12 1 1 1 11 12 1 11 7 12 1 1 1 10 100 12 1 1 1 10 100 12 1 1 1 8 1 10 12 1 1 8 1 8 1 8 1 10 12 1 10 12 1 8 10 100 1 10 12 1 8 10 12 1 8 1 10 12 1 8 10 12 1 8 1 10 12 1 1 8 1 100 1 8 1 10 12 1 1 11 12 100 1 11 12 1 1 1 1 1 1 1 1 1 1 1 1 1 1 1 1 1 1 1 1 1 1 1 1 1 1 1 1 1 1 1 1 1 1 1 1 1 1 1 15 10 100 12 1 1 1 16 15 11 12 16 3 3 15 11 12 15 11 12 15 11 12 1 1 100 1 100 1 1
instanceKlass sun/nio/ch/ChannelInputStream
instanceKlass org/jetbrains/kotlin/protobuf/RopeByteString$RopeInputStream
instanceKlass org/jetbrains/kotlin/com/intellij/util/io/UnsyncByteArrayInputStream
instanceKlass org/jetbrains/kotlin/com/fasterxml/aalto/in/MergedStream
instanceKlass java/util/zip/ZipFile$ZipFileInputStream
instanceKlass java/io/FilterInputStream
instanceKlass java/io/FileInputStream
instanceKlass java/io/ByteArrayInputStream
ciInstanceKlass java/io/InputStream 1 1 184 100 1 10 7 12 1 1 1 100 1 10 10 7 12 1 1 1 10 7 12 1 1 1 10 12 1 100 1 3 10 12 1 1 100 1 8 1 10 12 1 10 100 12 1 1 1 3 100 1 8 1 10 10 100 12 1 1 1 100 1 10 11 100 12 1 1 1 10 12 1 1 11 12 1 1 11 100 12 1 1 1 11 12 1 1 100 1 10 100 12 1 1 1 5 0 10 12 1 10 12 1 1 100 1 10 8 1 10 8 1 8 1 10 12 1 1 10 100 12 1 1 1 100 1 1 1 1 3 1 3 1 1 1 1 1 1 1 1 1 1 1 1 1 1 1 1 1 1 1 1 1 1 1 1 1 1 1 1 1 1 1 1 1 1 1 1 1 1 1 1 1 1 1 1 1 1 1 1 1 1 1 1 1
ciInstanceKlass java/io/ByteArrayInputStream 1 1 96 10 7 12 1 1 1 9 7 12 1 1 1 9 12 1 1 9 12 1 9 12 1 10 100 12 1 1 1 10 7 12 1 1 1 10 7 12 1 1 1 10 100 12 1 1 1 10 12 1 1 10 100 12 1 1 1 1 1 1 1 1 1 1 1 1 1 1 1 1 1 1 1 1 1 1 1 1 1 1 1 100 1 1 1 1 1 1 1 1 1 1 1 1 1 1
instanceKlass kotlinx/coroutines/scheduling/CoroutineScheduler$Worker
instanceKlass jdk/internal/misc/InnocuousThread
instanceKlass java/lang/ref/Finalizer$FinalizerThread
instanceKlass java/lang/ref/Reference$ReferenceHandler
ciInstanceKlass java/lang/Thread 1 1 612 9 7 12 1 1 1 9 12 1 1 10 12 1 1 9 12 1 1 9 12 1 1 100 1 8 1 10 12 1 1 3 8 1 100 1 5 0 10 12 1 1 10 7 12 1 1 9 12 1 1 9 12 1 9 12 1 1 9 12 1 100 1 8 1 10 9 12 1 1 10 7 12 1 1 1 10 100 12 1 1 1 10 10 7 12 1 1 10 12 1 1 10 12 1 1 9 100 12 1 1 1 10 12 1 1 10 12 1 9 12 1 1 10 12 1 1 10 12 1 1 9 12 1 10 12 1 1 9 12 1 1 10 7 12 1 1 1 9 12 1 1 9 12 1 1 10 12 1 1 10 100 12 1 1 1 9 12 1 10 12 1 1 9 12 1 100 1 10 100 1 10 8 1 10 12 1 1 10 12 1 10 12 1 10 12 1 1 10 12 1 10 12 1 9 12 1 100 1 10 10 12 1 1 10 12 1 10 12 1 100 1 11 7 12 1 1 9 100 12 1 1 1 10 12 1 10 12 1 10 12 9 12 1 1 10 9 12 1 10 12 1 100 1 10 10 12 1 1 9 12 1 10 12 1 11 100 12 1 1 10 12 1 9 12 1 10 12 1 10 12 1 10 10 12 1 10 12 1 10 12 1 10 12 1 10 12 1 1 100 1 10 10 12 1 10 12 1 10 12 1 9 100 12 1 1 1 10 12 1 1 10 12 1 100 1 8 1 10 10 12 1 10 12 8 1 10 12 1 8 1 10 8 1 8 1 10 100 12 1 1 10 100 12 1 1 1 100 1 8 1 10 9 12 1 9 12 1 1 10 12 1 1 10 10 12 1 1 9 12 1 10 12 1 1 100 1 10 12 11 100 12 1 1 1 9 100 12 1 1 1 9 12 1 1 10 12 1 1 100 1 10 12 1 11 100 12 1 1 1 100 1 10 12 1 10 12 1 1 11 12 1 10 12 1 100 1 10 12 1 10 12 1 1 10 100 12 1 1 1 8 1 9 12 1 10 12 1 1 11 100 12 1 1 1 10 100 12 1 1 1 11 12 1 10 12 1 7 1 1 1 1 3 1 3 1 3 1 1 1 1 1 1 1 1 1 1 1 1 1 1 1 1 1 1 1 100 1 1 1 1 1 1 1 1 1 1 1 1 100 1 100 1 1 1 1 1 1 1 1 1 1 1 1 1 1 1 1 1 1 1 1 1 1 1 1 1 1 1 1 1 1 1 1 1 1 1 1 1 1 1 1 1 1 1 100 100 1 1 1 1 1 1 1 1 1 100 1 1 1 1 1 1 1 1 1 1 1 1 1 1 1 1 1 1 1 1 1 1 1 1 1 1 1 1 100 1 1 1 1 1 1 100 1 1 100 1 1 1 1 1 1
staticfield java/lang/Thread EMPTY_STACK_TRACE [Ljava/lang/StackTraceElement; 0 [Ljava/lang/StackTraceElement;
ciMethod java/lang/System arraycopy (Ljava/lang/Object;ILjava/lang/Object;II)V 256 0 128 0 -1
instanceKlass org/jetbrains/kotlin/load/java/structure/impl/classFiles/BinaryClassSignatureParser$ClsFormatException
instanceKlass java/lang/Exception
instanceKlass java/lang/Error
ciInstanceKlass java/lang/Throwable 1 1 393 10 7 12 1 1 1 9 7 12 1 1 1 9 12 1 1 9 12 1 9 12 1 1 9 12 1 10 12 1 1 9 12 1 1 10 12 1 1 10 12 1 100 1 7 1 10 8 1 10 12 1 1 8 1 10 100 12 1 1 10 10 12 1 100 1 8 1 10 10 12 1 1 10 7 12 1 1 10 12 1 8 1 9 100 12 1 1 1 10 12 1 1 100 1 10 12 10 12 1 100 1 10 10 7 12 1 1 1 11 100 12 1 1 1 10 100 12 1 1 1 10 12 1 1 10 12 1 1 8 1 10 12 1 10 12 1 1 8 1 8 1 10 12 1 1 10 12 1 8 1 8 1 9 12 1 1 10 100 12 1 1 100 1 10 11 12 1 8 1 8 1 10 7 12 1 1 8 1 10 12 1 8 1 100 1 10 12 1 9 12 1 1 10 12 1 10 100 12 1 9 12 1 1 10 12 1 1 100 1 8 1 10 12 1 10 100 12 1 1 10 12 1 1 100 1 10 100 12 1 1 1 10 12 1 11 100 12 1 1 1 11 100 12 1 1 1 11 12 1 8 1 10 12 1 1 8 1 10 10 9 100 12 1 1 1 8 1 10 12 1 1 10 100 1 8 1 10 11 12 1 1 8 1 9 12 1 10 100 12 1 1 11 9 12 1 1 11 12 1 1 100 10 12 1 10 12 1 1 100 1 1 1 1 5 0 1 1 1 1 1 1 1 1 1 1 1 1 1 100 1 1 1 1 1 1 1 1 1 1 1 1 1 1 1 1 1 1 1 1 1 1 1 1 1 1 1 1 1 1 1 1 1 1 1 1 1 1 1 1 1 1 100 1 100 1 1 1 1 1 1 1 1 1 1 1 1 1 1 1 1 1 1
staticfield java/lang/Throwable UNASSIGNED_STACK [Ljava/lang/StackTraceElement; 0 [Ljava/lang/StackTraceElement;
staticfield java/lang/Throwable SUPPRESSED_SENTINEL Ljava/util/List; java/util/Collections$EmptyList
staticfield java/lang/Throwable EMPTY_THROWABLE_ARRAY [Ljava/lang/Throwable; 0 [Ljava/lang/Throwable;
staticfield java/lang/Throwable $assertionsDisabled Z 1
instanceKlass org/jetbrains/kotlin/com/intellij/util/AstLoadingException
instanceKlass org/jetbrains/kotlin/com/intellij/psi/stubs/StubTreeLoader$StubTreeAndIndexUnmatchCoarseException
instanceKlass org/jetbrains/kotlin/com/google/common/collect/RegularImmutableMap$BucketOverflowException
instanceKlass org/jetbrains/kotlin/container/InvalidCardinalityException
instanceKlass org/jetbrains/kotlin/container/ContainerConsistencyException
instanceKlass java/util/concurrent/TimeoutException
instanceKlass org/jetbrains/kotlin/com/intellij/psi/scope/MethodProcessorSetupFailedException
instanceKlass java/text/ParseException
instanceKlass javax/xml/stream/XMLStreamException
instanceKlass org/jetbrains/kotlin/com/intellij/util/cls/ClsFormatException
instanceKlass sun/nio/fs/WindowsException
instanceKlass kotlin/reflect/full/IllegalPropertyDelegateAccessException
instanceKlass kotlin/reflect/full/IllegalCallableAccessException
instanceKlass java/net/URISyntaxException
instanceKlass java/lang/CloneNotSupportedException
instanceKlass java/lang/InterruptedException
instanceKlass java/io/IOException
instanceKlass java/lang/ReflectiveOperationException
instanceKlass java/lang/RuntimeException
ciInstanceKlass java/lang/Exception 1 1 40 10 7 12 1 1 1 10 12 1 10 12 1 10 12 1 10 12 1 100 1 1 1 1 5 0 1 1 1 1 1 1 1 1 1 1 1 1 1 1
instanceKlass java/lang/reflect/InvocationTargetException
instanceKlass java/lang/InstantiationException
instanceKlass java/lang/IllegalAccessException
instanceKlass java/lang/NoSuchFieldException
instanceKlass java/lang/NoSuchMethodException
instanceKlass java/lang/ClassNotFoundException
ciInstanceKlass java/lang/ReflectiveOperationException 1 1 34 10 7 12 1 1 1 10 12 1 10 12 1 10 12 1 100 1 1 1 1 5 0 1 1 1 1 1 1 1 1 1 1 1
instanceKlass org/jetbrains/kotlin/one/util/streamex/Internals$CancelException
instanceKlass java/io/IOError
instanceKlass kotlin/reflect/jvm/internal/KotlinReflectionInternalError
instanceKlass kotlin/jvm/KotlinReflectionNotSupportedError
instanceKlass kotlin/NotImplementedError
instanceKlass java/lang/AssertionError
instanceKlass java/lang/VirtualMachineError
instanceKlass java/lang/LinkageError
instanceKlass java/lang/ThreadDeath
ciInstanceKlass java/lang/Error 1 1 40 10 7 12 1 1 1 10 12 1 10 12 1 10 12 1 10 12 1 100 1 1 1 1 5 0 1 1 1 1 1 1 1 1 1 1 1 1 1 1
ciInstanceKlass java/lang/ThreadDeath 0 0 21 10 100 12 1 1 1 100 1 1 1 1 5 0 1 1 1 1 1 1 1
ciInstanceKlass java/lang/ClassNotFoundException 1 1 96 7 1 10 7 12 1 1 1 10 12 1 10 12 1 1 10 100 12 1 1 1 8 1 10 100 12 1 1 1 10 7 12 1 1 10 100 12 1 1 1 10 100 12 1 1 1 10 12 1 1 7 1 10 12 1 9 12 1 1 1 1 1 5 0 1 1 1 1 1 1 1 1 1 1 1 1 1 1 1 1 1 1 100 1 1 1 1 1 1 1 1 1 1 1 1
staticfield java/lang/ClassNotFoundException serialPersistentFields [Ljava/io/ObjectStreamField; 1 [Ljava/io/ObjectStreamField;
instanceKlass java/lang/IncompatibleClassChangeError
instanceKlass java/lang/UnsatisfiedLinkError
instanceKlass java/lang/BootstrapMethodError
instanceKlass java/lang/NoClassDefFoundError
ciInstanceKlass java/lang/LinkageError 1 1 31 10 7 12 1 1 1 10 12 1 10 12 1 100 1 1 1 1 5 0 1 1 1 1 1 1 1 1 1 1 1
ciInstanceKlass java/lang/Record 0 0 22 10 100 12 1 1 1 100 1 1 1 1 1 1 1 1 1 1 1 1 1 1
ciInstanceKlass java/lang/Math 1 1 395 10 100 12 1 1 1 10 7 12 1 1 1 10 12 1 10 12 1 10 12 1 10 12 1 10 12 1 7 1 6 0 6 0 10 12 1 10 12 1 10 12 1 10 12 1 10 12 1 10 12 1 1 10 12 1 10 12 1 10 12 1 10 12 1 10 12 1 10 7 12 1 1 1 100 1 3 3 3 10 7 12 1 1 1 100 1 5 0 5 0 5 0 5 0 5 0 9 100 12 1 1 1 10 100 12 1 1 1 100 1 8 1 10 12 1 8 1 10 12 1 1 10 12 1 1 100 1 5 0 5 0 100 1 3 5 0 3 5 0 10 12 1 10 12 1 8 1 10 12 1 8 1 9 12 1 1 9 12 1 10 12 1 1 6 0 10 12 1 9 12 1 1 100 1 10 10 12 1 100 1 10 12 1 10 12 1 1 10 12 1 10 12 1 10 12 1 10 12 1 1 10 12 1 1 10 12 1 1 10 12 6 0 10 12 1 1 10 12 1 1 10 12 10 12 1 4 10 12 1 1 10 12 1 10 12 1 10 12 10 12 1 10 12 1 10 12 1 10 12 1 10 12 1 10 12 1 10 12 1 5 0 6 0 4 6 0 4 6 0 4 10 12 1 1 9 12 1 1 10 12 1 9 12 1 10 7 12 1 1 1 4 6 0 1 1 6 0 1 6 0 1 1 1 1 1 1 1 1 1 1 1 1 1 1 1 1 1 1 1 1 1 1 1 1 1 1 1 1 1 1 1 1 1 1 1 1 1 1 1 1 1 1 1 1 1 1 1 1 1 1 1 1 1 1 1 1 1 1 1 1 1 1 1 1 1 1 1 1 1 1 1 1 1 1 1 1 1 1 1 1 1 1 1 1 1 1 1 1 1 1 1 1 1 1
staticfield java/lang/Math negativeZeroFloatBits J -2147483648
staticfield java/lang/Math negativeZeroDoubleBits J -9223372036854775808
staticfield java/lang/Math $assertionsDisabled Z 1
ciInstanceKlass java/lang/Boolean 1 1 151 10 7 12 1 1 1 9 7 12 1 1 1 10 12 1 1 10 12 1 8 1 10 7 12 1 1 9 12 1 1 9 12 1 8 1 10 12 1 1 10 12 1 1 10 7 12 1 1 1 100 1 100 1 10 12 1 1 9 100 12 1 1 9 12 10 100 12 1 1 1 10 12 1 1 8 1 10 7 12 1 1 1 9 12 1 1 100 1 100 1 100 1 1 1 1 1 1 5 0 1 1 1 1 1 1 1 1 1 1 3 1 1 1 1 1 1 1 1 1 1 1 1 1 1 1 1 1 1 1 1 100 1 1 1 1 1 1 1 1 1 1 100 1 1 1 1 1 1 1 1
staticfield java/lang/Boolean TRUE Ljava/lang/Boolean; java/lang/Boolean
staticfield java/lang/Boolean FALSE Ljava/lang/Boolean; java/lang/Boolean
staticfield java/lang/Boolean TYPE Ljava/lang/Class; java/lang/Class
instanceKlass java/util/concurrent/locks/AbstractQueuedSynchronizer
ciInstanceKlass java/util/concurrent/locks/AbstractOwnableSynchronizer 1 1 32 10 7 12 1 1 1 9 7 12 1 1 1 100 1 1 1 1 5 0 1 1 1 1 1 1 1 1 1 1 1 1
instanceKlass java/math/BigInteger
instanceKlass java/util/concurrent/atomic/AtomicLong
instanceKlass java/util/concurrent/atomic/AtomicInteger
instanceKlass java/lang/Long
instanceKlass java/lang/Integer
instanceKlass java/lang/Short
instanceKlass java/lang/Byte
instanceKlass java/lang/Double
instanceKlass java/lang/Float
ciInstanceKlass java/lang/Number 1 1 37 10 7 12 1 1 1 10 100 12 1 1 1 100 1 1 1 1 5 0 1 1 1 1 1 1 1 1 1 1 1 1 1 1 1 1 1
instanceKlass java/lang/LiveStackFrameInfo
ciInstanceKlass java/lang/StackFrameInfo 0 0 132 10 100 12 1 1 1 9 100 12 1 1 1 9 100 1 9 12 1 1 11 100 12 1 1 1 9 12 1 1 11 12 1 1 10 12 1 1 10 100 12 1 1 1 10 12 1 11 12 1 11 12 1 1 11 12 1 10 12 1 1 9 12 1 1 10 12 1 1 10 100 12 1 1 10 12 1 1 11 12 1 1 10 12 1 9 12 1 1 10 12 1 1 100 1 8 1 10 12 1 10 100 12 1 1 1 100 1 1 1 1 1 1 1 1 1 1 1 1 1 1 1 1 1 1 100 1 1 1 1 1 1
ciInstanceKlass java/lang/LiveStackFrameInfo 0 0 97 10 100 12 1 1 1 9 100 12 1 1 1 9 12 1 9 12 1 9 12 1 9 12 1 1 100 1 10 12 1 1 10 12 1 8 1 10 12 1 1 8 1 8 1 8 1 10 100 1 10 12 1 100 1 10 12 1 100 1 100 1 1 1 3 1 3 1 1 1 1 1 1 1 1 1 1 1 1 1 1 1 1 1 1 1 1 1 1 1 1 1 1 1 100 1 1
ciMethod java/lang/Boolean booleanValue ()Z 256 0 128 0 -1
ciMethod java/lang/Boolean valueOf (Z)Ljava/lang/Boolean; 8 0 388574 0 -1
ciInstanceKlass java/lang/Character 1 1 576 7 1 100 1 100 1 9 12 1 1 8 1 9 12 1 1 100 1 9 12 1 1 10 100 12 1 1 1 10 100 12 1 1 1 10 100 12 1 1 1 10 7 12 1 1 1 9 7 12 1 1 1 10 12 1 10 12 1 1 10 12 1 1 10 7 12 1 1 10 12 1 1 3 3 3 3 3 10 12 1 1 10 12 1 3 11 7 12 1 1 1 11 12 1 1 10 12 1 1 10 12 1 1 100 1 10 10 12 1 3 10 12 1 1 10 12 1 10 12 1 1 100 1 8 1 10 12 1 1 10 12 1 10 12 1 10 12 1 10 12 1 10 12 1 1 10 12 1 10 7 12 1 1 10 10 12 1 10 10 12 1 10 12 1 1 10 12 1 10 10 12 1 10 12 1 10 12 1 10 12 1 10 12 1 10 12 1 10 12 1 10 12 10 10 12 10 10 12 1 10 10 12 1 10 10 12 1 10 10 12 1 10 10 12 1 10 10 12 1 10 10 12 1 1 10 10 12 1 10 5 0 10 12 1 10 12 1 10 10 12 1 10 10 12 1 1 10 10 12 1 10 10 12 1 9 12 1 1 100 1 10 10 12 1 10 12 1 1 3 10 100 12 1 1 1 10 12 1 10 100 12 1 1 100 1 10 10 12 1 1 10 12 1 1 10 12 1 1 8 1 10 12 1 9 100 12 1 1 1 10 12 1 10 10 12 1 10 12 1 1 10 12 1 10 10 12 1 1 10 10 12 1 1 100 1 8 1 10 12 1 1 10 7 12 1 1 1 8 1 10 12 1 1 9 12 1 1 100 1 100 1 100 1 1 1 1 3 1 3 1 3 1 3 1 1 1 1 1 3 1 1 3 1 3 1 3 1 3 1 3 1 3 1 3 1 3 1 3 1 3 1 3 1 3 1 3 1 3 1 3 1 3 1 3 1 3 1 3 1 3 1 3 1 3 1 3 1 3 1 3 1 3 1 3 1 3 1 1 1 1 1 1 1 1 1 1 1 1 1 1 1 1 1 1 1 3 1 1 1 1 1 1 1 3 1 1 3 1 1 1 1 1 3 1 1 5 0 1 1 1 1 1 1 1 1 1 1 1 1 1 1 1 1 1 1 1 1 1 1 1 1 1 1 1 1 1 1 1 1 1 1 1 1 1 1 1 1 1 1 1 1 1 1 1 1 1 1 1 1 1 1 1 1 1 1 1 1 1 1 1 1 1 1 1 1 1 1 1 1 1 1 1 1 1 1 1 1 1 1 1 1 1 1 1 1 1 100 1 100 1 1 1 1 1 1
staticfield java/lang/Character TYPE Ljava/lang/Class; java/lang/Class
staticfield java/lang/Character $assertionsDisabled Z 1
ciInstanceKlass java/lang/Float 1 1 223 7 1 100 1 10 7 12 1 1 1 10 100 12 1 1 1 4 100 1 10 12 1 1 10 12 1 1 8 1 8 1 10 100 12 1 1 1 10 12 1 1 10 12 1 1 10 4 4 4 10 7 12 1 1 9 12 1 1 10 12 1 1 10 12 1 10 12 1 10 12 1 1 10 12 1 10 12 1 3 10 12 1 1 10 12 1 1 10 12 1 10 100 12 1 1 1 10 12 1 1 10 12 1 1 8 1 10 7 12 1 1 1 9 12 1 1 100 1 100 1 100 1 1 1 1 1 4 1 1 1 4 1 1 3 1 3 1 3 1 3 1 1 1 1 5 0 1 1 1 1 1 1 1 1 1 1 100 1 1 1 1 1 1 1 1 1 1 1 1 1 3 1 1 1 1 1 1 1 1 1 1 1 1 1 1 1 1 1 1 1 1 1 1 1 1 1 1 1 1 1 1 1 1 1 1 1 1 1 1 100 1 1 1 1 1 1 1 100 1 100 1 1
staticfield java/lang/Float TYPE Ljava/lang/Class; java/lang/Class
ciMethod java/lang/Float isNaN (F)Z 512 0 5214 0 0
ciInstanceKlass java/lang/Double 1 1 285 7 1 100 1 10 7 12 1 1 1 10 12 1 1 10 12 1 100 1 10 12 1 1 10 100 12 1 1 1 6 0 8 1 10 12 1 1 8 1 10 12 1 1 8 1 6 0 10 12 1 1 100 1 5 0 5 0 8 1 8 1 10 100 12 1 1 1 10 100 12 1 1 1 8 1 10 12 1 1 8 1 8 1 8 1 10 12 1 1 10 12 1 10 12 1 1 10 12 1 10 12 1 10 12 1 1 10 12 1 10 6 0 6 0 6 0 10 7 12 1 1 9 12 1 1 10 12 1 10 12 1 10 12 1 10 12 1 5 0 10 12 1 1 10 12 1 10 12 1 10 100 12 1 1 1 10 12 1 1 10 12 1 1 8 1 10 7 12 1 1 1 9 12 1 1 100 1 100 1 100 1 1 1 1 1 6 0 1 1 1 6 0 1 1 3 1 3 1 3 1 3 1 1 1 1 5 0 1 1 1 1 1 1 1 1 1 1 1 1 1 1 1 1 100 1 1 1 1 1 1 1 1 1 1 1 1 3 1 1 1 1 1 1 1 1 1 1 1 1 1 1 1 1 1 1 1 1 1 1 1 1 1 1 1 1 1 1 1 1 1 1 100 1 1 1 1 1 1 1 100 1 100 1 1
staticfield java/lang/Double TYPE Ljava/lang/Class; java/lang/Class
ciInstanceKlass java/lang/Byte 1 1 215 7 1 100 1 10 100 12 1 1 1 9 12 1 1 8 1 9 12 1 1 100 1 10 12 1 1 10 12 1 1 10 100 12 1 1 1 10 100 12 1 1 1 9 7 12 1 1 1 10 12 1 1 100 1 100 1 10 12 1 1 8 1 10 12 1 1 8 1 10 12 1 10 12 1 10 12 1 10 12 1 1 10 12 1 10 12 1 10 12 1 1 10 8 1 8 1 10 7 1 9 12 1 1 10 12 1 10 12 1 1 10 12 1 1 10 12 1 1 10 12 1 5 0 10 12 1 1 8 1 10 7 12 1 1 1 9 12 1 1 100 1 100 1 1 1 3 1 3 1 1 1 1 3 1 3 1 1 5 0 1 1 1 1 1 1 1 1 1 1 1 1 1 1 1 1 1 1 1 1 1 1 1 1 1 1 1 1 1 1 1 1 1 1 1 1 1 1 1 1 1 1 1 1 1 1 1 1 1 1 1 1 1 1 1
staticfield java/lang/Byte TYPE Ljava/lang/Class; java/lang/Class
ciInstanceKlass java/lang/Short 1 1 224 7 1 100 1 100 1 10 100 12 1 1 1 10 12 1 1 100 1 100 1 10 12 1 1 8 1 10 12 1 1 8 1 10 12 1 10 12 1 10 12 1 10 12 1 1 10 12 1 1 10 12 1 9 12 1 1 8 1 9 12 1 1 100 1 10 12 1 1 10 12 1 10 100 12 1 1 1 10 100 12 1 1 1 9 7 12 1 1 1 10 12 1 10 12 1 1 10 8 1 8 1 10 7 1 9 12 1 1 10 12 1 10 12 1 1 10 12 1 1 10 12 1 1 10 12 1 3 3 5 0 10 12 1 1 8 1 10 7 12 1 1 1 9 12 1 1 100 1 100 1 1 1 3 1 3 1 1 1 1 3 1 3 1 1 5 0 1 1 1 1 1 1 1 1 1 1 1 1 1 1 1 1 1 1 1 1 1 1 1 1 1 1 1 3 1 1 1 1 1 1 1 1 1 1 1 1 1 1 1 1 1 1 1 1 1 1 1 1 1 1 1 1 1
staticfield java/lang/Short TYPE Ljava/lang/Class; java/lang/Class
ciInstanceKlass java/lang/Integer 1 1 445 7 1 100 1 7 1 7 1 10 12 1 1 9 12 1 1 9 12 1 1 10 100 12 1 1 1 10 12 1 1 10 100 12 1 1 1 10 10 12 1 1 10 100 12 1 1 1 10 12 1 10 12 1 1 10 7 12 1 1 1 10 12 1 1 10 12 1 1 10 12 1 10 12 1 10 12 1 1 10 10 12 1 9 12 1 1 9 12 1 100 1 8 1 10 12 1 100 1 10 12 1 8 1 10 12 1 1 10 12 1 8 1 10 12 1 8 1 10 12 1 1 3 10 12 1 1 3 10 12 1 1 10 12 1 1 10 7 12 1 1 1 11 7 1 100 1 10 11 10 12 1 1 8 1 10 12 1 1 8 1 100 1 10 12 1 1 10 12 1 1 5 0 8 1 10 12 1 10 12 1 10 12 1 10 12 1 1 7 1 9 12 1 1 9 12 1 1 10 12 1 10 7 1 9 12 1 10 12 1 10 12 1 10 12 1 1 10 7 12 1 1 1 100 1 100 1 10 12 1 1 10 12 1 1 8 1 8 1 10 12 1 1 8 1 8 1 8 1 8 1 8 1 8 1 10 12 1 10 12 1 10 12 1 5 0 3 3 3 3 10 12 1 3 10 12 1 10 100 12 1 1 1 10 12 1 1 10 12 1 1 8 1 10 7 12 1 1 1 9 12 1 1 3 3 3 3 3 3 9 12 1 1 100 1 100 1 100 1 1 1 1 1 1 1 3 1 3 1 1 5 0 1 1 1 1 1 1 1 1 1 100 1 1 1 1 1 1 1 1 1 1 1 1 1 1 1 1 1 1 1 1 1 1 1 1 1 1 1 1 1 1 1 1 1 1 1 1 1 1 1 3 1 1 1 1 1 1 1 1 1 1 1 1 1 1 1 1 100 1 1 1 1 1 1 1 1 1 1 1 1 1 1 1 1 1 1 1 1 1 1 1 1 1 1 1 1 1 1 1 100 1 1 1 1 1 1 1 1 1 100 1 100 1 1
staticfield java/lang/Integer TYPE Ljava/lang/Class; java/lang/Class
staticfield java/lang/Integer digits [C 36
staticfield java/lang/Integer DigitTens [B 100
staticfield java/lang/Integer DigitOnes [B 100
staticfield java/lang/Integer sizeTable [I 10
ciMethod java/lang/Integer numberOfLeadingZeros (I)I 34 0 6300 0 -1
ciInstanceKlass java/lang/Long 1 1 506 7 1 100 1 7 1 7 1 10 12 1 1 9 12 1 1 9 7 12 1 1 1 10 100 12 1 1 1 10 12 1 1 10 100 12 1 1 1 10 10 12 10 12 1 10 12 1 10 12 1 5 0 5 0 100 1 10 12 1 1 10 12 1 1 10 12 1 10 12 1 10 12 1 10 12 1 1 10 100 12 1 1 10 12 1 10 12 1 1 10 12 1 1 10 12 1 1 10 12 1 1 10 100 12 1 1 1 10 12 1 1 10 12 1 10 12 1 10 12 1 10 12 1 1 10 10 12 1 5 0 5 0 9 12 1 1 9 12 1 5 0 100 1 8 1 10 12 1 8 1 10 12 1 8 1 8 1 10 12 1 1 5 0 10 12 1 1 5 0 10 12 1 1 10 12 1 1 10 100 12 1 1 1 11 100 1 100 1 10 11 10 12 1 1 8 1 10 12 1 1 8 1 100 1 10 12 1 1 10 12 1 8 1 8 1 11 12 1 1 10 12 1 10 12 1 10 12 1 5 0 5 0 9 7 12 1 1 1 10 12 1 10 12 1 1 8 1 8 1 10 12 1 1 8 1 8 1 8 1 8 1 8 1 8 1 10 12 1 10 12 1 10 12 1 1 10 7 1 9 12 1 1 10 12 1 10 12 1 1 10 7 12 1 1 1 100 1 100 1 10 12 1 1 10 12 1 1 5 0 10 12 1 10 12 1 5 0 5 0 5 0 10 12 1 1 5 0 5 0 10 12 1 10 12 1 10 100 12 1 1 1 10 12 1 1 10 12 1 1 8 1 10 7 12 1 1 1 9 12 1 1 100 1 100 1 100 1 1 1 1 5 0 1 1 1 1 3 1 3 1 5 0 1 1 1 1 1 1 1 1 1 100 1 1 1 1 1 1 1 1 1 1 1 1 1 1 1 1 1 1 1 1 1 1 1 1 1 1 1 1 1 1 1 1 1 1 1 1 1 1 1 1 1 1 1 1 1 1 1 1 1 1 1 1 1 1 3 1 1 1 1 1 1 1 1 1 1 1 1 1 1 1 100 1 1 1 1 1 1 1 1 1 1 1 1 1 1 1 1 1 1 1 1 1 1 1 1 1 1 1 100 1 1 1 1 1 1 1 1 1 100 1 100 1 1
staticfield java/lang/Long TYPE Ljava/lang/Class; java/lang/Class
instanceKlass java/lang/ref/PhantomReference
instanceKlass java/lang/ref/FinalReference
instanceKlass java/lang/ref/WeakReference
instanceKlass java/lang/ref/SoftReference
ciInstanceKlass java/lang/ref/Reference 1 1 195 9 7 12 1 1 1 9 7 12 1 1 10 12 1 1 10 12 1 1 9 12 1 1 10 12 1 1 9 12 1 1 9 12 1 1 7 1 10 12 1 10 7 12 1 1 10 12 1 10 12 1 1 10 12 1 9 12 1 10 12 1 1 10 12 1 10 12 1 9 12 1 100 1 100 1 10 12 1 9 12 1 9 12 1 100 1 10 10 12 1 10 10 7 12 1 1 10 7 12 1 1 1 10 12 1 1 10 7 12 1 1 7 1 8 1 10 12 1 10 12 1 1 10 12 1 1 10 12 1 7 1 10 10 7 12 1 1 1 1 1 1 1 1 1 1 1 1 1 1 1 1 1 1 1 100 1 1 1 100 1 1 1 1 1 1 1 1 1 1 1 1 1 1 1 1 1 1 1 1 1 1 1 1 1 1 1 1 1 1 1 1 1 1 1
staticfield java/lang/ref/Reference processPendingLock Ljava/lang/Object; java/lang/Object
staticfield java/lang/ref/Reference $assertionsDisabled Z 1
instanceKlass org/jetbrains/kotlin/com/intellij/util/containers/ConcurrentSoftHashMap$SoftKey
instanceKlass org/jetbrains/kotlin/com/intellij/util/containers/ConcurrentSoftKeySoftValueHashMap$SoftKey
instanceKlass org/jetbrains/kotlin/com/intellij/util/containers/ConcurrentSoftValueHashMap$MySoftReference
instanceKlass org/jetbrains/kotlin/com/intellij/util/containers/ConcurrentWeakKeySoftValueHashMap$SoftValue
instanceKlass org/jetbrains/kotlin/com/intellij/util/containers/SoftKeySoftValueHashMap$ValueReference
instanceKlass org/jetbrains/kotlin/com/intellij/reference/SoftReference
instanceKlass java/lang/invoke/LambdaFormEditor$Transform
instanceKlass sun/util/locale/LocaleObjectCache$CacheEntry
ciInstanceKlass java/lang/ref/SoftReference 1 1 47 10 7 12 1 1 1 9 7 12 1 1 1 9 12 1 10 12 1 10 12 1 1 1 1 1 1 1 1 1 1 1 1 1 1 1 1 1 1 1 1 100 1 1 1 1 1
instanceKlass org/jetbrains/kotlin/com/intellij/util/containers/ConcurrentWeakHashMap$WeakKey
instanceKlass org/jetbrains/kotlin/com/intellij/util/containers/ConcurrentWeakKeyWeakValueHashMap$WeakValue
instanceKlass org/jetbrains/kotlin/com/intellij/util/PatchedWeakReference
instanceKlass org/jetbrains/kotlin/com/intellij/util/containers/ConcurrentWeakValueHashMap$MyWeakReference
instanceKlass org/jetbrains/kotlin/com/intellij/util/containers/ConcurrentWeakKeySoftValueHashMap$WeakKey
instanceKlass org/jetbrains/kotlin/com/intellij/util/containers/UnsafeWeakList$MyReference
instanceKlass org/jetbrains/kotlin/com/intellij/util/containers/IntKeyWeakValueHashMap$MyReference
instanceKlass java/lang/WeakPairMap$WeakRefPeer
instanceKlass java/lang/ClassValue$Entry
instanceKlass java/util/logging/Level$KnownLevel
instanceKlass java/lang/invoke/MethodType$ConcurrentWeakInternSet$WeakEntry
instanceKlass java/lang/ThreadLocal$ThreadLocalMap$Entry
instanceKlass java/util/WeakHashMap$Entry
ciInstanceKlass java/lang/ref/WeakReference 1 1 31 10 7 12 1 1 1 10 12 1 100 1 1 1 1 1 1 1 1 1 1 1 1 1 1 1 1 1 1 1 1
instanceKlass java/lang/ref/Finalizer
ciInstanceKlass java/lang/ref/FinalReference 1 1 47 10 100 12 1 1 1 10 100 12 1 1 1 10 12 1 1 100 1 8 1 10 12 1 1 1 1 1 1 1 1 1 1 1 1 1 1 1 1 1 1 1 1 1 1 1 1
ciInstanceKlass java/lang/ref/Finalizer 1 1 152 9 7 12 1 1 1 10 100 12 1 1 1 9 12 1 1 9 12 1 1 9 12 1 9 12 1 10 12 1 10 12 1 1 9 12 1 1 100 1 10 12 1 100 1 11 100 12 1 1 100 1 10 12 1 100 1 10 12 1 10 100 12 1 1 1 10 100 12 1 1 1 100 1 10 10 12 1 10 7 12 1 1 1 7 1 10 7 1 10 10 7 12 1 1 1 10 12 1 1 10 7 12 1 1 7 1 10 12 1 10 12 1 1 10 12 1 1 10 12 1 1 1 1 1 1 1 1 1 1 1 1 1 1 1 1 1 1 1 1 1 1 1 1 1 1 1 1 1 1 1 1
staticfield java/lang/ref/Finalizer lock Ljava/lang/Object; java/lang/Object
staticfield java/lang/ref/Finalizer $assertionsDisabled Z 1
instanceKlass jdk/internal/ref/PhantomCleanable
instanceKlass jdk/internal/ref/Cleaner
ciInstanceKlass java/lang/ref/PhantomReference 1 1 39 10 100 12 1 1 1 10 7 12 1 1 1 1 1 1 1 1 1 1 1 1 1 1 1 1 1 1 1 1 1 1 1 1 1 1 1 1 1
instanceKlass java/lang/reflect/Executable
instanceKlass java/lang/reflect/Field
ciInstanceKlass java/lang/reflect/AccessibleObject 1 1 398 10 7 12 1 1 1 9 100 12 1 1 1 10 100 12 1 1 1 10 7 12 1 1 10 7 12 1 1 1 10 100 12 1 1 1 10 12 1 1 10 12 1 1 9 12 1 1 100 1 10 7 12 1 1 1 11 12 1 100 1 10 12 1 7 1 100 1 10 12 1 10 12 1 1 7 1 10 7 12 1 1 1 10 12 1 1 7 1 10 12 1 1 7 1 10 10 10 7 12 1 1 1 10 12 1 1 10 12 1 10 12 1 10 12 1 1 10 12 1 8 1 100 1 10 10 12 1 1 8 1 10 12 1 10 12 1 8 1 8 1 8 1 8 1 8 1 8 1 100 1 10 12 1 10 12 1 9 12 1 1 10 12 1 1 10 12 1 10 11 100 1 100 1 8 1 10 10 12 1 10 12 1 1 8 1 10 12 1 8 1 10 12 1 1 10 100 1 8 1 10 11 7 12 1 1 10 12 1 1 10 12 1 1 10 12 1 1 9 12 1 1 100 1 10 12 1 7 1 10 12 1 10 12 1 1 10 100 1 10 12 1 10 12 10 12 1 10 12 1 1 10 12 1 10 12 1 1 10 12 1 9 12 1 10 100 12 1 1 8 1 10 100 12 1 1 1 8 1 10 100 12 1 1 1 9 12 1 100 1 10 7 1 10 10 7 12 1 1 1 7 1 10 10 7 12 1 1 1 7 1 9 12 1 1 1 1 1 1 1 1 1 1 1 1 1 1 1 1 1 1 1 1 1 1 1 1 1 1 1 1 1 1 1 1 1 1 1 1 1 1 1 1 1 1 1 1 1 1 1 1 1 1 1 1 1 1 1 1 1 1 1 1 1 1 1 1 1 1 1 1 1 1 1 1 1 1 1 1 1 1 1 1 1 1 1 1 1
staticfield java/lang/reflect/AccessibleObject reflectionFactory Ljdk/internal/reflect/ReflectionFactory; jdk/internal/reflect/ReflectionFactory
instanceKlass java/lang/reflect/Constructor
instanceKlass java/lang/reflect/Method
ciInstanceKlass java/lang/reflect/Executable 1 1 548 10 7 12 1 1 1 10 7 12 1 1 1 10 7 12 1 1 1 11 7 12 1 1 1 10 7 12 1 1 1 10 12 1 1 10 7 12 1 1 1 10 100 12 1 1 1 10 12 1 8 1 10 10 12 1 1 10 12 1 1 10 100 12 1 1 1 18 12 1 1 11 100 12 1 1 1 8 1 8 1 8 1 10 100 12 1 1 1 11 12 1 1 100 1 8 1 8 1 10 12 1 100 1 8 1 10 12 1 8 1 11 100 12 1 1 1 100 1 10 12 1 1 11 12 1 8 1 18 8 1 10 12 1 10 12 1 1 18 8 1 10 12 1 100 1 10 12 1 10 12 1 11 100 12 1 1 10 12 1 1 8 1 8 1 10 12 1 1 10 12 1 1 10 10 12 1 100 1 10 10 12 1 10 12 1 1 10 100 12 1 1 10 12 1 10 12 1 10 12 1 1 10 100 12 1 1 10 12 1 10 12 1 10 100 12 1 1 1 10 12 1 8 1 10 12 1 10 12 1 3 100 1 8 1 10 12 1 10 12 1 10 10 12 1 10 12 1 1 8 1 8 1 8 1 9 12 1 10 12 1 100 1 8 1 9 12 1 10 12 1 10 12 1 1 10 12 1 1 10 12 1 10 12 10 12 1 100 1 10 12 1 10 12 1 1 100 1 10 100 12 1 1 1 100 1 10 7 12 1 1 1 10 12 1 1 11 7 12 1 1 10 7 12 1 1 10 100 12 1 1 1 10 12 1 1 9 12 1 10 12 1 1 10 12 1 10 12 1 1 9 100 12 1 1 1 10 100 12 1 1 1 10 12 1 10 12 1 1 9 12 1 10 10 10 10 100 12 1 1 1 10 12 1 9 12 1 10 12 1 1 9 12 1 100 1 100 1 1 1 1 1 1 1 1 1 1 1 1 1 1 1 1 1 1 1 1 1 1 1 1 1 1 1 1 1 1 1 1 1 1 100 1 1 1 1 1 1 1 1 100 1 1 1 1 1 1 1 1 1 1 1 1 100 1 1 1 1 1 1 1 1 1 1 1 1 1 1 1 1 1 1 1 1 1 1 1 1 1 1 1 1 1 1 1 1 1 1 1 1 1 1 1 1 1 100 1 1 1 1 1 1 1 1 1 1 1 1 1 1 1 1 1 1 1 1 1 100 1 100 1 1 15 10 100 12 1 1 1 16 15 16 1 16 1 15 10 12 16 1 100 1 1 100 1 100 1 1
ciInstanceKlass java/lang/reflect/Constructor 1 1 433 10 100 12 1 1 1 10 100 12 1 1 9 7 12 1 1 1 10 12 1 1 10 12 1 1 10 100 12 1 1 9 12 1 1 10 7 12 1 1 1 9 12 1 1 9 12 1 1 9 12 1 9 12 1 1 9 12 1 9 12 1 1 9 12 1 1 9 12 1 100 1 8 1 10 12 1 10 12 1 9 12 1 1 10 7 12 1 1 10 7 12 1 1 1 10 12 1 1 10 12 1 1 10 12 1 7 1 100 1 8 1 10 10 12 1 10 12 1 10 12 1 1 10 12 1 1 9 100 12 1 1 1 10 7 12 1 1 10 12 1 1 10 12 1 10 12 1 1 10 100 12 1 1 1 10 100 12 1 1 10 12 1 1 10 12 1 10 100 12 1 1 1 8 1 10 10 12 1 100 1 8 1 10 12 1 10 12 1 1 10 12 1 1 10 12 1 10 12 1 10 12 1 1 10 12 1 1 9 12 1 1 10 12 1 1 10 12 1 1 10 12 1 8 1 10 12 1 1 11 7 12 1 1 1 10 12 1 1 10 12 1 10 12 1 9 12 1 1 10 7 12 1 1 1 10 12 1 1 10 12 1 1 10 12 1 1 10 12 1 1 10 12 1 9 100 12 1 1 10 12 1 10 12 1 10 12 1 100 1 8 1 10 10 12 1 1 10 12 1 10 10 12 1 1 10 12 1 1 10 100 12 1 1 1 11 100 12 1 1 1 10 12 1 1 9 100 12 1 1 1 10 100 12 1 1 1 10 12 1 1 1 1 1 1 1 1 1 1 1 1 1 1 1 1 1 1 1 1 1 1 1 1 1 1 1 1 1 1 1 1 1 1 1 1 1 1 1 1 1 1 1 1 1 1 1 1 1 1 1 100 1 100 1 100 1 100 1 1 1 1 1 1 1 1 1 1 1 1 1 1 1 1 1 1 1 1 1 1 1 1 1 1 1 1 1 1 1 1 1 100 1 1
ciInstanceKlass java/lang/reflect/Method 1 1 450 9 7 12 1 1 1 10 100 12 1 1 1 10 100 12 1 1 9 12 1 1 10 12 1 1 10 12 1 1 10 100 12 1 1 10 7 12 1 1 1 9 12 1 1 9 12 1 9 12 1 1 9 12 1 9 12 1 9 12 1 1 9 12 1 9 12 1 1 9 12 1 9 12 1 9 12 1 1 100 1 8 1 10 12 1 10 12 1 9 12 1 1 8 1 10 7 12 1 1 10 7 12 1 1 1 10 12 1 1 10 12 1 1 10 12 1 10 12 1 1 10 12 1 1 9 100 12 1 1 1 10 12 1 1 10 12 10 7 12 1 1 10 12 1 1 10 12 1 10 12 1 10 12 1 10 7 12 1 1 1 10 12 1 1 10 7 1 10 100 12 1 1 1 10 7 12 1 1 10 12 1 1 10 12 1 1 10 12 1 10 7 12 1 1 1 10 12 1 10 8 1 10 12 1 10 12 1 7 1 8 1 8 1 8 1 10 12 1 10 12 1 1 10 12 1 1 10 10 12 1 1 10 12 1 11 100 1 9 12 1 1 10 12 1 1 10 12 1 10 12 1 1 10 12 1 1 11 7 12 1 1 1 10 12 1 10 12 1 10 12 1 10 12 1 10 12 1 9 12 1 1 10 7 12 1 1 1 10 12 1 1 10 7 12 1 1 1 10 7 12 1 1 1 10 7 12 1 1 1 11 7 12 1 1 1 10 7 12 1 1 1 7 1 100 1 100 1 10 12 1 10 12 1 1 10 12 1 100 1 8 1 10 12 1 10 10 12 1 1 10 12 1 1 10 12 1 1 10 12 1 1 8 1 10 12 1 1 1 1 1 1 1 1 1 1 1 1 1 1 1 1 1 1 1 1 1 1 1 1 1 1 1 1 1 1 1 1 1 1 1 1 1 1 1 1 1 1 1 1 1 1 1 1 1 1 1 1 1 100 1 100 1 100 1 1 1 1 1 1 1 1 1 1 1 1 1 1 1 1 1 1 1 1 1 1 1 1 1 1
ciInstanceKlass java/lang/reflect/Field 1 1 437 9 7 12 1 1 1 10 12 1 1 10 100 12 1 1 1 10 100 12 1 1 9 12 1 1 10 12 1 1 10 12 1 1 10 100 12 1 1 10 7 12 1 1 1 9 12 1 1 9 12 1 9 12 1 9 12 1 1 9 12 1 1 9 12 1 9 12 1 1 9 12 1 1 100 1 8 1 10 12 1 10 12 1 9 12 1 1 9 12 1 10 12 1 10 7 12 1 1 10 12 1 1 10 12 1 1 10 12 1 10 12 1 1 100 1 10 12 1 1 10 12 1 1 10 12 1 1 10 12 1 10 12 1 10 7 1 10 100 12 1 1 100 1 10 8 1 10 12 1 1 10 12 1 1 8 1 10 12 10 12 1 8 1 8 1 10 11 100 1 9 12 1 10 12 1 1 10 12 1 1 11 7 12 1 1 1 11 12 1 1 11 12 1 1 11 12 1 1 11 12 1 1 11 12 1 1 11 12 1 1 11 12 1 1 11 12 1 1 11 12 1 1 11 12 1 1 11 12 1 1 11 12 1 1 11 12 1 1 11 12 1 1 11 12 1 1 11 12 1 1 11 12 1 1 10 12 1 10 100 12 1 1 10 12 1 10 12 1 1 10 12 9 12 1 1 10 7 12 1 1 1 10 12 1 1 10 7 12 1 1 10 12 1 1 11 7 1 10 12 1 7 1 10 100 12 1 1 1 10 7 12 1 1 1 9 12 1 10 7 12 1 1 1 11 7 12 1 1 1 10 12 1 1 10 12 1 1 9 100 12 1 1 1 10 100 12 1 1 1 10 12 1 1 100 1 1 1 1 1 1 1 1 1 1 1 1 1 1 1 1 1 1 1 1 1 1 1 1 1 1 1 1 1 1 1 1 1 1 1 100 1 1 1 1 1 1 1 1 1 1 1 1 1 1 1 1 1 1 1 1 1 1 1 1 1 1 1 1 1 1 1 1 1 1 100 1 1 1 1 1 1 1 1 100 1 1
ciInstanceKlass java/lang/reflect/Parameter 0 0 226 10 100 12 1 1 1 9 100 12 1 1 1 9 12 1 1 9 12 1 1 9 12 1 10 12 1 1 10 12 1 1 10 100 12 1 1 1 100 1 10 10 12 1 1 11 100 12 1 1 1 10 12 1 10 100 12 1 1 1 10 12 1 1 10 12 1 10 12 1 8 1 8 1 10 100 12 1 1 1 10 12 1 10 12 10 12 1 8 1 10 12 1 9 12 1 1 10 12 1 1 9 12 1 1 10 12 1 1 10 12 1 1 10 12 1 1 10 12 1 10 10 12 1 10 100 12 1 1 1 10 12 1 1 11 100 12 1 1 10 100 12 1 1 100 1 10 100 12 1 1 1 10 12 1 1 10 12 1 1 10 12 1 1 10 12 1 1 9 12 1 100 1 10 11 12 1 1 11 12 1 1 100 1 1 1 1 1 1 1 1 1 1 1 1 1 1 1 1 1 1 1 1 1 1 1 1 1 1 1 1 1 1 1 1 1 1 1 1 1 1 100 1 1 1 1
ciInstanceKlass java/lang/StringBuffer 0 0 470 10 100 12 1 1 1 10 12 1 10 12 1 10 12 1 1 9 100 12 1 1 1 10 12 1 1 10 12 1 10 12 1 1 9 12 1 1 10 12 1 10 12 1 1 10 12 1 1 10 12 1 10 12 1 1 10 12 1 10 12 1 1 10 12 1 1 10 100 12 1 1 1 10 12 1 1 10 12 1 10 12 1 10 12 1 10 12 1 10 12 1 10 12 1 10 12 1 10 12 1 10 12 1 10 12 1 10 12 1 10 12 1 10 12 1 10 12 1 1 10 12 1 10 12 1 1 10 12 1 1 10 10 12 1 1 10 12 1 10 12 1 10 12 1 10 12 1 10 12 1 10 12 1 10 12 10 12 1 10 12 1 10 12 1 10 12 1 1 10 12 1 10 12 1 10 10 12 1 1 10 12 1 1 9 12 1 1 10 100 12 1 1 1 10 100 1 10 10 100 12 1 1 1 10 10 12 1 10 8 10 100 12 1 1 1 8 10 12 1 8 1 10 12 1 10 12 1 10 100 12 1 1 1 10 100 12 1 1 1 100 1 10 12 100 1 8 1 10 10 12 1 1 10 12 1 1 10 12 1 1 10 12 1 10 12 1 10 12 1 10 12 1 10 12 1 10 12 1 10 12 1 10 12 1 10 12 1 10 12 1 10 12 1 10 12 1 10 12 1 10 12 1 10 12 1 10 12 1 10 12 10 12 10 12 1 10 12 1 10 12 1 10 12 10 12 1 10 12 1 10 12 1 10 12 1 10 12 1 10 12 1 10 12 1 10 12 1 10 12 1 10 12 1 10 12 1 100 1 10 12 1 9 100 12 1 1 1 9 100 1 9 12 1 1 100 1 100 1 100 1 1 1 1 5 0 1 1 1 1 1 1 1 1 1 1 1 1 1 1 1 1 1 1 1 1 1 1 1 1 1 1 1 1 1 1 1 1 1 1 1 1 1 1 1 1 1 1 1 1 1 1 1 1 1 1 1 1 1 1 1 1 1 1 1 1 100 1 1 1 1 1 100 1 1 1 1 1 1 1 1 1 1 1 1 1 1 1 1 1
instanceKlass java/lang/StringBuilder
instanceKlass java/lang/StringBuffer
ciInstanceKlass java/lang/AbstractStringBuilder 1 1 547 7 1 7 1 10 7 12 1 1 1 9 7 12 1 1 1 9 12 1 9 12 1 1 9 12 1 1 10 7 12 1 1 1 10 12 1 1 3 3 10 12 1 10 12 1 1 11 7 1 100 1 100 1 10 8 1 10 12 1 10 12 1 10 12 1 1 10 12 1 10 12 1 10 12 1 9 12 1 1 10 12 1 1 10 7 12 1 1 1 10 10 12 1 10 12 1 10 12 1 1 10 12 1 1 10 7 12 1 1 1 10 7 12 1 1 1 100 1 8 1 10 10 12 1 1 100 1 10 12 10 12 1 1 10 10 12 1 1 10 12 1 1 10 12 1 1 10 12 1 1 100 1 10 10 12 1 10 100 12 1 1 1 10 12 1 1 10 12 1 10 12 1 1 10 10 12 1 1 10 12 10 12 1 10 12 1 1 10 12 1 1 10 12 1 1 10 12 1 10 10 12 1 1 10 12 1 10 12 1 1 8 1 10 12 1 1 10 12 1 10 12 1 10 12 1 10 12 1 10 12 1 10 12 1 10 7 12 1 1 10 12 1 10 12 1 10 100 12 1 1 1 10 12 1 10 12 1 10 12 1 10 12 1 10 12 1 1 10 12 1 10 12 1 1 10 12 1 1 10 10 7 12 1 1 1 10 12 1 10 12 1 10 12 1 1 10 12 1 10 12 1 10 12 1 10 12 1 10 12 1 10 12 1 10 12 1 10 12 1 10 12 1 1 10 12 1 10 12 1 10 12 10 12 1 1 18 12 1 1 100 1 10 100 12 1 1 1 18 10 12 1 1 10 12 1 10 12 1 1 11 12 1 10 12 1 10 12 1 10 10 12 1 10 8 1 8 1 8 1 10 10 100 1 10 12 1 100 1 10 100 1 10 100 1 1 1 3 1 1 1 1 1 1 1 1 1 1 100 1 1 1 1 1 1 1 1 1 1 1 1 1 1 1 1 1 1 1 1 1 1 1 1 1 1 1 1 1 1 1 1 1 1 1 1 1 1 1 1 1 1 1 1 1 1 1 1 1 1 1 1 1 1 1 1 1 1 1 1 1 1 1 1 1 1 1 1 1 1 1 1 1 1 1 1 1 1 1 1 1 1 1 1 1 1 1 1 1 1 1 1 1 1 1 1 1 100 1 1 100 1 1 1 1 1 100 1 1 1 1 1 1 15 10 100 12 1 1 1 16 1 15 10 12 16 15 10 12 1 1 1 1 100 1 100 1 1
staticfield java/lang/AbstractStringBuilder EMPTYVALUE [B 0
ciInstanceKlass java/lang/SecurityManager 0 0 576 10 100 12 1 1 1 9 100 12 1 1 1 10 100 12 1 1 1 100 1 8 1 10 12 1 10 12 1 1 10 100 12 1 1 1 10 100 1 10 100 1 10 9 100 12 1 1 1 10 100 12 1 1 1 10 12 1 1 10 100 12 1 1 100 1 8 1 10 9 12 1 1 9 12 1 8 1 9 12 1 100 1 10 8 1 10 12 1 1 10 12 1 10 12 1 1 100 1 10 10 12 1 1 100 1 8 1 10 12 1 8 1 8 1 8 1 8 1 8 1 8 1 10 12 1 8 1 8 1 8 1 8 1 8 1 10 100 12 1 1 1 10 12 1 1 8 1 100 1 8 1 10 8 1 8 1 8 1 8 1 8 1 10 100 12 1 1 8 1 100 1 8 1 8 1 10 8 1 10 12 1 100 1 8 1 10 10 12 1 1 10 12 1 10 12 1 10 12 1 10 100 12 1 1 1 10 12 1 10 100 12 1 1 11 100 12 1 1 1 18 12 1 1 11 100 12 1 1 1 18 12 1 1 11 12 1 1 18 18 11 12 1 18 12 1 11 12 1 1 9 12 1 1 9 12 1 9 12 1 9 12 1 100 1 10 100 12 1 1 10 12 1 10 12 1 18 12 1 18 10 100 12 1 1 1 18 12 1 10 12 1 18 18 8 1 10 12 1 9 12 1 1 11 100 12 1 1 1 8 1 100 1 10 12 1 10 12 1 1 10 12 1 1 9 12 1 1 10 12 1 10 12 1 1 8 1 100 1 10 9 12 1 8 1 10 12 1 8 1 100 1 10 10 100 12 1 1 10 100 1 9 100 12 1 1 1 11 12 1 1 10 12 1 11 12 1 10 12 1 100 1 10 10 12 1 1 10 12 1 1 1 1 1 1 1 1 1 1 1 100 1 1 1 1 1 1 1 1 1 1 1 1 1 1 1 1 1 1 1 1 1 1 1 1 1 1 1 1 1 1 1 1 1 1 1 1 1 1 1 1 1 1 1 1 1 1 1 1 1 1 1 1 1 1 1 1 3 1 1 1 1 1 1 1 1 1 1 100 1 1 1 1 1 1 1 1 1 1 1 1 1 1 1 1 1 1 1 1 1 1 1 1 1 1 1 1 1 1 1 1 1 1 1 1 1 1 15 10 100 12 1 1 1 16 15 10 100 12 1 1 1 16 1 16 15 10 12 16 1 15 10 12 16 15 11 100 1 16 1 16 1 15 10 12 16 15 10 12 16 15 10 12 1 16 1 15 11 12 1 15 10 12 16 15 10 16 1 1 1 1 100 1 100 1 1
instanceKlass org/jetbrains/kotlin/com/intellij/psi/util/ConstantEvaluationOverflowException
instanceKlass org/jetbrains/kotlin/com/intellij/psi/impl/compiled/OutOfOrderInnerClassException
instanceKlass org/jetbrains/kotlin/com/intellij/psi/impl/compiled/ClsElementImpl$InvalidMirrorException
instanceKlass org/jetbrains/kotlin/com/intellij/psi/impl/DebugUtil$IncorrectTreeStructureException
instanceKlass org/jetbrains/kotlin/com/intellij/psi/text/BlockSupport$ReparsedSuccessfullyException
instanceKlass org/jetbrains/kotlin/lexer/KotlinLexerException
instanceKlass org/jetbrains/kotlin/protobuf/UninitializedMessageException
instanceKlass org/jetbrains/kotlin/com/intellij/openapi/util/RecursionManager$CachingPreventedException
instanceKlass org/jetbrains/kotlin/com/intellij/core/CoreJavaCodeStyleManager$1CancelException
instanceKlass org/jetbrains/kotlin/com/intellij/openapi/util/StackOverflowPreventedException
instanceKlass org/jetbrains/kotlin/com/intellij/openapi/vfs/InvalidVirtualFileAccessException
instanceKlass org/jetbrains/kotlin/com/intellij/psi/PsiInvalidElementAccessException
instanceKlass org/jetbrains/kotlin/com/fasterxml/aalto/UncheckedStreamException
instanceKlass java/util/concurrent/RejectedExecutionException
instanceKlass java/io/UncheckedIOException
instanceKlass org/jetbrains/kotlin/com/intellij/openapi/extensions/SortingException
instanceKlass org/jetbrains/kotlin/com/intellij/diagnostic/ImplementationConflictException
instanceKlass java/util/EmptyStackException
instanceKlass org/jetbrains/kotlin/com/intellij/openapi/diagnostic/RuntimeExceptionWithAttachments
instanceKlass org/jetbrains/kotlin/com/intellij/diagnostic/PluginException
instanceKlass org/jetbrains/kotlin/com/intellij/openapi/project/IndexNotReadyException
instanceKlass java/lang/SecurityException
instanceKlass org/jetbrains/kotlin/com/intellij/openapi/editor/ReadOnlyModificationException
instanceKlass org/jetbrains/kotlin/com/intellij/openapi/editor/ReadOnlyFragmentModificationException
instanceKlass org/jetbrains/kotlin/com/intellij/util/lang/CompoundRuntimeException
instanceKlass org/jetbrains/kotlin/com/intellij/util/pico/PicoException
instanceKlass org/jetbrains/kotlin/com/intellij/openapi/extensions/ExtensionNotApplicableException
instanceKlass java/util/MissingResourceException
instanceKlass java/nio/file/FileSystemNotFoundException
instanceKlass org/jetbrains/kotlin/util/ServiceLoaderLite$ServiceLoadingException
instanceKlass org/jetbrains/kotlin/compiler/plugin/PluginProcessingException
instanceKlass org/jetbrains/kotlin/compiler/plugin/CliOptionProcessingException
instanceKlass org/jetbrains/kotlin/com/intellij/util/IncorrectOperationException
instanceKlass org/jetbrains/kotlin/utils/WrappedValues$WrappedProcessCanceledException
instanceKlass java/util/ConcurrentModificationException
instanceKlass java/lang/reflect/UndeclaredThrowableException
instanceKlass java/util/NoSuchElementException
instanceKlass kotlin/NoWhenBranchMatchedException
instanceKlass java/lang/IndexOutOfBoundsException
instanceKlass java/lang/IllegalStateException
instanceKlass kotlin/UninitializedPropertyAccessException
instanceKlass java/lang/UnsupportedOperationException
instanceKlass org/jetbrains/kotlin/cli/jvm/compiler/CompileEnvironmentException
instanceKlass org/jetbrains/kotlin/utils/KotlinExceptionWithAttachments
instanceKlass org/jetbrains/kotlin/analyzer/CompilationErrorException
instanceKlass org/jetbrains/kotlin/com/intellij/openapi/progress/ProcessCanceledException
instanceKlass java/lang/IllegalArgumentException
instanceKlass java/lang/ArithmeticException
instanceKlass java/lang/NullPointerException
instanceKlass java/lang/IllegalMonitorStateException
instanceKlass java/lang/ArrayStoreException
instanceKlass java/lang/ClassCastException
ciInstanceKlass java/lang/RuntimeException 1 1 40 10 100 12 1 1 1 10 12 1 10 12 1 10 12 1 10 12 1 100 1 1 1 1 5 0 1 1 1 1 1 1 1 1 1 1 1 1 1 1
instanceKlass org/jetbrains/kotlin/utils/exceptions/KotlinIllegalArgumentExceptionWithAttachments
instanceKlass java/nio/charset/UnsupportedCharsetException
instanceKlass java/nio/charset/IllegalCharsetNameException
instanceKlass org/jetbrains/kotlin/container/UnresolvedServiceException
instanceKlass java/nio/file/InvalidPathException
instanceKlass java/lang/NumberFormatException
ciInstanceKlass java/lang/IllegalArgumentException 1 1 35 10 100 12 1 1 1 10 12 1 10 12 1 10 12 1 100 1 1 1 1 5 0 1 1 1 1 1 1 1 1 1 1 1 1
ciInstanceKlass java/lang/ArithmeticException 1 1 26 10 100 12 1 1 1 10 12 1 100 1 1 1 1 5 0 1 1 1 1 1 1 1 1 1
instanceKlass kotlin/KotlinNullPointerException
ciInstanceKlass java/lang/NullPointerException 1 1 52 10 100 12 1 1 1 10 12 1 9 100 12 1 1 1 10 12 1 1 9 12 1 1 10 12 1 1 10 12 1 1 1 1 5 0 1 1 1 1 1 1 1 1 100 1 100 1 100 1 1 1
instanceKlass kotlin/collections/AbstractMutableMap
instanceKlass java/util/Collections$SingletonMap
instanceKlass org/jetbrains/kotlin/protobuf/SmallSortedMap
instanceKlass org/jetbrains/kotlin/com/intellij/util/containers/ConcurrentRefHashMap
instanceKlass org/jetbrains/kotlin/com/intellij/util/containers/RefHashMap
instanceKlass java/util/EnumMap
instanceKlass java/util/TreeMap
instanceKlass java/util/IdentityHashMap
instanceKlass java/util/WeakHashMap
instanceKlass java/util/Collections$EmptyMap
instanceKlass sun/util/PreHashedMap
instanceKlass java/util/HashMap
instanceKlass java/util/ImmutableCollections$AbstractImmutableMap
instanceKlass java/util/concurrent/ConcurrentHashMap
ciInstanceKlass java/util/AbstractMap 1 1 192 10 7 12 1 1 1 10 7 12 1 1 1 11 7 12 1 1 1 10 11 12 1 1 11 7 12 1 1 1 11 12 1 1 7 1 11 12 1 10 12 1 1 11 12 1 100 1 10 11 12 1 11 7 1 10 12 1 1 11 12 1 9 12 1 1 7 1 10 12 1 9 12 1 1 100 1 10 11 11 12 1 1 11 12 1 100 1 100 1 11 12 1 8 1 100 1 10 10 12 1 1 8 1 10 12 1 10 12 1 1 10 12 1 1 1 1 1 1 1 1 1 1 1 1 1 1 1 1 1 1 1 1 1 1 1 1 1 1 1 1 1 1 1 1 1 1 1 1 1 1 1 1 100 1 1 1 1 1 1 1 1 1 1 1 1 1 1 1 1 100 1 1 1 1 1 1 1 1 1 100 1 100 1 100 1 100 1 1 1 1 1
ciInstanceKlass java/security/AccessControlContext 1 1 373 9 7 12 1 1 1 9 12 1 1 10 100 12 1 1 1 8 1 10 100 12 1 1 1 10 7 12 1 1 1 9 12 1 9 12 1 1 9 12 1 1 10 7 12 1 1 100 1 10 12 1 11 100 12 1 1 1 11 12 1 11 12 1 11 12 1 1 100 1 11 12 1 1 10 12 1 10 100 12 1 1 1 9 100 12 1 1 1 10 100 12 1 1 1 11 100 12 1 1 1 10 100 1 100 1 8 1 10 12 1 10 12 1 1 100 1 10 100 12 1 1 1 9 12 1 9 12 1 9 12 1 9 12 1 1 9 12 1 1 9 12 1 9 12 1 10 7 12 1 1 1 9 12 1 10 12 1 1 10 12 1 1 8 1 10 12 1 1 10 12 1 1 10 100 12 1 1 1 100 1 10 10 12 1 1 10 100 12 1 1 1 10 8 1 10 100 12 1 1 8 1 10 100 12 1 1 8 1 8 1 10 12 1 8 1 10 12 1 8 1 10 12 1 10 12 1 10 12 1 1 8 1 8 1 100 1 10 12 1 10 12 1 1 100 1 10 12 1 8 1 10 12 1 10 12 1 10 8 1 10 12 1 1 10 12 1 1 10 12 1 1 10 12 1 1 10 12 1 10 12 1 10 12 1 10 12 1 1 10 10 10 12 1 1 1 1 1 1 1 1 1 1 1 1 1 1 1 1 1 1 1 1 1 1 1 1 100 1 1 1 1 1 1 1 1 1 1 1 1 1 1 1 1 1 1 1 1 1 1 1 1 1 1 1 1 1 1 1 1 1 1 1 1 1 1 1 1 1 1 1 1 1 1 1 1 1 1 1 1 3 1 1
ciInstanceKlass java/net/URL 1 1 743 10 7 12 1 1 1 10 12 1 10 7 12 1 1 9 12 1 1 9 12 1 10 7 12 1 1 1 10 12 1 1 10 12 1 1 9 12 1 1 10 7 12 1 1 1 8 1 10 12 1 1 100 1 10 10 12 1 1 8 1 10 12 1 1 9 12 1 100 1 8 1 10 12 1 10 12 1 8 1 9 12 1 10 12 1 1 9 12 1 10 12 1 10 12 1 9 12 1 9 12 1 8 1 9 12 1 10 12 1 1 8 1 9 12 1 1 10 12 1 1 10 7 12 1 1 1 8 1 10 12 1 7 1 10 12 1 10 12 1 10 12 1 10 12 1 1 10 12 1 1 8 1 10 12 1 1 10 12 1 8 1 9 12 1 8 1 10 12 1 10 7 12 1 1 1 100 1 10 12 1 10 12 1 1 10 7 12 1 1 1 100 1 8 1 10 10 12 1 8 1 10 12 1 1 10 12 1 10 12 1 10 12 1 10 12 1 10 12 1 8 1 10 12 1 10 10 7 12 1 1 1 10 12 1 9 100 12 1 1 1 10 100 12 1 1 1 9 12 1 1 10 12 1 10 100 12 1 1 1 100 1 100 1 10 12 1 10 12 1 10 12 1 10 12 1 10 12 1 10 12 10 10 10 12 1 100 1 10 12 1 10 12 1 1 8 1 9 100 12 1 1 1 10 100 12 1 1 1 10 12 1 1 9 100 12 1 1 1 10 12 1 1 100 1 10 12 1 10 12 1 10 10 12 1 1 10 12 1 1 10 12 1 10 12 1 10 12 1 10 7 12 1 1 1 10 12 1 1 10 12 1 9 12 1 1 9 12 1 1 100 1 8 1 10 10 12 1 9 12 1 1 10 7 12 1 1 8 1 10 100 12 1 1 8 1 10 12 1 1 10 12 1 8 1 8 1 10 7 12 1 1 1 100 1 10 100 12 1 1 1 10 12 1 10 12 1 100 1 10 9 12 1 1 10 7 12 1 1 8 1 10 12 1 1 100 1 10 10 100 12 1 1 1 8 9 100 12 1 1 1 10 12 1 10 12 1 10 12 1 10 12 1 10 100 12 1 1 11 7 12 1 1 10 12 1 10 12 1 9 12 1 10 12 1 1 10 100 12 1 1 10 100 12 1 1 1 8 10 100 12 1 1 100 1 10 8 8 10 12 1 8 8 8 100 1 10 12 1 9 12 1 1 10 12 1 10 12 1 1 10 12 1 10 12 10 12 1 1 10 12 1 1 10 10 10 12 1 10 12 1 10 12 1 10 12 1 10 12 1 10 10 12 1 100 1 8 1 10 10 10 12 1 1 10 12 1 10 12 1 1 8 1 7 1 10 10 10 7 1 10 12 1 9 7 12 1 1 1 9 12 1 1 7 1 10 10 7 12 1 1 1 100 1 1 1 1 1 5 0 1 1 1 1 1 1 1 1 1 1 1 1 1 1 1 1 1 1 1 1 1 1 1 1 1 1 1 1 1 1 1 1 1 1 1 1 1 1 1 100 1 1 1 1 1 1 1 1 1 1 1 1 1 1 1 1 1 1 1 1 1 1 1 1 1 1 1 1 1 1 1 1 1 1 1 1 1 100 1 1 1 1 1 1 1 1 1 1 1 1 1 1 1 1 100 1 1 1 1 1 1 1 1 1 1 1 1 1 1 1 1 1 1
staticfield java/net/URL defaultFactory Ljava/net/URLStreamHandlerFactory; java/net/URL$DefaultFactory
staticfield java/net/URL streamHandlerLock Ljava/lang/Object; java/lang/Object
staticfield java/net/URL serialPersistentFields [Ljava/io/ObjectStreamField; 7 [Ljava/io/ObjectStreamField;
ciInstanceKlass java/util/jar/Manifest 1 1 336 10 7 12 1 1 1 7 1 10 9 7 12 1 1 1 7 1 10 9 12 1 1 9 12 1 1 10 12 1 10 12 1 1 10 12 1 1 10 12 1 1 10 12 1 1 11 7 1 11 12 1 1 10 12 1 1 10 100 12 1 1 1 100 1 100 1 10 8 1 10 12 1 1 10 12 1 1 10 12 1 10 12 1 11 100 1 10 12 1 10 12 1 1 11 12 1 1 10 12 1 11 12 1 1 11 100 12 1 1 1 11 100 12 1 1 11 12 1 1 100 1 10 12 1 8 1 11 12 1 100 1 10 12 1 1 11 12 1 10 12 1 10 12 1 10 100 12 1 1 1 8 1 10 12 1 1 10 9 100 12 1 1 1 10 12 1 1 10 100 12 1 10 12 1 10 12 1 9 100 12 1 1 1 8 1 10 12 1 8 1 8 1 7 1 10 12 1 10 12 1 10 12 1 1 100 1 8 1 10 12 1 1 8 1 10 10 12 1 1 8 1 10 12 1 1 10 100 12 1 1 1 10 12 1 10 11 12 1 1 10 12 1 10 100 12 1 1 1 10 12 1 1 10 12 1 1 11 10 12 1 11 10 12 1 100 1 1 1 1 1 1 1 1 1 1 1 1 1 1 1 1 1 1 1 1 1 1 1 1 1 1 1 1 1 1 1 1 1 1 1 1 1 1 1 1 1 1 1 100 1 1 1 1 1 1 1 1 1 1 1 1 1 1 100 1 1 1 1 1 1 1 1 1 1 1
ciInstanceKlass java/lang/Iterable 1 1 62 10 7 12 1 1 1 11 7 12 1 1 1 11 7 12 1 1 1 11 12 1 1 11 7 12 1 1 1 10 100 12 1 1 1 100 1 1 1 1 1 1 1 1 1 1 1 1 1 1 1 1 1 1 1 1 1 1 1 1 1 1
ciInstanceKlass java/util/Collection 1 1 115 11 100 12 1 1 1 100 1 11 7 12 1 1 1 10 100 12 1 1 1 11 12 1 1 11 100 12 1 1 1 11 12 1 1 11 100 12 1 1 1 11 12 1 1 10 100 12 1 1 1 11 12 1 10 7 12 1 1 1 100 1 100 1 1 1 1 1 1 1 1 1 1 1 1 1 1 1 1 1 1 1 1 1 1 1 1 1 1 1 1 1 1 1 1 1 1 1 1 1 1 1 1 1 1 1 1 1 1 1 1 1 1 1 1
instanceKlass kotlin/collections/AbstractMutableCollection
instanceKlass org/jetbrains/kotlin/com/intellij/util/containers/UnmodifiableHashMap$3
instanceKlass org/jetbrains/kotlin/com/google/common/collect/ImmutableCollection
instanceKlass org/jetbrains/kotlin/it/unimi/dsi/fastutil/ints/AbstractIntCollection
instanceKlass org/jetbrains/kotlin/it/unimi/dsi/fastutil/objects/AbstractObjectCollection
instanceKlass org/jetbrains/kotlin/com/intellij/util/containers/UnsafeWeakList
instanceKlass java/util/AbstractQueue
instanceKlass org/jetbrains/kotlin/com/google/common/collect/Multimaps$Entries
instanceKlass org/jetbrains/kotlin/com/google/common/collect/AbstractMapBasedMultimap$WrappedCollection
instanceKlass java/util/HashMap$Values
instanceKlass java/util/LinkedHashMap$LinkedValues
instanceKlass org/jetbrains/kotlin/com/intellij/util/containers/ImmutableList
instanceKlass java/util/ArrayDeque
instanceKlass java/util/AbstractSet
instanceKlass java/util/ImmutableCollections$AbstractImmutableCollection
instanceKlass java/util/AbstractList
ciInstanceKlass java/util/AbstractCollection 1 1 160 10 7 12 1 1 1 10 7 12 1 1 1 10 12 1 1 11 7 12 1 1 1 11 12 1 1 10 12 1 1 10 100 12 1 1 1 10 12 1 1 10 12 1 1 10 7 12 1 1 10 7 12 1 1 1 7 1 10 100 12 1 1 1 10 100 12 1 1 1 100 1 10 11 12 1 11 7 1 10 12 1 10 12 1 10 7 12 1 1 1 11 8 1 7 1 10 10 12 1 1 8 1 10 12 1 10 12 1 1 1 1 1 1 1 1 1 1 1 1 1 1 1 1 1 1 1 1 1 1 1 1 1 1 1 1 1 1 1 1 1 1 1 1 1 1 1 1 1 1 1 1 1 1 1 1 1 1 1 1
ciInstanceKlass java/util/List 1 1 217 10 100 12 1 1 1 11 100 12 1 1 1 11 100 12 1 1 1 11 12 1 1 11 100 12 1 1 11 12 1 1 11 12 1 1 10 100 12 1 1 1 100 1 100 1 10 12 1 1 100 1 10 100 12 1 1 1 9 7 12 1 1 1 7 1 10 12 10 12 1 7 1 10 12 1 1 10 12 1 10 12 1 1 100 1 1 1 1 1 1 1 1 1 1 1 1 1 1 1 1 1 1 1 1 1 1 1 1 1 1 1 1 1 1 1 1 1 1 1 1 1 1 1 1 1 1 1 1 1 1 1 1 1 1 100 1 100 1 1 1 1 1 1 1 1 1 1 1 1 1 1 1 1 1 1 1 1 1 1 1 1 1 1 1 1 1 1 1 1 1 1 1 1 1 1 1 1 1 1 1 1 1 1 1 1 1 1 1 1 1 1 1 1 1 1 1 1 1 1 1 1 1 1 1 1 1 1 1 1 100 1 1 100 1 1 1
ciMethod java/util/AbstractCollection size ()I 0 0 1 0 -1
ciMethod java/util/AbstractCollection <init> ()V 512 0 1021643 0 64
instanceKlass java/util/AbstractList$SubList
instanceKlass org/jetbrains/kotlin/com/intellij/psi/stubs/StubList$1
instanceKlass org/jetbrains/kotlin/com/intellij/psi/stubs/StubList
instanceKlass org/jetbrains/kotlin/com/intellij/util/containers/ContainerUtilRt$EmptyList
instanceKlass org/jetbrains/kotlin/com/intellij/lang/impl/PsiBuilderImpl$1
instanceKlass org/jetbrains/kotlin/com/intellij/lang/impl/PsiBuilderImpl$RelativeTokenTypesView
instanceKlass java/util/AbstractSequentialList
instanceKlass kotlin/collections/AbstractMutableList
instanceKlass org/jetbrains/kotlin/protobuf/UnmodifiableLazyStringList
instanceKlass org/jetbrains/kotlin/protobuf/LazyStringArrayList
instanceKlass java/util/ArrayList$SubList
instanceKlass org/jetbrains/kotlin/com/intellij/util/containers/DisposableWrapperList
instanceKlass org/jetbrains/kotlin/com/intellij/util/SmartList
instanceKlass java/util/Vector
instanceKlass java/util/Collections$SingletonList
instanceKlass org/jetbrains/kotlin/utils/SmartList
instanceKlass java/util/Arrays$ArrayList
instanceKlass java/util/Collections$EmptyList
instanceKlass java/util/ArrayList
ciInstanceKlass java/util/AbstractList 1 1 218 10 7 12 1 1 1 9 7 12 1 1 1 10 12 1 1 10 12 1 1 100 1 10 10 12 1 1 11 7 12 1 1 1 11 12 1 1 11 12 1 10 100 12 1 1 1 10 12 1 11 12 1 11 12 1 11 12 1 10 12 1 1 10 12 1 1 11 100 12 1 1 1 11 100 1 11 7 1 10 12 1 7 1 10 12 1 10 12 1 1 7 1 7 1 10 12 1 7 1 10 100 1 100 1 10 8 1 10 12 1 1 10 12 1 10 12 1 1 10 12 1 8 1 100 1 8 1 8 1 8 1 10 100 1 11 10 10 12 1 11 12 1 10 12 1 1 8 1 8 1 1 1 1 1 1 1 1 1 1 1 1 1 1 1 1 1 1 1 1 1 1 1 1 1 1 1 1 1 1 1 1 1 1 1 1 1 1 1 1 1 1 1 1 1 1 1 1 1 1 1 1 1 1 1 1 1 1 100 1 100 1 1 1 1 1 1 1
ciMethod java/util/AbstractList iterator ()Ljava/util/Iterator; 768 0 5208 0 0
ciMethod java/util/AbstractList get (I)Ljava/lang/Object; 0 0 1 0 -1
ciInstanceKlass java/lang/AssertionStatusDirectives 0 0 24 10 100 12 1 1 1 100 1 1 1 1 1 1 1 1 1 1 1 1 1 1 1 1
ciInstanceKlass java/lang/invoke/MethodHandleNatives$CallSiteContext 1 1 49 10 7 12 1 1 1 7 1 10 10 7 12 1 1 1 10 7 12 1 1 1 10 7 12 1 1 1 100 1 1 1 1 1 1 1 1 1 1 1 1 1 1 1 1 1 100 1 1
ciInstanceKlass jdk/internal/invoke/NativeEntryPoint 0 0 92 10 100 12 1 1 1 9 100 12 1 1 1 10 100 12 1 1 1 100 1 9 12 1 9 12 1 9 12 1 1 9 12 1 1 9 12 1 1 100 1 8 1 10 12 1 11 100 12 1 1 1 10 12 1 1 10 12 1 11 100 12 1 1 11 12 1 10 12 1 1 10 12 1 1 1 1 1 1 1 1 1 1 1 1 1 1 1 1 1 1 1
instanceKlass java/lang/invoke/VolatileCallSite
instanceKlass java/lang/invoke/MutableCallSite
instanceKlass java/lang/invoke/ConstantCallSite
ciInstanceKlass java/lang/invoke/CallSite 1 1 302 10 7 12 1 1 1 10 7 12 1 1 1 9 7 12 1 1 1 10 12 1 1 9 12 1 1 10 7 12 1 1 1 10 12 1 100 1 10 12 1 1 10 12 1 1 9 100 12 1 1 1 10 100 12 1 1 10 12 1 1 100 1 100 1 10 10 100 12 1 1 1 10 12 1 1 8 1 10 12 1 10 12 1 1 10 12 1 10 12 1 1 10 12 1 1 10 10 100 12 1 1 10 12 1 1 9 12 1 9 100 12 1 1 1 8 1 10 7 12 1 1 1 10 12 1 1 100 1 10 12 1 1 9 12 1 8 1 100 1 10 12 1 10 12 1 100 1 8 1 10 10 12 1 10 12 1 1 100 1 10 12 1 1 10 12 1 10 12 1 10 12 1 1 10 12 1 1 9 12 1 1 8 10 12 1 1 9 12 1 1 100 1 10 10 12 1 10 100 12 1 1 1 10 12 1 1 10 12 1 1 10 12 1 10 7 12 1 1 1 100 1 8 1 10 10 12 10 12 1 1 100 1 100 1 100 1 8 1 10 12 1 10 7 12 1 1 1 1 1 1 1 1 1 1 1 1 1 1 1 1 1 1 1 1 1 1 1 1 1 1 1 1 1 1 1 1 1 1 1 1 1 1 1 1 1 1 1 1 1 1 1 1 1 1 1 1 1 1 1 1 1
staticfield java/lang/invoke/CallSite $assertionsDisabled Z 1
ciInstanceKlass java/lang/invoke/VolatileCallSite 0 0 37 10 100 12 1 1 1 10 12 1 10 100 12 1 1 1 10 12 1 10 12 1 1 1 1 1 1 1 1 1 1 1 1 1 1 1 1
ciInstanceKlass java/lang/invoke/MethodType 1 1 771 7 1 10 7 12 1 1 1 9 12 1 1 9 12 1 1 9 12 1 1 10 7 12 1 1 1 9 7 12 1 1 8 1 10 100 12 1 1 1 9 7 1 9 7 1 10 12 1 1 100 1 10 8 1 10 12 1 1 10 12 1 10 12 1 1 100 1 8 1 10 12 1 100 1 10 10 12 1 10 12 1 1 10 12 1 1 11 7 12 1 1 1 9 12 1 11 12 1 1 7 7 1 10 7 12 1 1 1 10 12 1 9 12 1 1 10 7 12 1 1 10 12 1 1 10 7 12 1 1 1 10 7 12 1 1 1 10 12 1 9 12 1 1 10 12 1 1 100 1 10 12 1 1 10 12 1 1 10 12 1 1 10 12 1 1 10 12 1 1 10 12 1 10 12 1 10 12 1 1 10 12 1 8 1 8 1 10 12 1 1 9 12 1 1 100 1 10 10 12 1 1 10 12 1 10 12 1 1 10 12 1 1 10 12 1 10 12 1 1 10 12 1 8 1 10 12 1 1 10 100 12 1 1 1 10 12 1 10 12 1 1 10 12 1 10 12 1 10 12 1 1 10 12 1 10 12 1 9 12 1 10 12 1 10 10 12 1 1 10 12 1 9 12 1 1 10 12 1 1 10 12 1 1 10 12 1 1 10 12 1 1 7 1 10 12 10 12 1 10 12 1 100 1 8 1 8 1 8 1 10 12 1 10 12 1 10 12 1 10 11 12 1 1 11 12 1 10 100 12 1 1 1 9 12 1 10 12 1 10 12 1 1 10 12 1 1 10 12 1 10 12 1 10 100 12 1 1 1 10 12 1 1 10 12 1 10 12 1 10 12 1 10 9 12 1 1 7 1 10 12 1 10 12 1 1 9 100 12 1 1 1 10 100 12 1 1 1 10 100 12 1 1 1 10 12 1 1 10 100 12 1 1 1 10 12 1 1 8 1 10 7 12 1 1 1 11 12 1 1 9 12 1 1 10 12 1 1 10 12 1 10 12 1 1 10 12 1 1 10 100 12 1 1 100 1 10 12 1 1 11 100 12 1 1 1 18 12 1 1 11 12 1 1 18 12 1 11 12 1 100 1 11 100 12 1 1 10 12 1 100 1 10 12 1 10 100 12 1 1 10 12 1 1 9 12 1 1 9 100 12 1 1 1 10 100 12 1 1 1 9 12 1 10 100 12 1 1 10 12 1 100 10 12 1 1 10 12 1 10 7 1 7 1 9 12 1 1 100 1 100 1 100 1 1 1 5 0 1 1 1 1 1 1 1 3 1 3 1 3 1 1 1 1 1 1 1 1 1 1 1 1 1 1 1 1 1 1 1 1 1 1 1 1 1 1 1 1 1 1 1 1 1 1 1 1 1 1 1 1 1 1 1 1 1 1 1 1 1 1 1 1 1 1 1 1 1 1 1 1 1 1 1 1 1 1 1 1 1 1 1 1 1 1 1 1 1 1 1 1 1 1 1 1 1 1 1 1 1 1 1 1 1 1 1 1 1 1 1 1 1 1 1 1 1 1 1 1 1 1 1 1 1 1 1 1 1 1 1 1 1 1 1 1 1 1 1 100 1 100 1 1 1 1 1 1 1 1 1 1 1 1 1 100 1 1 1 100 1 1 1 1 1 1 1 1 1 1 1 1 1 1 1 1 1 1 1 1 1 15 10 100 12 1 1 1 16 15 10 12 16 16 15 10 12 16 1 1 1 1 100 1 1 100 1 1 100 1 100 1 1
staticfield java/lang/invoke/MethodType internTable Ljava/lang/invoke/MethodType$ConcurrentWeakInternSet; java/lang/invoke/MethodType$ConcurrentWeakInternSet
staticfield java/lang/invoke/MethodType NO_PTYPES [Ljava/lang/Class; 0 [Ljava/lang/Class;
staticfield java/lang/invoke/MethodType objectOnlyTypes [Ljava/lang/invoke/MethodType; 20 [Ljava/lang/invoke/MethodType;
staticfield java/lang/invoke/MethodType METHOD_HANDLE_ARRAY [Ljava/lang/Class; 1 [Ljava/lang/Class;
staticfield java/lang/invoke/MethodType serialPersistentFields [Ljava/io/ObjectStreamField; 0 [Ljava/io/ObjectStreamField;
staticfield java/lang/invoke/MethodType $assertionsDisabled Z 1
ciInstanceKlass java/lang/BootstrapMethodError 0 0 45 10 100 12 1 1 1 10 12 1 10 12 1 10 100 12 1 1 1 10 100 12 1 1 1 1 1 1 5 0 1 1 1 1 1 1 1 1 1 1 1 100 1 1 1
ciInstanceKlass jdk/internal/loader/ClassLoaders$AppClassLoader 1 1 119 8 1 10 7 12 1 1 1 10 7 12 1 1 1 10 100 12 1 1 1 10 12 1 1 10 100 12 1 1 1 10 12 1 1 10 12 1 1 7 1 8 1 10 12 10 7 12 1 1 1 10 100 12 1 1 10 12 1 1 10 12 1 1 10 7 12 1 1 1 100 1 10 12 1 1 1 1 1 1 1 1 1 1 1 1 1 1 1 1 1 1 1 1 1 100 1 1 1 1 1 1 1 1 1 1 1 1 1 1 1 1 1 1 1 100 1 1 1
ciInstanceKlass jdk/internal/loader/ClassLoaders$PlatformClassLoader 1 1 42 8 1 10 7 12 1 1 1 10 7 12 1 1 1 100 1 10 12 1 100 1 1 1 1 1 1 1 1 1 1 1 1 1 1 100 1 1 1 100 1 1
ciInstanceKlass java/lang/ArrayStoreException 1 1 26 10 100 12 1 1 1 10 12 1 100 1 1 1 1 5 0 1 1 1 1 1 1 1 1 1
ciInstanceKlass java/lang/ClassCastException 1 1 26 10 100 12 1 1 1 10 12 1 100 1 1 1 1 5 0 1 1 1 1 1 1 1 1 1
ciInstanceKlass java/lang/NoClassDefFoundError 0 0 26 10 100 12 1 1 1 10 12 1 100 1 1 1 1 5 0 1 1 1 1 1 1 1 1 1
ciInstanceKlass java/lang/IllegalMonitorStateException 1 1 26 10 100 12 1 1 1 10 12 1 100 1 1 1 1 5 0 1 1 1 1 1 1 1 1 1
ciInstanceKlass java/lang/StackOverflowError 1 1 26 10 100 12 1 1 1 10 12 1 100 1 1 1 1 5 0 1 1 1 1 1 1 1 1 1
instanceKlass java/lang/StackOverflowError
instanceKlass java/lang/OutOfMemoryError
instanceKlass java/lang/InternalError
ciInstanceKlass java/lang/VirtualMachineError 1 1 34 10 100 12 1 1 1 10 12 1 10 12 1 10 12 1 100 1 1 1 1 5 0 1 1 1 1 1 1 1 1 1 1 1
ciInstanceKlass java/lang/OutOfMemoryError 1 1 26 10 100 12 1 1 1 10 12 1 100 1 1 1 1 5 0 1 1 1 1 1 1 1 1 1
ciInstanceKlass java/lang/InternalError 0 0 34 10 100 12 1 1 1 10 12 1 10 12 1 10 12 1 100 1 1 1 1 5 0 1 1 1 1 1 1 1 1 1 1 1
ciInstanceKlass java/lang/StackTraceElement 0 0 224 10 100 12 1 1 1 10 100 12 1 1 9 12 1 1 9 12 1 1 9 12 1 9 12 1 8 1 10 100 12 1 1 1 100 1 9 12 1 8 1 9 12 1 9 12 1 9 12 1 1 8 1 10 12 1 1 10 12 1 100 1 10 10 12 1 1 8 1 10 12 1 1 10 12 1 8 1 8 1 8 1 10 12 1 8 1 8 1 10 12 1 8 1 8 1 10 12 1 1 10 12 1 10 12 1 1 10 12 1 9 12 1 1 10 100 12 1 1 1 10 12 1 1 100 1 10 12 1 1 10 100 12 1 1 10 100 12 1 1 1 10 100 12 1 1 10 100 12 1 1 10 10 12 1 1 10 12 1 10 12 1 1 100 1 1 1 1 1 3 1 3 1 1 5 0 1 1 1 1 1 1 1 1 1 1 1 1 1 1 1 1 1 1 1 1 1 1 1 1 1 1 100 1 100 1 1 1 1 1 1 1 1 1 1 100 1 1 1 1 1 1 1 1
instanceKlass java/nio/CharBuffer
instanceKlass java/nio/IntBuffer
instanceKlass java/nio/LongBuffer
instanceKlass java/nio/ByteBuffer
ciInstanceKlass java/nio/Buffer 1 1 224 100 1 10 7 12 1 1 1 9 7 12 1 1 1 9 12 1 9 12 1 1 9 12 1 9 12 1 1 10 12 1 1 10 12 1 1 10 12 100 1 100 1 10 8 1 10 12 1 1 10 12 1 8 1 8 1 10 12 1 1 10 12 1 8 1 9 12 1 1 100 1 8 1 10 12 1 8 1 8 1 9 12 10 12 1 8 1 8 1 8 1 10 12 1 8 1 8 1 8 1 100 1 10 100 1 10 100 1 10 100 1 10 10 100 12 1 1 1 10 11 100 12 1 1 10 7 12 1 1 1 10 7 12 1 1 1 9 12 1 1 10 7 12 1 1 1 9 12 1 1 7 1 10 10 7 12 1 1 1 1 1 3 1 1 1 1 1 1 1 1 1 1 1 1 1 1 1 1 1 1 100 1 1 1 1 1 1 1 1 1 1 1 1 1 1 1 1 1 1 1 1 1 1 1 1 1 1 1 1 1 1 1 1 1 1 1 1 1 1 1 1 1 1
staticfield java/nio/Buffer UNSAFE Ljdk/internal/misc/Unsafe; jdk/internal/misc/Unsafe
staticfield java/nio/Buffer SCOPED_MEMORY_ACCESS Ljdk/internal/misc/ScopedMemoryAccess; jdk/internal/misc/ScopedMemoryAccess
staticfield java/nio/Buffer $assertionsDisabled Z 1
ciInstanceKlass java/math/BigInteger 1 1 1502 7 1 10 7 12 1 1 1 100 1 8 1 10 12 1 10 100 12 1 1 1 10 7 12 1 1 1 9 12 1 1 9 12 1 1 10 12 1 3 10 12 1 10 12 1 10 12 1 10 12 1 8 1 8 1 10 12 1 10 12 1 10 7 12 1 1 1 7 1 8 1 10 12 1 1 8 1 10 12 1 1 10 12 1 1 9 12 1 1 9 12 1 1 5 0 5 0 10 12 1 9 12 1 10 12 1 1 10 12 1 1 8 1 9 12 1 10 12 1 1 10 12 1 10 12 1 5 0 10 12 1 10 12 1 1 10 100 12 1 1 1 100 1 8 1 10 5 0 5 0 10 100 12 1 1 1 100 1 8 1 10 10 12 1 1 10 12 1 10 12 1 10 12 1 9 12 1 10 12 1 1 10 12 1 1 5 0 5 0 5 0 5 0 5 0 5 0 5 0 5 0 5 0 5 0 10 12 1 1 10 12 1 10 12 1 1 10 12 1 100 1 10 12 1 10 12 1 1 10 12 1 10 12 1 1 10 12 1 7 1 10 8 1 10 12 1 1 10 12 1 10 12 1 1 9 12 1 10 12 1 1 9 12 1 10 12 1 1 10 12 1 3 8 1 3 10 7 12 1 1 1 10 12 1 10 12 1 1 10 12 1 1 10 12 1 10 12 1 1 10 12 1 10 12 1 9 12 1 1 100 1 10 10 12 1 10 12 1 1 10 12 1 10 12 1 10 100 12 1 1 1 10 12 1 1 10 12 1 1 8 1 5 0 9 12 1 1 5 0 9 12 1 10 12 1 10 12 1 10 12 1 10 12 1 10 12 10 7 12 1 1 10 12 1 10 12 1 10 12 10 12 10 12 1 10 100 12 1 1 1 10 12 1 10 12 1 10 12 1 1 10 12 1 1 10 12 1 10 12 1 5 0 10 12 1 10 12 1 10 12 1 10 12 1 1 10 12 1 1 100 1 5 0 10 12 1 10 12 1 10 12 1 1 100 1 10 12 1 10 12 1 10 12 1 10 12 1 10 12 10 12 1 1 10 12 1 10 12 5 0 5 0 10 12 1 10 12 1 1 10 12 1 5 0 10 12 1 10 12 1 1 10 12 1 1 8 1 10 12 1 8 1 8 1 10 12 1 1 10 12 1 1 10 12 1 10 12 1 10 12 1 7 1 10 10 10 12 1 10 12 1 10 12 1 1 10 12 1 10 12 1 10 12 1 10 12 1 10 12 1 10 12 10 12 1 8 1 5 0 9 12 1 5 0 5 0 5 0 8 1 10 12 1 1 10 12 10 12 10 12 1 1 10 12 1 10 12 1 10 12 1 10 12 1 10 12 1 1 10 12 1 8 1 10 12 1 10 12 1 1 10 12 1 3 10 12 1 10 12 1 10 12 1 10 12 1 1 10 12 1 1 10 12 1 10 12 1 1 10 12 1 1 8 1 8 1 10 100 12 1 1 3 9 12 1 10 12 1 10 12 1 10 12 1 10 12 1 1 10 12 1 10 12 1 10 12 1 3 10 12 1 10 12 1 1 10 12 1 10 12 1 10 12 1 8 1 8 1 8 1 8 1 10 12 1 10 12 1 10 12 1 10 12 1 10 12 1 10 12 1 10 12 1 8 1 9 12 1 9 12 1 9 12 1 8 1 9 12 1 1 9 12 1 1 10 12 1 1 10 10 12 1 10 12 1 9 12 1 9 12 1 1 10 12 1 10 12 1 1 9 12 1 10 12 1 9 12 1 10 12 10 12 1 1 10 12 1 10 12 1 1 10 12 1 1 10 12 1 9 12 1 1 10 12 1 7 10 12 1 10 100 10 12 1 100 1 4 4 100 1 3 10 12 1 1 100 1 6 0 6 0 100 1 5 0 10 12 1 1 10 12 1 10 12 1 9 12 1 10 100 12 1 1 1 8 10 100 12 1 1 8 1 10 12 1 1 8 1 100 1 10 8 1 10 12 1 7 1 10 8 1 8 1 8 1 10 100 12 1 1 1 100 1 8 1 10 10 100 12 1 1 1 10 100 12 1 1 10 12 1 1 10 12 1 8 8 8 1 8 1 10 12 1 8 1 8 1 100 1 10 12 1 1 8 1 100 1 10 12 1 1 8 1 10 7 12 1 1 5 0 5 0 5 0 5 0 5 0 5 0 5 0 5 0 5 0 5 0 5 0 5 0 5 0 5 0 5 0 5 0 5 0 5 0 5 0 5 0 5 0 5 0 5 0 5 0 5 0 5 0 5 0 5 0 5 0 5 0 5 0 5 0 5 0 5 0 5 0 5 0 6 0 5 0 5 0 5 0 9 12 1 3 10 12 1 5 0 5 0 5 0 5 0 5 0 5 0 5 0 5 0 5 0 5 0 5 0 5 0 5 0 5 0 5 0 5 0 5 0 5 0 5 0 5 0 5 0 5 0 5 0 5 0 5 0 5 0 5 0 5 0 5 0 5 0 3 3 3 3 3 3 3 3 3 3 3 3 3 3 3 3 3 3 3 3 3 3 3 3 3 3 3 3 3 3 3 7 1 9 12 1 1 10 12 1 9 12 1 1 100 1 1 1 1 1 1 3 1 3 1 3 1 3 1 3 1 1 3 1 3 1 1 3 1 3 1 3 1 3 1 1 1 5 0 1 1 1 1 1 1 1 1 1 1 1 1 1 1 1 1 1 1 1 1 1 1 1 100 1 1 1 1 1 1 1 1 1 1 1 1 1 1 1 1 1 100 1 1 1 1 1 1 1 1 1 1 1 1 1 1 1 1 1 1 1 1 1 1 1 1 1 1 1 1 1 1 1 1 1 1 1 1 1 1 1 1 1 1 1 1 1 1 1 1 1 1 1 1 1 1 1 1 1 1 1 1 1 1 1 1 1 1 1 1 1 1 1 1 1 1 1 1 1 1 1 1 1 1 1 1 1 1 1 1 1 1 1 1 1 1 1 1 1 1 1 1 1 1 1 1 1 1 1 100 1 1 1 1 1 1 1 1 1 1 1 1 1 1 1 1 1 1 1 1 1 1 1 1 1 1 1 1 1 1 1 1 1 1 1 1 1 1 1 1 1 1 1 1 1 1 1 1 1 100 1 1 1 1 1 1 1 1 1 1 1 1 1 1 1 1 1 1 1 1 1 1 1 1 1 1 1 1 1 1 1 1 1 1 1 1 1 1 1 1 1 1 1 1 1 1 1 1 1 1 1 1 1 1 1 1 1 1 1 1 100 1 1 1 1 1 1 1 1 1 1 1 1 1 1 1 1 1 1 1 1 1 1 1 1 1 1 1 1 1 1 1 1 1 1 1 1 1 1 1 100 1 100 1 1 100 1 1 1 1 1 1 1 1 1 1 1 1 1 1 1 1 1 1 1 1 1
staticfield java/math/BigInteger SMALL_PRIME_PRODUCT Ljava/math/BigInteger; java/math/BigInteger
staticfield java/math/BigInteger posConst [Ljava/math/BigInteger; 17 [Ljava/math/BigInteger;
staticfield java/math/BigInteger negConst [Ljava/math/BigInteger; 17 [Ljava/math/BigInteger;
staticfield java/math/BigInteger logCache [D 37
staticfield java/math/BigInteger LOG_TWO D 4604418534313441775
staticfield java/math/BigInteger ZERO Ljava/math/BigInteger; java/math/BigInteger
staticfield java/math/BigInteger ONE Ljava/math/BigInteger; java/math/BigInteger
staticfield java/math/BigInteger TWO Ljava/math/BigInteger; java/math/BigInteger
staticfield java/math/BigInteger NEGATIVE_ONE Ljava/math/BigInteger; java/math/BigInteger
staticfield java/math/BigInteger TEN Ljava/math/BigInteger; java/math/BigInteger
staticfield java/math/BigInteger ZEROS Ljava/lang/String; "000000000000000000000000000000000000000000000000000000000000000"staticfield java/math/BigInteger serialPersistentFields [Ljava/io/ObjectStreamField; 6 [Ljava/io/ObjectStreamField;
staticfield java/math/BigInteger $assertionsDisabled Z 1
ciMethod java/math/BigInteger equals (Ljava/lang/Object;)Z 412 0 775 0 -1
ciMethod java/math/BigInteger compareTo (Ljava/math/BigInteger;)I 766 0 3173 0 0
ciMethod java/math/BigInteger compareMagnitude (Ljava/math/BigInteger;)I 768 4 3173 0 0
ciInstanceKlass jdk/internal/misc/UnsafeConstants 1 1 34 10 100 12 1 1 1 9 7 12 1 1 1 9 12 1 9 12 1 1 9 12 1 9 12 1 1 1 1 1 1 1 1 1
staticfield jdk/internal/misc/UnsafeConstants ADDRESS_SIZE0 I 8
staticfield jdk/internal/misc/UnsafeConstants PAGE_SIZE I 4096
staticfield jdk/internal/misc/UnsafeConstants BIG_ENDIAN Z 0
staticfield jdk/internal/misc/UnsafeConstants UNALIGNED_ACCESS Z 1
staticfield jdk/internal/misc/UnsafeConstants DATA_CACHE_LINE_FLUSH_SIZE I 0
instanceKlass java/lang/invoke/DelegatingMethodHandle
instanceKlass java/lang/invoke/BoundMethodHandle
instanceKlass java/lang/invoke/DirectMethodHandle
ciInstanceKlass java/lang/invoke/MethodHandle 1 1 641 100 1 9 7 12 1 1 1 10 7 12 1 1 1 10 7 12 1 1 1 7 1 7 1 10 12 1 1 9 12 1 1 10 12 1 10 12 1 1 10 12 1 1 10 100 12 1 1 1 10 12 1 1 10 12 1 1 11 100 12 1 1 1 10 12 1 1 10 12 1 10 12 1 9 12 1 1 10 12 1 1 100 1 100 1 10 8 1 10 12 1 1 10 12 1 8 1 10 12 1 1 10 12 1 10 7 12 1 1 1 10 12 1 10 12 1 1 10 12 1 1 10 12 1 1 10 12 1 1 10 7 12 1 1 1 10 100 12 1 1 1 7 1 10 12 1 1 10 12 1 1 10 12 1 1 8 1 10 7 12 1 1 1 8 1 10 12 1 1 10 12 1 1 10 12 1 1 10 12 1 8 1 10 12 1 1 8 1 10 12 1 8 1 10 100 12 1 1 1 9 12 1 1 100 1 10 9 100 12 1 1 1 9 100 1 8 1 10 12 1 1 10 12 1 10 12 1 1 10 12 1 10 12 1 1 10 12 1 10 12 1 1 10 12 1 10 12 1 1 10 12 1 1 8 1 10 12 1 1 8 1 10 12 1 10 12 1 1 10 12 1 10 12 1 10 12 1 1 9 100 12 1 1 1 10 12 1 1 11 12 1 10 12 1 10 12 1 1 10 100 12 1 1 1 100 1 11 12 1 10 100 1 11 12 1 100 1 10 12 1 11 12 1 9 100 12 1 1 1 11 12 1 1 11 100 12 1 1 1 10 12 1 1 9 12 1 11 12 1 9 12 1 9 12 1 9 12 1 11 12 1 1 9 12 1 9 12 1 9 12 1 9 12 1 9 12 1 9 12 1 9 12 1 8 1 10 12 1 10 12 1 8 1 10 12 1 10 12 1 10 10 7 12 1 1 10 12 1 1 100 1 8 1 10 12 1 1 10 12 1 1 10 12 1 10 12 1 100 1 10 100 12 1 1 1 10 12 1 9 7 12 1 1 1 10 12 1 1 10 12 1 1 8 1 9 12 1 9 12 1 1 9 12 1 1 10 12 1 7 1 10 12 1 10 12 1 1 9 12 1 1 9 12 1 1 10 7 12 1 1 1 11 7 12 1 1 9 12 1 10 12 1 1 9 12 1 10 12 1 8 10 12 1 1 8 1 1 1 1 1 1 100 1 1 1 1 1 1 1 1 1 1 1 1 1 1 1 1 1 1 1 1 1 1 1 1 1 1 1 1 1 1 1 1 1 1 1 1 1 1 1 1 1 1 1 1 1 1 1 1 1 1 1 1 1 1 1 1 1 1 1 1 1 1 1 1 1 1 1 1 1 100 1 1 1 1 1 1 1 1 1 100 1 1 1 1 1 1 1 1 1 1 1 1 1 1 1 1 1 1 1 1 1 1 1 1 1 1 1 100 1 1 100 1 1 100 1 1 1 1
staticfield java/lang/invoke/MethodHandle FORM_OFFSET J 20
staticfield java/lang/invoke/MethodHandle UPDATE_OFFSET J 13
staticfield java/lang/invoke/MethodHandle $assertionsDisabled Z 1
instanceKlass java/lang/ProcessEnvironment
instanceKlass java/util/LinkedHashMap
ciInstanceKlass java/util/HashMap 1 1 610 10 7 12 1 1 1 100 1 10 12 1 1 100 1 10 7 12 1 1 1 100 1 11 12 1 1 11 12 1 11 12 1 1 10 7 12 1 1 1 7 1 3 10 7 12 1 1 1 100 1 100 1 10 8 1 10 12 1 1 10 12 1 10 12 1 1 10 12 1 10 7 12 1 1 1 8 1 10 12 1 9 12 1 1 10 12 1 9 12 1 1 4 10 12 1 10 12 1 1 11 7 12 1 1 9 12 1 1 4 10 12 1 1 11 12 1 1 11 7 12 1 1 1 11 7 12 1 1 1 11 12 1 1 7 1 11 12 1 11 12 1 10 12 1 10 12 1 1 9 12 10 12 1 1 9 7 12 1 1 1 9 12 9 12 1 10 12 1 1 9 12 1 7 1 10 12 1 1 10 12 1 1 10 12 1 1 10 12 1 1 10 12 1 1 9 12 1 10 12 1 1 3 10 12 1 1 10 12 1 1 9 12 1 1 9 10 12 1 1 10 12 1 1 10 12 1 1 10 12 1 9 12 1 1 7 1 10 12 1 10 12 1 10 7 12 1 1 1 7 1 9 12 1 1 7 1 10 9 12 7 1 10 100 1 10 11 7 12 1 1 1 100 1 10 11 7 12 1 1 11 100 12 1 1 1 10 12 1 100 1 100 1 10 12 1 10 12 1 10 12 1 10 100 12 1 1 10 12 1 1 10 12 1 1 10 100 12 1 1 1 8 10 100 12 1 1 1 100 1 10 4 10 100 12 1 1 1 4 10 12 1 10 100 12 1 1 1 10 12 1 8 1 4 10 100 12 1 1 1 100 1 11 100 12 1 1 1 10 12 1 10 12 1 10 10 12 1 1 100 1 100 1 1 1 1 5 0 1 3 1 1 1 3 1 3 1 3 1 1 1 1 1 1 1 1 1 1 1 1 1 1 1 1 1 1 1 1 1 1 100 1 1 1 1 1 1 1 1 1 1 1 1 1 1 1 1 1 1 1 1 1 1 1 1 1 1 1 1 1 1 1 1 100 1 1 1 1 1 1 1 1 1 1 1 1 1 1 1 1 1 1 1 1 1 1 1 1 1 1 1 1 1 1 1 1 1 1 1 1 1 1 1 1 1 1 1 1 1 1 1 1 1 1 100 1 1 1 1 1 1 1 1 1 1 1 1 1 1 1 1 1 1 1 1 1 1 1 1 1 1 1 1 1 1 1 1 1 1 1 1 1 1 1 1 1 1 1 1 1 1 1 1 100 1 1 1 1 1 1 1 1 100 1 1 1 1 1 1 1 1 1 1 1 1 1 1 100 1 100 1 100 1 100 1 100 1 100 1 100 1 100 1 1 1 1 1 1 1 1 1 1 1 1 1 1 1 1 1 1
ciInstanceKlass java/util/LinkedHashMap 1 1 289 9 7 12 1 1 1 9 12 1 9 7 12 1 1 9 12 1 10 7 12 1 1 1 10 12 1 1 10 12 1 1 9 12 1 1 9 12 1 1 9 12 1 10 12 1 1 100 1 10 10 12 1 1 10 12 1 10 12 1 1 9 12 1 1 9 12 1 10 100 12 1 1 1 10 12 1 10 12 1 10 12 10 12 1 1 10 100 12 1 1 1 10 12 1 1 10 12 1 1 9 7 1 10 12 1 9 12 1 1 7 1 10 12 1 9 12 1 1 7 1 10 9 12 1 7 1 10 100 1 10 11 100 12 1 1 1 100 1 10 11 100 12 1 1 1 100 1 1 1 1 5 0 1 1 1 1 1 1 1 1 1 1 1 1 1 1 1 1 1 1 1 1 1 1 1 1 1 1 1 1 1 1 1 1 1 1 1 1 1 1 1 1 1 1 1 1 1 1 1 1 1 1 1 100 1 1 1 1 1 1 1 1 1 1 1 1 1 1 1 1 1 1 1 1 1 1 1 1 1 100 1 1 1 1 1 1 1 1 100 1 1 1 1 1 100 1 1 1 1 1 1 1 1 1 1 1 1 1 1 1 1 1 1 1 1 1 1 100 1 100 1 100 1 100 1 1 1 1 1 100 1 1 1 1 1 1 1 1
ciMethod java/util/HashMap get (Ljava/lang/Object;)Ljava/lang/Object; 1024 0 50668 0 576
ciMethod java/util/HashMap put (Ljava/lang/Object;Ljava/lang/Object;)Ljava/lang/Object; 1024 0 23042 0 2080
ciMethod java/util/HashMap newNode (ILjava/lang/Object;Ljava/lang/Object;Ljava/util/HashMap$Node;)Ljava/util/HashMap$Node; 550 0 5395 0 224
ciMethod java/util/HashMap afterNodeAccess (Ljava/util/HashMap$Node;)V 36 0 199 0 0
ciMethod java/util/HashMap afterNodeInsertion (Z)V 598 0 1326 0 64
instanceKlass java/lang/invoke/DirectMethodHandle$Special
instanceKlass java/lang/invoke/DirectMethodHandle$Interface
instanceKlass java/lang/invoke/DirectMethodHandle$Constructor
instanceKlass java/lang/invoke/DirectMethodHandle$Accessor
ciInstanceKlass java/lang/invoke/DirectMethodHandle 1 1 940 7 1 7 1 100 1 7 1 7 1 10 7 12 1 1 1 10 7 12 1 1 1 100 1 10 12 1 10 12 1 1 10 7 12 1 1 10 12 1 1 10 12 1 10 12 1 7 1 10 12 1 1 10 12 1 1 10 12 1 10 12 1 1 10 7 12 1 1 1 10 12 1 9 12 1 1 100 1 10 9 12 1 1 9 12 1 10 12 1 10 12 1 10 12 1 1 10 12 1 10 12 1 10 12 1 10 7 12 1 1 1 10 12 1 10 12 1 1 8 1 10 12 1 1 7 1 10 12 1 7 1 10 10 12 1 10 12 1 10 12 1 10 7 12 1 1 1 10 12 1 1 100 1 10 12 1 10 12 1 7 1 10 12 1 10 12 1 1 10 12 1 1 10 12 1 8 10 100 12 1 1 1 10 12 1 10 12 1 10 12 1 1 10 12 1 9 7 12 1 1 1 7 1 10 12 1 10 7 12 1 1 1 10 12 1 10 12 1 1 9 12 1 1 100 1 10 8 1 10 12 1 1 10 12 1 10 12 1 10 10 12 1 10 12 1 10 12 1 10 12 1 10 12 1 1 10 12 1 10 12 1 1 10 12 1 10 12 1 1 10 10 7 12 1 1 1 10 12 1 10 12 1 1 10 12 1 10 12 1 1 8 1 9 7 12 1 1 1 8 1 9 12 1 9 12 1 8 1 9 12 1 9 12 1 8 1 9 12 1 9 12 1 8 1 10 12 1 10 12 1 1 9 12 1 1 7 1 10 12 1 1 100 1 10 7 12 1 1 1 10 12 1 1 10 12 1 10 12 1 1 7 1 10 12 1 1 10 12 1 10 12 1 1 7 1 10 12 1 1 10 7 12 1 1 1 10 12 1 10 12 1 10 12 1 9 12 1 1 10 7 1 9 12 9 12 1 10 7 12 1 1 1 10 12 1 7 1 7 1 7 1 9 12 1 1 10 7 12 1 10 12 1 1 10 12 1 100 1 10 12 1 10 12 1 1 9 100 12 1 1 1 10 12 1 1 100 1 10 100 12 1 1 1 10 12 1 10 12 1 8 1 9 12 1 9 12 1 10 12 1 9 12 1 1 10 100 12 1 1 1 9 12 1 1 9 12 1 1 10 12 1 10 12 1 10 12 1 10 12 1 10 12 1 1 10 12 1 10 7 12 1 1 9 12 1 10 12 1 10 12 1 10 12 1 10 12 1 1 10 12 1 1 9 12 1 1 10 12 1 1 9 7 12 1 1 1 9 12 1 9 12 1 9 12 1 9 12 1 9 12 1 9 12 1 9 12 1 9 12 1 9 12 1 9 12 1 9 12 1 9 12 1 9 12 1 9 12 1 9 12 1 9 12 1 9 12 1 9 12 1 9 12 1 9 12 1 9 12 1 9 12 1 9 12 1 9 12 1 9 12 1 9 12 1 9 12 1 9 12 1 9 12 1 9 12 1 9 12 1 9 12 1 9 12 1 9 12 1 9 12 1 9 12 1 8 1 9 12 1 1 9 12 1 1 10 12 1 10 12 1 1 9 7 1 10 12 1 9 12 1 1 10 12 10 12 1 10 12 1 10 12 1 10 8 1 8 1 8 1 8 1 10 12 1 1 9 12 1 1 10 12 1 10 100 12 1 1 1 8 9 12 1 1 10 12 1 1 8 1 8 8 9 12 1 8 1 8 8 8 8 8 1 8 10 12 1 10 12 1 8 1 8 1 10 12 1 10 12 1 10 12 1 10 12 1 1 7 1 1 1 1 3 1 3 1 3 1 3 1 3 1 3 1 3 1 3 1 3 1 3 1 1 1 1 1 1 1 1 1 1 3 1 3 1 1 1 1 3 1 1 1 1 1 1 1 1 1 1 1 1 1 1 1 1 1 1 1 1 1 1 1 1 1 1 1 1 1 1 1 1 1 1 1 1 1 1 1 1 1 1 1 1 1 1 1 1 1 1 1 1 1 1 1 1 100 1 1 1 1 1 1 1 1 1 1 1 1 100 1 1 1 1 1 1 1 1 1 1 1 1 1 1 1 1 1 1 1 1 1 1 1 1 1 1 1 1 1 1 1 1 1 1 1 1 1 1 1 1 1 1 1 1 1 1 1 1 1 1 1
staticfield java/lang/invoke/DirectMethodHandle IMPL_NAMES Ljava/lang/invoke/MemberName$Factory; java/lang/invoke/MemberName$Factory
staticfield java/lang/invoke/DirectMethodHandle FT_UNCHECKED_REF I 8
staticfield java/lang/invoke/DirectMethodHandle ACCESSOR_FORMS [Ljava/lang/invoke/LambdaForm; 132 [Ljava/lang/invoke/LambdaForm;
staticfield java/lang/invoke/DirectMethodHandle ALL_WRAPPERS [Lsun/invoke/util/Wrapper; 10 [Lsun/invoke/util/Wrapper;
staticfield java/lang/invoke/DirectMethodHandle NFS [Ljava/lang/invoke/LambdaForm$NamedFunction; 12 [Ljava/lang/invoke/LambdaForm$NamedFunction;
staticfield java/lang/invoke/DirectMethodHandle OBJ_OBJ_TYPE Ljava/lang/invoke/MethodType; java/lang/invoke/MethodType
staticfield java/lang/invoke/DirectMethodHandle LONG_OBJ_TYPE Ljava/lang/invoke/MethodType; java/lang/invoke/MethodType
staticfield java/lang/invoke/DirectMethodHandle $assertionsDisabled Z 1
ciInstanceKlass java/lang/Void 1 1 31 10 100 12 1 1 1 8 1 10 7 12 1 1 1 9 7 12 1 1 1 1 1 1 1 1 1 1 1 1 1
staticfield java/lang/Void TYPE Ljava/lang/Class; java/lang/Class
ciInstanceKlass java/lang/invoke/LambdaForm 1 1 1052 100 1 9 7 12 1 1 1 10 7 12 1 1 1 10 7 12 1 1 9 12 1 1 9 12 1 1 10 12 1 1 100 1 10 9 12 1 10 12 1 1 9 12 1 10 7 12 1 1 1 9 12 1 9 12 1 9 12 1 1 9 12 1 10 12 1 1 7 1 10 12 1 10 100 12 1 1 1 10 100 12 1 1 1 10 12 1 10 12 1 1 9 100 12 1 1 1 10 12 1 1 9 12 1 10 12 1 1 10 12 1 10 12 1 1 10 12 1 1 10 100 12 1 1 1 7 1 10 10 12 1 1 8 1 10 12 1 10 12 1 10 12 1 1 7 1 10 7 12 1 1 1 10 12 1 1 10 12 1 10 12 1 1 9 12 1 1 9 12 1 9 12 1 1 10 12 1 9 12 1 10 100 12 1 1 1 10 12 1 1 10 12 1 9 12 1 1 10 100 12 1 1 1 10 12 1 10 12 1 10 12 1 10 12 1 10 12 1 10 12 1 1 10 12 1 10 12 1 1 8 1 10 12 1 10 12 1 8 1 8 1 9 12 1 9 12 1 9 12 1 1 10 12 1 1 10 12 1 9 12 1 10 12 1 1 10 7 12 1 1 1 10 12 1 1 10 12 1 10 12 1 10 12 1 1 9 12 1 10 12 1 8 1 8 1 8 1 8 1 8 1 8 1 8 1 8 1 10 12 1 9 12 1 7 1 10 12 1 1 9 12 1 10 12 1 10 12 1 1 10 12 10 12 1 10 12 1 1 10 12 1 1 10 10 12 1 1 10 12 1 1 7 1 8 1 10 12 1 1 10 12 1 10 12 1 1 10 8 1 10 12 1 1 8 1 8 1 8 1 10 12 1 9 12 1 1 10 12 1 1 10 12 1 1 100 1 10 12 1 1 10 12 1 10 7 12 1 1 1 10 12 1 1 9 12 1 1 8 1 10 100 12 1 1 1 10 7 12 1 1 10 12 10 10 12 1 1 9 12 1 8 10 12 1 1 100 1 10 12 1 1 10 12 1 9 7 12 1 1 9 12 1 1 8 1 10 100 12 1 1 10 12 1 1 100 1 100 1 10 10 12 1 1 10 12 1 1 8 1 8 1 100 1 8 1 10 12 10 12 1 10 12 1 10 12 1 1 8 1 8 1 9 100 12 1 1 1 10 12 1 10 12 1 1 8 1 8 1 8 1 100 1 8 1 100 1 8 1 100 1 8 1 10 12 1 8 1 9 10 7 12 1 1 1 10 12 1 9 12 1 1 10 12 1 10 10 12 1 10 12 1 10 12 1 10 12 1 1 10 12 1 10 12 1 1 10 12 1 1 10 12 1 1 8 1 100 10 12 1 10 12 1 9 12 1 1 10 7 12 1 1 8 1 8 1 100 1 8 1 8 1 8 1 8 1 8 1 8 1 8 1 8 1 10 12 1 1 10 12 1 1 10 12 1 10 12 1 8 1 8 1 8 1 10 12 1 8 1 10 12 1 8 1 8 1 8 1 8 1 8 1 10 12 1 10 12 1 10 12 1 1 10 7 12 1 1 1 10 12 1 10 12 1 10 12 1 10 12 1 10 12 1 10 12 1 10 12 1 9 12 1 1 8 1 10 12 1 1 9 12 1 1 10 12 1 1 9 12 1 9 12 1 1 9 12 1 9 12 1 1 7 1 10 7 12 1 1 1 9 12 1 10 12 1 10 12 1 8 1 10 12 1 9 12 1 1 7 1 10 7 12 1 1 1 8 1 100 1 10 12 1 9 12 1 9 12 1 10 12 1 10 12 1 10 7 12 1 1 1 10 12 1 9 7 12 1 1 10 12 1 1 10 12 1 10 12 1 9 12 10 12 1 10 10 12 1 9 9 12 1 7 9 12 1 1 10 12 1 1 9 12 1 10 12 1 10 7 1 9 1 1 1 1 3 1 3 1 3 1 1 1 1 1 1 1 1 1 1 1 1 1 1 1 1 1 1 1 1 1 1 1 1 1 1 1 1 1 1 1 1 1 1 1 1 1 1 1 1 1 1 1 1 1 1 1 1 1 1 1 1 1 1 1 1 100 1 1 1 1 1 1 1 1 1 1 1 1 1 1 1 1 1 1 1 1 1 1 1 1 1 1 1 1 1 1 1 1 1 1 1 1 1 1 1 1 1 1 1 1 1 1 1 1 1 1 1 1 1 1 1 1 1 1 1 100 1 1 1 1 1 1 1 1 1 1 1 1 1 1 1 1 1 1 1 1 1 1 1 1 1 1 1 1 1 1 1 1 1 1 100 1 1 1 1 1 1 1 1 1 1 1 1 1 1 1 1 1 1 1 1 1 1 100 1 1 1 100 1 1 100 1 1 1 1 1 1 1 1 1 1 1
staticfield java/lang/invoke/LambdaForm COMPILE_THRESHOLD I 0
staticfield java/lang/invoke/LambdaForm INTERNED_ARGUMENTS [[Ljava/lang/invoke/LambdaForm$Name; 5 [[Ljava/lang/invoke/LambdaForm$Name;
staticfield java/lang/invoke/LambdaForm IMPL_NAMES Ljava/lang/invoke/MemberName$Factory; java/lang/invoke/MemberName$Factory
staticfield java/lang/invoke/LambdaForm LF_identity [Ljava/lang/invoke/LambdaForm; 6 [Ljava/lang/invoke/LambdaForm;
staticfield java/lang/invoke/LambdaForm LF_zero [Ljava/lang/invoke/LambdaForm; 6 [Ljava/lang/invoke/LambdaForm;
staticfield java/lang/invoke/LambdaForm NF_identity [Ljava/lang/invoke/LambdaForm$NamedFunction; 6 [Ljava/lang/invoke/LambdaForm$NamedFunction;
staticfield java/lang/invoke/LambdaForm NF_zero [Ljava/lang/invoke/LambdaForm$NamedFunction; 6 [Ljava/lang/invoke/LambdaForm$NamedFunction;
staticfield java/lang/invoke/LambdaForm createFormsLock Ljava/lang/Object; java/lang/Object
staticfield java/lang/invoke/LambdaForm DEBUG_NAME_COUNTERS Ljava/util/HashMap; null
staticfield java/lang/invoke/LambdaForm DEBUG_NAMES Ljava/util/HashMap; null
staticfield java/lang/invoke/LambdaForm TRACE_INTERPRETER Z 0
staticfield java/lang/invoke/LambdaForm $assertionsDisabled Z 1
ciInstanceKlass java/lang/invoke/MethodHandleNatives 1 1 684 100 1 10 7 12 1 1 1 9 7 12 1 1 1 10 12 1 1 100 1 10 10 12 1 1 10 12 1 10 12 1 8 1 8 1 8 1 8 1 8 1 8 1 8 1 8 1 8 1 8 1 10 12 1 1 7 1 10 7 12 1 1 1 10 100 12 1 1 1 7 1 10 10 12 1 1 8 1 10 12 1 8 1 10 12 1 1 8 1 10 12 1 1 9 100 12 1 1 1 8 1 10 100 12 1 1 1 100 1 10 12 100 1 100 1 8 1 7 1 10 10 12 1 7 1 9 7 12 1 1 10 12 1 1 10 12 1 10 7 12 1 1 1 7 1 10 12 1 1 10 7 12 1 1 1 10 12 1 10 12 1 1 10 12 1 1 9 12 1 8 1 10 12 1 8 1 10 12 1 8 1 8 1 8 1 100 1 10 12 1 8 1 10 12 1 1 10 12 1 10 100 12 1 1 1 100 1 8 1 10 100 12 1 1 1 7 1 8 1 10 12 1 8 1 8 1 8 1 8 1 8 1 10 12 1 1 10 12 1 1 10 12 1 10 12 1 1 10 12 1 1 7 1 10 12 1 100 1 100 1 10 12 1 10 12 1 8 1 8 1 10 10 12 1 1 10 12 1 1 8 1 10 100 12 1 1 1 8 1 8 1 10 12 1 1 10 7 12 1 1 1 100 1 10 12 1 1 7 1 9 12 1 1 10 7 12 1 1 1 10 10 12 1 9 12 1 10 12 1 1 9 12 1 9 12 1 10 12 1 1 10 12 1 10 12 1 1 7 1 7 1 10 12 1 1 10 12 1 10 12 1 1 10 7 12 1 1 1 10 12 1 8 1 10 12 1 10 12 1 10 12 1 1 10 12 1 10 7 12 1 1 1 10 12 1 1 100 1 8 1 10 9 7 12 1 1 1 10 12 1 1 10 12 1 1 100 1 10 12 1 1 10 12 1 1 100 1 100 1 10 10 100 1 100 1 10 100 1 10 10 12 1 1 10 100 1 10 12 1 10 12 1 10 12 1 1 10 12 1 1 10 12 1 1 10 12 1 10 12 1 1 10 8 1 100 1 10 12 1 10 12 1 10 12 1 10 12 1 10 12 1 1 10 12 1 9 12 1 1 10 7 12 1 1 1 9 12 1 1 11 7 12 1 1 1 10 12 1 10 12 1 10 10 12 1 10 7 12 1 1 1 1 1 1 1 1 1 1 1 1 1 1 1 100 1 1 1 1 1 1 1 1 1 1 1 1 1 1 1 1 1 1 1 1 1 1 1 1 1 1 1 1 1 1 1 1 1 1 1 1 1 1 1 1 1 1 1 1 1 1 1 1 1 1 1 1 1 1 1 1 1 1 1 1 1 1 1 1 1 1 1 1 1 1 1 1 1 1 1 1 1 1 1 1 1 1 1 1 1 1 1 1 1 1 1 1 1 1 1 1 1 1 100 1 1 1 1 1 1 1 1 1 1 1 1 1 1 1 1 1 1 1 1 1 1 1 1 1 1 1 1 100 1 1 1 1 1 1 1 100 1 1 1
staticfield java/lang/invoke/MethodHandleNatives JLA Ljdk/internal/access/JavaLangAccess; java/lang/System$2
staticfield java/lang/invoke/MethodHandleNatives $assertionsDisabled Z 1
ciInstanceKlass jdk/internal/reflect/CallerSensitive 0 0 17 100 1 100 1 100 1 1 1 1 1 1 1 1 1 1 1
ciInstanceKlass jdk/internal/reflect/ConstantPool 1 1 142 10 100 12 1 1 1 9 7 12 1 1 1 10 12 1 1 10 12 1 1 10 12 1 10 12 1 1 10 12 1 1 10 12 1 10 12 1 1 10 12 1 10 12 1 1 10 12 1 10 12 1 10 12 1 10 12 1 1 10 12 1 1 10 12 1 1 10 12 1 1 10 12 1 10 12 1 1 10 100 12 1 1 1 8 11 7 12 1 1 1 10 7 12 1 1 1 1 1 1 1 1 1 1 1 1 1 1 1 1 1 1 1 1 1 1 1 1 1 1 1 1 1 1 1 1 1 1 1 1 1 1 1 1 1 1 1 1 1 1 1 1
instanceKlass jdk/internal/reflect/UnsafeStaticIntegerFieldAccessorImpl
instanceKlass jdk/internal/reflect/UnsafeQualifiedStaticFieldAccessorImpl
ciInstanceKlass jdk/internal/reflect/UnsafeStaticFieldAccessorImpl 1 1 47 10 7 12 1 1 1 9 7 12 1 1 1 10 7 12 1 1 1 9 12 1 1 8 11 7 12 1 1 1 10 7 12 1 1 1 1 1 1 1 1 1 1 1 1 1 1
instanceKlass jdk/internal/reflect/UnsafeFieldAccessorImpl
ciInstanceKlass jdk/internal/reflect/FieldAccessorImpl 1 1 59 10 7 12 1 1 1 100 1 100 1 1 1 1 1 1 1 1 1 100 1 1 1 1 1 1 1 1 1 1 1 1 1 1 1 1 1 1 1 100 1 1 1 1 1 1 1 1 1 1 1 1 1 1 1 1 1 1 1
instanceKlass jdk/internal/reflect/UnsafeStaticFieldAccessorImpl
ciInstanceKlass jdk/internal/reflect/UnsafeFieldAccessorImpl 1 1 254 10 7 12 1 1 1 9 7 12 1 1 1 10 7 12 1 1 1 10 7 12 1 1 1 9 12 1 1 10 7 12 1 1 1 9 12 1 1 10 12 1 10 12 1 9 12 1 10 12 1 1 10 100 12 1 1 10 100 12 1 1 1 10 12 1 1 100 1 10 10 12 1 1 10 12 1 1 8 1 10 10 12 1 100 1 8 1 10 12 1 8 1 10 12 1 8 1 10 12 1 100 1 10 12 1 1 10 8 1 10 12 1 1 8 1 10 100 12 1 1 8 1 10 100 12 1 1 8 1 10 100 12 1 1 8 1 10 100 12 1 1 8 1 10 100 12 1 1 8 1 10 100 12 1 1 8 1 10 100 12 1 1 8 1 10 100 12 1 1 10 12 1 1 8 1 8 1 8 1 8 1 8 1 8 1 10 100 12 1 1 1 8 1 8 1 8 1 10 12 10 12 1 1 1 1 1 1 1 1 1 1 1 1 1 1 1 1 1 1 1 1 1 1 1 1 1 1 1 1 1 1 1 1 1 1 1 1 1 1 1 1 1 1 1 1 1 1 1 1 1 1 1 1
staticfield jdk/internal/reflect/UnsafeFieldAccessorImpl unsafe Ljdk/internal/misc/Unsafe; jdk/internal/misc/Unsafe
ciInstanceKlass jdk/internal/reflect/NativeConstructorAccessorImpl 1 1 126 10 7 12 1 1 1 9 7 12 1 1 1 9 12 1 1 10 7 12 1 1 1 10 7 12 1 1 1 10 7 12 1 1 1 9 12 1 9 12 1 1 9 12 1 1 10 7 12 1 1 1 7 1 10 10 12 1 1 10 12 1 10 12 1 10 12 1 1 9 12 1 1 10 7 12 1 1 1 100 1 10 12 1 1 10 12 1 1 8 10 12 1 1 1 1 1 1 1 1 1 1 1 1 1 1 1 1 1 1 1 1 1 1 100 1 100 1 100 1 1 1 1 1 1 1
staticfield jdk/internal/reflect/NativeConstructorAccessorImpl U Ljdk/internal/misc/Unsafe; jdk/internal/misc/Unsafe
staticfield jdk/internal/reflect/NativeConstructorAccessorImpl GENERATED_OFFSET J 16
ciInstanceKlass java/lang/invoke/ConstantCallSite 1 1 65 10 7 12 1 1 1 9 7 12 1 1 1 9 12 1 1 10 7 12 1 1 1 10 12 1 100 1 10 12 9 12 1 1 100 1 10 10 12 1 1 10 12 1 1 1 1 1 1 1 1 1 1 1 1 1 100 1 1 1 1 1 1 1 1
staticfield java/lang/invoke/ConstantCallSite UNSAFE Ljdk/internal/misc/Unsafe; jdk/internal/misc/Unsafe
ciInstanceKlass java/lang/invoke/MutableCallSite 0 0 63 10 100 12 1 1 1 10 12 1 9 100 12 1 1 1 10 12 1 10 12 1 1 9 12 1 1 10 100 12 1 1 1 10 100 12 1 1 1 10 12 1 1 1 1 1 1 1 1 1 1 1 1 1 1 1 1 1 1 100 1 1 1
instanceKlass java/lang/invoke/VarHandleReferences$Array
instanceKlass java/lang/invoke/VarHandleInts$FieldInstanceReadOnly
instanceKlass java/lang/invoke/VarHandleReferences$FieldInstanceReadOnly
ciInstanceKlass java/lang/invoke/VarHandle 1 1 390 10 7 12 1 1 1 10 7 12 1 1 9 12 1 1 9 12 1 1 100 1 10 8 1 10 12 1 1 10 7 12 1 1 1 10 12 1 1 10 100 12 1 1 1 9 100 12 1 1 1 10 12 1 1 10 100 12 1 1 1 10 12 1 1 9 12 1 10 12 1 9 12 1 1 10 100 12 1 1 10 12 1 9 100 12 1 1 1 9 12 1 1 10 12 1 1 100 1 100 1 10 8 1 10 12 1 1 10 12 1 8 1 10 12 1 10 12 1 10 12 1 1 9 100 12 1 1 1 10 12 1 10 12 1 1 10 12 1 10 10 100 12 1 1 1 10 12 1 1 10 12 1 1 10 100 12 1 1 1 10 100 12 1 1 1 10 100 12 1 1 1 9 12 1 1 10 9 12 1 1 10 12 1 10 12 1 10 12 1 1 10 12 1 10 100 12 1 1 1 9 12 1 1 10 12 1 1 9 12 1 10 12 1 10 12 1 10 100 12 1 1 100 1 10 9 7 12 1 1 1 9 12 1 1 10 7 12 1 1 1 10 12 1 10 12 1 10 12 1 10 12 1 10 12 1 10 12 1 1 7 1 10 10 7 12 1 1 1 9 12 1 1 8 10 12 1 1 7 1 10 12 1 1 100 1 1 1 1 1 1 1 1 1 1 1 1 1 1 1 1 1 1 1 1 1 1 1 1 1 1 1 1 1 1 1 1 1 1 1 1 1 1 1 1 1 1 1 1 1 1 1 1 1 1 1 1 1 1 1 1 1 1 1 1 1 1 1 1 1 1 1 1 1 1 1 1 1 1 1 1 1 1 1 1 1 1 1 1 1 1 1 1 1 100 1 100 1 100 1 1 1 1 1 1 1 100 1 1 1
staticfield java/lang/invoke/VarHandle AIOOBE_SUPPLIER Ljava/util/function/BiFunction; jdk/internal/util/Preconditions$1
staticfield java/lang/invoke/VarHandle VFORM_OFFSET J 16
staticfield java/lang/invoke/VarHandle $assertionsDisabled Z 1
ciInstanceKlass java/lang/invoke/MemberName 1 1 757 7 1 7 1 100 1 9 12 1 1 10 7 12 1 1 1 9 12 1 1 10 12 1 1 10 12 1 1 10 12 1 1 10 12 1 10 12 1 1 10 7 12 1 1 1 10 12 1 9 100 12 1 1 10 12 1 100 1 100 1 10 12 1 8 1 10 12 1 1 10 12 1 10 12 1 1 10 12 1 9 12 1 1 8 1 10 100 12 1 1 1 7 1 10 10 12 1 1 100 1 100 1 10 12 1 1 9 12 1 1 100 1 8 1 10 12 1 10 12 1 10 12 1 10 12 1 10 12 1 1 10 12 1 10 12 1 10 12 1 1 10 12 1 1 10 12 1 8 1 8 1 8 1 10 100 12 1 1 1 10 12 1 9 12 1 1 3 10 12 1 10 12 1 10 12 1 10 10 7 12 1 1 1 10 12 1 10 12 1 10 12 1 10 12 1 7 1 8 10 12 1 1 10 12 1 1 8 1 9 100 1 8 9 100 1 10 12 1 1 10 12 1 10 12 1 8 1 10 12 1 1 10 12 1 10 12 1 10 12 1 10 12 1 1 100 1 10 12 1 1 10 12 1 8 1 10 12 1 10 12 1 8 1 10 12 1 1 10 12 1 1 100 1 10 12 1 1 10 12 8 1 8 1 100 1 10 12 1 10 100 12 1 1 1 100 1 10 12 10 12 1 10 12 1 10 12 1 10 12 1 10 10 12 1 10 12 1 10 12 1 3 10 12 1 3 10 12 1 3 3 3 3 3 3 3 100 1 10 12 1 10 7 12 1 1 1 10 12 1 3 9 12 1 10 12 1 1 3 10 12 1 10 10 7 12 1 1 1 10 12 1 1 10 100 1 10 10 12 1 10 12 1 10 12 1 10 10 12 1 1 10 12 1 10 12 1 10 12 1 100 1 10 10 10 12 100 1 10 10 10 12 1 1 10 12 1 1 10 10 12 1 8 10 100 1 10 12 1 10 100 1 10 12 1 10 12 1 10 12 1 10 10 12 1 10 12 1 1 10 12 1 1 10 12 1 10 12 1 10 12 1 100 1 10 12 1 1 100 1 8 1 10 7 1 10 12 1 10 12 10 12 1 1 10 12 1 10 12 1 8 1 8 1 8 1 8 1 10 12 1 10 12 1 10 12 1 1 8 1 8 1 10 12 1 8 1 10 10 12 1 10 12 1 8 1 8 1 10 10 12 1 8 1 10 100 12 1 1 1 8 1 10 12 1 10 12 1 1 10 12 1 8 1 8 1 8 1 8 1 100 1 10 8 1 8 1 8 1 8 1 10 12 1 100 1 100 1 100 1 10 100 1 10 100 1 10 100 12 1 1 1 9 7 12 1 1 1 100 1 100 1 1 1 1 1 1 1 3 1 3 1 3 1 3 1 3 1 3 1 1 1 1 1 1 1 1 3 1 3 1 1 1 1 3 1 1 1 1 1 1 1 1 1 1 1 1 1 1 1 1 1 1 1 1 1 1 1 1 1 1 1 1 1 1 1 1 1 1 1 1 1 1 1 1 1 1 1 1 1 1 1 1 1 1 1 1 1 1 1 1 1 1 1 1 1 1 1 1 1 1 1 1 1 1 1 1 1 1 1 1 1 1 1 1 1 1 1 1 1 1 1 1 1 1 1 1 1 1 1 1 1 1 1 1 1 1 1 1 1 1 100 1 1 1 1 1 1 1 1 1 1 1 1 1 1 1
staticfield java/lang/invoke/MemberName $assertionsDisabled Z 1
ciInstanceKlass java/lang/invoke/ResolvedMethodName 1 1 16 10 100 12 1 1 1 100 1 1 1 1 1 1 1 1
ciInstanceKlass java/lang/StackWalker 0 0 235 9 100 12 1 1 1 10 100 12 1 1 1 100 1 10 100 12 1 1 1 10 12 1 1 11 100 12 1 1 1 10 12 1 1 10 12 1 1 10 12 1 1 100 1 8 1 10 12 1 10 12 1 10 12 1 10 100 12 1 1 9 12 1 1 9 12 1 1 9 12 1 1 9 12 1 1 10 12 1 1 9 12 1 1 10 100 12 1 1 1 11 12 1 1 100 1 8 1 10 10 100 12 1 1 9 12 1 1 10 12 1 1 10 100 12 1 1 1 10 100 12 1 1 1 18 12 1 1 100 1 8 1 10 10 12 1 1 10 100 12 1 1 1 9 100 12 1 1 11 100 12 1 1 1 10 12 1 1 1 1 1 1 1 1 1 1 1 1 1 1 1 1 1 1 1 1 1 1 1 1 1 1 1 1 1 1 1 1 1 1 1 1 1 1 1 1 1 1 1 1 1 1 1 1 1 1 1 100 1 1 15 10 100 12 1 1 1 16 15 10 12 16 1 1 1 1 1 1 1 100 1 100 1 1
ciInstanceKlass java/lang/StackStreamFactory$AbstractStackWalker 1 0 306 100 1 100 1 3 10 100 12 1 1 1 10 100 12 1 1 10 100 12 1 1 1 9 12 1 1 10 12 1 1 9 12 1 1 9 12 1 1 9 12 1 1 9 12 1 9 100 12 1 1 1 10 100 12 1 1 1 10 12 1 1 9 12 1 1 10 100 12 1 1 1 10 12 1 1 9 12 1 1 9 100 12 1 1 1 100 1 10 8 1 10 12 1 1 10 12 1 8 1 10 12 1 1 10 100 12 1 1 1 100 1 8 1 10 12 1 8 1 10 12 9 100 12 1 1 1 10 100 12 1 1 9 12 1 8 1 5 0 8 1 8 1 9 12 1 1 10 12 1 1 10 12 1 1 10 12 1 9 12 1 10 12 1 10 12 1 10 12 1 10 12 1 1 10 12 1 10 12 1 1 8 1 10 12 1 10 12 1 10 12 1 10 12 1 1 8 1 10 12 1 1 10 12 1 1 10 12 1 1 10 12 1 10 12 1 10 100 12 1 1 1 9 12 1 8 1 10 12 1 10 12 1 10 12 1 10 12 1 10 12 1 10 12 1 10 12 1 1 10 12 1 1 10 12 1 1 10 12 1 8 1 1 1 1 1 1 1 1 1 1 1 1 1 1 1 1 1 1 100 1 1 1 1 100 1 1 1 1 1 1 1 1 1 1 1 1 1 1 1 1 1 1 1 1 1
ciInstanceKlass jdk/internal/module/Modules 1 1 504 10 100 12 1 1 1 9 7 12 1 1 1 11 7 12 1 1 1 11 12 1 1 11 12 1 1 11 12 1 1 11 12 1 11 12 1 11 12 1 11 12 1 11 12 1 1 10 100 12 1 1 1 10 100 12 1 1 1 18 12 1 1 10 100 12 1 1 1 100 1 10 100 12 1 1 1 10 100 12 1 1 1 10 100 12 1 1 10 12 1 1 11 12 1 9 12 1 1 11 100 12 1 1 1 10 12 1 1 10 10 12 1 10 9 12 1 1 10 100 12 1 1 10 12 1 1 10 100 12 1 1 100 1 11 100 12 1 1 1 10 100 12 1 1 1 11 100 12 1 1 10 12 1 1 10 100 12 1 1 10 100 12 1 1 1 10 12 1 1 10 12 1 1 11 12 1 1 18 12 1 1 11 100 12 1 1 10 100 12 1 1 1 11 100 12 1 1 1 100 1 11 12 1 1 11 100 12 1 1 1 11 12 1 1 10 12 1 1 10 100 12 1 1 18 12 1 1 11 12 1 1 18 12 1 1 11 12 1 1 10 12 1 18 18 10 12 1 1 9 12 1 1 11 100 12 1 1 1 100 1 10 11 12 1 11 12 1 1 11 12 1 1 10 100 1 10 12 1 1 10 100 12 1 1 10 12 1 1 11 12 10 12 1 1 100 1 10 18 12 1 10 12 1 1 100 1 8 1 10 12 1 10 100 12 1 1 18 12 1 11 11 12 10 12 1 10 10 100 1 18 12 1 10 10 10 7 12 1 1 10 7 12 1 1 1 10 12 1 1 1 1 1 1 1 1 1 1 1 1 1 1 1 1 1 1 1 1 1 1 1 1 1 1 1 1 1 1 1 1 1 100 1 1 1 1 1 1 1 1 1 1 1 1 1 1 1 1 1 1 1 1 1 1 1 1 1 1 1 1 1 1 1 1 1 1 1 100 1 1 1 1 1 1 1 1 1 1 1 1 1 1 1 1 1 1 1 1 1 1 1 15 10 100 12 1 1 1 16 15 10 12 1 16 16 15 10 12 1 16 1 16 1 15 10 12 1 16 1 16 1 15 10 12 16 1 15 10 16 1 15 10 12 16 1 15 10 12 16 15 10 12 16 15 10 12 1 1 1 100 1 100 1 1
staticfield jdk/internal/module/Modules JLA Ljdk/internal/access/JavaLangAccess; java/lang/System$2
staticfield jdk/internal/module/Modules JLMA Ljdk/internal/access/JavaLangModuleAccess; java/lang/module/ModuleDescriptor$1
staticfield jdk/internal/module/Modules $assertionsDisabled Z 1
ciInstanceKlass java/util/LinkedHashSet 1 1 70 10 7 12 1 1 1 4 11 7 12 1 1 1 10 7 12 1 1 1 10 7 12 1 1 1 100 1 10 100 12 1 1 1 100 1 100 1 100 1 1 1 1 5 0 1 1 1 1 1 1 1 1 1 1 1 1 1 1 1 1 1 1 1 1 1 1 1 1 1
instanceKlass org/jetbrains/kotlin/com/intellij/util/containers/UnmodifiableHashMap$4
instanceKlass java/util/EnumMap$EntrySet
instanceKlass org/jetbrains/kotlin/com/google/common/collect/Sets$ImprovedAbstractSet
instanceKlass org/jetbrains/kotlin/com/intellij/openapi/vfs/CompactVirtualFileSet
instanceKlass java/util/Collections$SingletonSet
instanceKlass java/util/LinkedHashMap$LinkedKeySet
instanceKlass java/util/LinkedHashMap$LinkedEntrySet
instanceKlass kotlin/collections/AbstractMutableSet
instanceKlass java/lang/ProcessEnvironment$CheckedEntrySet
instanceKlass java/util/EnumSet
instanceKlass java/util/TreeMap$KeySet
instanceKlass java/util/TreeSet
instanceKlass java/util/IdentityHashMap$KeySet
instanceKlass java/util/HashMap$KeySet
instanceKlass java/util/AbstractMap$1
instanceKlass java/util/WeakHashMap$KeySet
instanceKlass java/util/Collections$SetFromMap
instanceKlass java/util/HashSet
instanceKlass java/util/Collections$EmptySet
instanceKlass java/util/HashMap$EntrySet
instanceKlass java/util/ImmutableCollections$MapN$1
ciInstanceKlass java/util/AbstractSet 1 1 96 10 7 12 1 1 1 7 1 7 1 11 12 1 1 10 7 1 10 12 1 1 100 1 100 1 10 12 1 1 11 7 12 1 1 1 11 12 1 1 10 100 12 1 1 10 7 12 1 1 1 11 10 12 1 1 11 12 1 11 12 1 1 1 1 1 1 1 1 1 1 1 1 1 1 1 1 100 1 1 1 1 1 1 1 1 1 1 1 1 1 1 1 1 1 1
instanceKlass java/util/LinkedHashSet
ciInstanceKlass java/util/HashSet 1 1 285 10 7 12 1 1 1 7 1 10 9 7 12 1 1 1 11 7 12 1 1 1 4 10 7 12 1 1 1 10 12 1 10 12 1 1 10 12 1 7 1 10 10 12 1 1 11 7 12 1 1 1 10 10 12 1 1 10 12 1 1 9 12 1 1 10 12 1 1 10 12 1 1 10 12 1 10 7 12 1 1 1 10 100 1 100 1 10 12 1 10 100 12 1 1 10 12 1 10 12 1 10 12 1 1 10 12 1 1 11 100 12 1 1 11 12 1 10 12 1 1 10 100 12 1 1 1 10 12 1 100 1 100 1 10 8 1 10 12 1 1 10 12 1 10 12 1 1 10 12 1 10 12 1 10 100 12 1 1 1 8 1 10 12 1 4 10 12 1 4 10 12 1 8 1 4 10 100 12 1 1 1 100 1 10 12 1 1 11 100 12 1 1 1 100 1 10 12 1 100 1 10 12 1 10 12 1 1 10 12 1 10 100 1 100 1 1 1 1 5 0 1 1 1 1 1 1 1 1 1 1 1 1 1 1 1 1 1 1 1 1 1 1 1 1 1 1 1 1 1 1 1 1 1 1 100 1 1 1 1 100 1 1 1 1 1 1 1 1 1 1 1 1 1 1 1 100 1 1 100 1 100 1 1 1
staticfield java/util/HashSet PRESENT Ljava/lang/Object; java/lang/Object
ciMethod java/util/HashSet add (Ljava/lang/Object;)Z 768 0 14939 0 192
ciMethod java/util/HashSet <init> (IFZ)V 768 0 5504 0 672
instanceKlass java/util/LinkedHashMap$Entry
ciInstanceKlass java/util/HashMap$Node 1 1 95 10 7 12 1 1 1 9 7 12 1 1 1 9 12 1 1 9 12 1 9 12 1 1 100 1 10 10 12 1 1 8 1 10 12 1 10 12 1 1 10 7 12 1 1 1 100 1 11 12 1 1 10 12 1 1 11 12 1 1 1 1 1 1 1 1 1 1 1 1 1 1 1 1 1 1 1 1 1 1 1 1 1 1 1 1 1 1 100 1 1 1 100 1 1
instanceKlass java/util/HashMap$TreeNode
ciInstanceKlass java/util/LinkedHashMap$Entry 1 1 41 10 7 12 1 1 1 100 1 1 1 1 1 1 1 1 1 1 1 1 1 1 1 1 1 1 1 1 1 1 1 1 1 1 100 1 1 100 1 1 1
ciInstanceKlass java/util/HashMap$TreeNode 0 0 250 100 1 10 100 12 1 1 1 9 100 12 1 1 1 9 12 1 1 9 12 1 9 12 1 1 9 12 1 1 10 12 1 1 100 1 10 12 1 9 12 1 9 12 1 9 12 1 1 10 100 12 1 1 1 10 12 1 1 10 12 1 1 10 12 1 1 10 12 1 1 10 12 1 1 10 100 12 1 1 1 10 100 12 1 1 1 10 100 12 1 1 1 9 12 1 10 12 1 1 10 12 1 1 10 12 1 1 10 12 1 1 9 100 1 10 12 1 1 10 12 1 1 10 12 1 10 12 1 1 10 12 1 10 12 1 10 12 1 1 1 1 1 1 1 1 1 1 1 1 1 1 1 1 1 1 1 1 1 1 1 1 1 1 100 1 1 1 1 1 1 1 1 1 1 1 1 1 1 1 1 1 1 1 1 1 1 1 1 1 1 1 1 1 1 1 1 1 1 1 1 1 1 1 1 1 1 1 1 1 1 1 1 1 1 1 1 1 1 1 1 1 1 1 1 1 1 1 1 1 1 1 1 1 1 1 1 1 1 1 1 1 1 1 1 100 1 1 1 1
ciMethod java/util/LinkedHashMap$Entry <init> (ILjava/lang/Object;Ljava/lang/Object;Ljava/util/HashMap$Node;)V 512 0 8457 0 704
ciMethod java/util/HashMap$Node <init> (ILjava/lang/Object;Ljava/lang/Object;Ljava/util/HashMap$Node;)V 1024 0 13852 0 0
ciInstanceKlass java/util/Collections$UnmodifiableMap 1 1 175 10 7 12 1 1 1 100 1 10 9 7 12 1 1 1 11 7 12 1 1 1 11 12 1 1 11 12 1 1 11 12 1 11 12 1 1 100 1 10 9 12 1 1 11 12 1 10 100 12 1 1 1 9 12 1 7 1 11 12 10 12 1 9 12 1 1 11 12 1 10 12 1 1 11 12 1 11 12 1 10 12 1 1 11 12 1 1 11 12 1 1 100 1 1 1 1 5 0 1 1 1 1 1 1 1 1 1 1 1 1 1 1 1 1 1 1 1 1 1 1 1 1 1 1 1 1 1 1 1 1 1 1 1 1 1 1 1 1 1 1 1 1 1 1 1 1 1 1 1 1 1 1 1 1 1 1 1 1 1 1 1 1 1 1 1 1 1 1 1 1 1 100 1 1
ciMethod java/util/Collections$UnmodifiableMap get (Ljava/lang/Object;)Ljava/lang/Object; 512 0 5795 0 1408
instanceKlass java/util/ArrayList$ListItr
ciInstanceKlass java/util/ArrayList$Itr 1 1 103 9 7 12 1 1 1 10 7 12 1 1 1 9 12 1 1 9 7 12 1 1 9 12 1 9 12 1 9 12 1 10 12 1 100 1 10 9 12 1 1 100 1 10 100 1 10 10 12 1 1 100 1 10 100 12 1 1 1 10 12 1 1 11 100 12 1 1 1 100 1 1 1 1 1 1 1 1 1 1 1 1 1 1 1 100 1 1 1 1 1 1 1 1 1 1 1 1 1 1 1 1 1
ciMethod java/util/ArrayList$Itr hasNext ()Z 512 0 99303 0 96
ciMethod java/util/ArrayList$Itr next ()Ljava/lang/Object; 512 0 21434 0 256
ciMethod java/util/ArrayList$Itr <init> (Ljava/util/ArrayList;)V 1062 0 90477 0 0
ciMethod java/util/ArrayList$Itr checkForComodification ()V 510 0 27626 0 128
ciInstanceKlass java/util/zip/ZipFile$Source$Key 1 1 84 10 7 12 1 1 1 9 7 12 1 1 1 9 12 1 1 10 7 12 1 1 1 9 12 1 1 100 1 5 0 11 7 12 1 1 1 10 7 12 1 1 1 10 7 12 1 1 1 10 12 1 1 11 12 1 1 10 10 1 1 1 1 1 1 1 1 1 1 1 1 1 1 1 1 1 1 100 1 1 100 1 1 1
ciMethod java/util/Set add (Ljava/lang/Object;)Z 0 0 1 0 -1
ciMethod java/util/HashMap$TreeNode getTreeNode (ILjava/lang/Object;)Ljava/util/HashMap$TreeNode; 0 0 1 0 -1
ciMethod java/util/HashMap$TreeNode putTreeVal (Ljava/util/HashMap;[Ljava/util/HashMap$Node;ILjava/lang/Object;Ljava/lang/Object;)Ljava/util/HashMap$TreeNode; 0 0 1 0 -1
ciMethod java/util/HashMap$TreeNode split (Ljava/util/HashMap;[Ljava/util/HashMap$Node;II)V 0 0 1 0 -1
ciMethod java/util/AbstractSet <init> ()V 488 0 91662 0 64
ciMethod java/util/LinkedHashSet <init> ()V 512 0 54232 0 384
ciMethod java/util/HashMap removeNode (ILjava/lang/Object;Ljava/lang/Object;ZZ)Ljava/util/HashMap$Node; 106 0 6108 0 -1
ciMethod java/util/HashMap getNode (Ljava/lang/Object;)Ljava/util/HashMap$Node; 4778 148 19995 0 672
ciMethod java/util/HashMap resize ()[Ljava/util/HashMap$Node; 46 302 3172 0 -1
ciMethod java/util/HashMap treeifyBin ([Ljava/util/HashMap$Node;I)V 0 0 1 0 -1
ciMethod java/util/HashMap putVal (ILjava/lang/Object;Ljava/lang/Object;ZZ)Ljava/lang/Object; 548 18 20837 0 2016
ciMethod java/util/HashMap tableSizeFor (I)I 512 0 8758 0 0
ciMethod java/util/HashMap hash (Ljava/lang/Object;)I 1024 0 54712 0 0
ciMethod java/util/HashMap <init> (IF)V 92 0 5190 0 320
ciMethod java/util/LinkedHashMap get (Ljava/lang/Object;)Ljava/lang/Object; 4096 0 79514 0 736
ciMethod java/util/LinkedHashMap <init> (IF)V 768 0 5504 0 0
ciMethod java/util/LinkedHashMap newNode (ILjava/lang/Object;Ljava/lang/Object;Ljava/util/HashMap$Node;)Ljava/util/HashMap$Node; 512 0 8457 0 1056
ciMethod java/util/LinkedHashMap afterNodeAccess (Ljava/util/HashMap$Node;)V 0 0 2362 0 0
ciMethod java/util/LinkedHashMap afterNodeInsertion (Z)V 768 0 7477 0 96
ciMethod java/util/LinkedHashMap linkNodeLast (Ljava/util/LinkedHashMap$Entry;)V 512 0 8457 0 0
ciMethod java/util/LinkedHashMap removeEldestEntry (Ljava/util/Map$Entry;)Z 256 0 4772 0 0
ciMethod java/util/List add (Ljava/lang/Object;)Z 0 0 1 0 -1
ciMethod java/util/List iterator ()Ljava/util/Iterator; 0 0 1 0 -1
ciMethod java/util/Collection iterator ()Ljava/util/Iterator; 0 0 1 0 -1
ciMethod java/util/Collection isEmpty ()Z 0 0 1 0 -1
ciMethod java/util/Collection add (Ljava/lang/Object;)Z 0 0 1 0 -1
ciMethod java/lang/Iterable iterator ()Ljava/util/Iterator; 0 0 1 0 -1
ciMethod java/util/AbstractMap <init> ()V 606 0 224080 0 0
ciMethod java/lang/Math max (II)I 522 0 181427 0 -1
ciMethod java/util/Map$Entry getValue ()Ljava/lang/Object; 0 0 1 0 -1
ciMethod java/util/Set iterator ()Ljava/util/Iterator; 0 0 1 0 -1
ciMethod java/util/Map entrySet ()Ljava/util/Set; 0 0 1 0 -1
ciMethod java/util/Map isEmpty ()Z 0 0 1 0 -1
ciMethod java/util/Map put (Ljava/lang/Object;Ljava/lang/Object;)Ljava/lang/Object; 0 0 1 0 -1
ciMethod java/util/Map get (Ljava/lang/Object;)Ljava/lang/Object; 0 0 1 0 -1
ciMethod java/util/ArrayList iterator ()Ljava/util/Iterator; 512 0 78203 0 192
ciMethod java/util/ArrayList size ()I 256 0 128 0 -1
ciMethod java/util/ArrayList get (I)Ljava/lang/Object; 512 0 180029 0 -1
ciMethod java/lang/Enum compareTo (Ljava/lang/Enum;)I 428 0 6636 0 160
ciMethod java/lang/Enum getDeclaringClass ()Ljava/lang/Class; 24 0 22 0 -1
ciMethod java/lang/Enum ordinal ()I 256 0 128 0 -1
ciMethod java/util/Iterator hasNext ()Z 0 0 1 0 -1
ciMethod java/util/Iterator next ()Ljava/lang/Object; 0 0 1 0 -1
ciMethod java/lang/Object getClass ()Ljava/lang/Class; 256 0 128 0 -1
ciMethod java/lang/Object <init> ()V 1024 0 4653529 0 64
ciInstanceKlass kotlin/jvm/internal/Intrinsics 1 1 278 10 7 10 10 10 10 10 10 100 10 10 10 100 10 10 100 10 8 8 10 100 10 10 100 10 10 100 10 10 8 8 8 8 10 10 10 10 10 100 10 10 10 10 8 8 10 10 10 8 10 100 10 10 10 10 100 8 8 10 8 10 10 10 100 10 7 100 1 1 1 1 1 1 1 1 1 1 1 1 1 1 1 1 1 1 1 1 1 1 1 1 1 1 1 1 1 1 1 1 1 1 1 1 1 1 1 1 1 1 1 1 1 1 1 1 1 1 1 1 1 1 1 1 1 1 100 1 1 1 1 1 1 1 1 1 1 1 1 1 1 1 1 1 1 1 1 1 1 1 1 1 1 1 1 1 1 1 1 1 100 1 1 1 1 1 1 1 1 1 1 1 1 1 1 1 1 1 100 1 1 1 12 1 12 12 12 12 12 1 12 12 1 1 1 1 12 1 12 1 1 1 1 1 1 12 12 12 100 12 12 1 100 12 100 12 100 12 12 1 1 100 12 100 12 1 12 1 12 12 12 1 1 1 12 1 12 100 100 12 12 1 1 1 1 1 1 1 1 1 1 1 1 1 1 1 1 1 1 1 1 1 1 1 1 1 1 1 1 1 1 1 1 1 1 1 1 1
ciInstanceKlass kotlin/jvm/functions/Function1 1 0 32 1 100 1 1 100 1 100 1 1 1 1 1 3 3 3 1 1 3 1 1 1 1 1 1 1 1 1 1 1 1 1
ciInstanceKlass kotlin/NoWhenBranchMatchedException 0 0 47 1 100 1 100 1 1 12 10 1 1 1 1 12 10 1 1 1 12 10 1 1 1 12 10 1 1 3 3 3 1 1 3 1 1 1 1 1 1 1 1 1 1 1 1 1 1
ciInstanceKlass kotlin/collections/EmptyList 1 1 194 1 7 1 7 1 100 1 100 1 100 1 100 1 1 12 10 1 1 1 1 1 1 1 12 11 1 1 1 1 1 1 1 1 8 1 1 1 1 8 1 7 1 1 12 10 1 1 1 1 8 1 7 11 1 1 1 1 100 1 100 10 1 8 1 1 12 10 1 12 10 1 12 10 12 10 1 12 10 1 1 1 1 1 1 1 1 7 1 1 12 9 1 7 1 1 1 7 1 1 8 1 1 1 8 1 8 1 1 1 1 12 9 1 1 100 1 8 10 1 1 1 1 1 1 1 1 1 1 1 12 10 1 7 12 10 12 10 1 12 10 12 10 1 1 1 1 1 1 8 1 7 1 12 10 1 1 1 12 10 1 10 1 1 5 0 1 1 3 3 3 1 1 3 1 1 1 1 1 1 1 1 1 1 1 1 1 1 1 1 1 1 1 1
staticfield kotlin/collections/EmptyList INSTANCE Lkotlin/collections/EmptyList; kotlin/collections/EmptyList
ciInstanceKlass org/jetbrains/kotlin/utils/SmartList 1 1 226 1 7 1 1 7 1 100 1 1 100 1 7 1 1 100 1 1 7 1 1 1 1 1 1 1 12 10 1 1 1 1 1 1 1 12 10 1 1 1 1 1 1 1 12 10 1 7 1 1 12 11 1 7 1 1 12 11 1 1 12 11 1 100 1 1 12 11 1 7 12 9 1 1 12 11 12 9 1 1 1 1 1 1 7 1 100 1 1 12 10 1 1 1 100 1 100 10 1 8 1 1 12 10 1 12 10 1 8 1 1 12 10 1 12 10 1 1 1 7 1 1 12 10 1 12 9 1 1 1 1 1 1 1 1 1 1 1 1 1 1 1 1 1 1 12 10 1 12 10 10 1 1 1 1 12 10 1 1 1 1 1 1 1 12 10 1 100 1 12 10 1 100 1 1 12 10 1 12 10 1 1 1 1 1 1 1 1 1 1 1 1 1 8 1 8 1 100 8 8 8 8 8 8 1 1 12 10 1 100 10 1 100 10 1 100 1 1 1 1 1 1 1 1 1 1
ciInstanceKlass kotlin/collections/builders/MapBuilder 1 1 538 1 7 1 1 7 1 7 1 100 1 100 1 1 1 1 12 10 1 1 12 9 1 12 9 1 1 12 9 1 12 9 1 1 12 9 1 12 9 1 1 12 9 1 1 12 10 1 7 1 1 12 10 1 12 9 1 1 1 1 12 9 1 1 1 1 12 9 1 12 10 1 7 1 1 12 10 1 12 10 12 10 1 1 1 1 1 1 12 10 12 10 1 12 9 1 8 1 7 1 1 12 10 1 1 1 100 1 12 10 1 100 1 8 1 12 10 1 1 1 1 1 12 10 1 1 1 1 12 10 1 1 1 1 1 1 12 10 1 1 1 1 1 12 10 1 1 12 10 1 100 1 1 1 8 1 12 10 1 1 12 11 1 7 1 1 12 10 1 1 1 12 10 1 1 1 12 10 1 12 10 1 1 1 1 1 1 12 9 1 100 1 12 10 1 7 1 1 1 1 1 1 1 12 9 1 7 10 1 1 1 1 12 9 1 7 10 1 1 1 12 10 1 1 1 1 12 10 1 7 1 12 10 1 12 10 1 1 1 1 1 1 100 10 1 8 1 1 12 10 1 8 1 1 12 10 1 8 12 10 1 8 1 12 10 1 1 1 1 12 9 1 100 10 1 1 1 12 10 1 1 12 10 1 12 10 1 12 10 1 1 1 1 100 10 1 7 1 12 9 1 7 1 1 12 10 1 1 12 10 1 7 1 1 12 10 1 8 1 12 10 1 1 1 1 1 1 1 12 10 3 1 1 1 12 10 1 100 1 8 10 12 10 1 1 1 12 10 1 1 7 1 12 10 12 10 1 1 1 1 1 1 1 12 10 1 12 10 1 1 1 1 1 1 1 1 8 1 7 1 12 11 1 12 11 1 1 11 1 12 10 1 1 100 1 8 1 1 12 11 1 7 11 1 12 11 12 10 1 1 1 1 1 1 12 11 11 12 10 1 1 1 1 1 1 1 1 1 7 10 1 1 1 1 7 10 1 10 12 10 1 12 10 1 12 10 12 10 1 1 1 1 1 1 1 1 1 1 1 1 1 1 1 1 12 10 1 1 1 1 1 1 1 1 3 1 3 1 3 1 1 3 3 3 1 1 3 1 1 1 1 1 1 1 1 1 1 1 1 1 1 1 1 1 1 1 1 1 1 1 1 1 1 1 1 1 1 1 1 1 100 1 100 1 1 1 1 1 1 1 1 1 1 1 1 1 1 1
staticfield kotlin/collections/builders/MapBuilder Companion Lkotlin/collections/builders/MapBuilder$Companion; kotlin/collections/builders/MapBuilder$Companion
staticfield kotlin/collections/builders/MapBuilder Empty Lkotlin/collections/builders/MapBuilder; kotlin/collections/builders/MapBuilder
instanceKlass org/jetbrains/kotlin/kotlinx/collections/immutable/implementations/immutableMap/AbstractMapBuilderEntries
instanceKlass org/jetbrains/kotlin/kotlinx/collections/immutable/implementations/persistentOrderedSet/PersistentOrderedSetBuilder
instanceKlass org/jetbrains/kotlin/utils/SmartSet
instanceKlass kotlin/collections/builders/SetBuilder
instanceKlass kotlin/collections/builders/AbstractMapBuilderEntrySet
ciInstanceKlass kotlin/collections/AbstractMutableSet 1 1 51 1 7 1 1 7 1 100 1 100 1 1 12 10 1 1 1 1 1 1 1 1 12 10 1 1 1 1 1 3 3 3 1 1 3 1 1 1 1 1 1 1 1 1 1 1 1 1 1 1 1
ciInstanceKlass org/jetbrains/kotlin/name/FqName 1 1 171 1 7 1 7 1 1 1 1 1 1 1 1 1 1 1 1 12 10 1 8 1 7 1 1 12 10 1 1 12 10 1 1 1 1 12 10 1 7 1 12 10 12 9 1 1 1 1 12 9 1 1 12 10 1 100 1 1 1 1 12 10 1 10 1 100 1 8 10 12 10 12 10 1 1 1 12 10 12 10 1 1 1 1 12 10 1 100 1 12 10 1 1 1 12 10 1 100 1 1 12 10 1 1 1 12 10 1 1 12 10 1 12 10 1 1 12 10 1 1 1 1 1 12 10 1 1 8 12 9 1 8 1 8 1 100 8 8 8 8 8 8 8 8 8 8 8 8 8 8 8 8 8 1 1 12 10 1 100 10 1 100 1 1 1 1 1 1 1 1 1
staticfield org/jetbrains/kotlin/name/FqName ROOT Lorg/jetbrains/kotlin/name/FqName; org/jetbrains/kotlin/name/FqName
ciInstanceKlass kotlin/_Assertions 1 1 55 1 7 1 7 1 1 12 10 1 1 1 1 1 10 1 12 9 1 1 12 10 1 7 1 1 12 10 1 1 12 9 1 1 1 1 3 3 3 1 1 3 1 1 1 1 1 1 1 1 1 1 1 1 1
staticfield kotlin/_Assertions INSTANCE Lkotlin/_Assertions; kotlin/_Assertions
staticfield kotlin/_Assertions ENABLED Z 0
instanceKlass kotlin/collections/builders/MapBuilder$ValuesItr
instanceKlass kotlin/collections/builders/MapBuilder$KeysItr
instanceKlass kotlin/collections/builders/MapBuilder$EntriesItr
ciInstanceKlass kotlin/collections/builders/MapBuilder$Itr 1 1 124 1 7 1 1 7 1 1 1 1 1 8 1 7 1 1 12 10 1 12 10 1 12 9 1 1 12 9 1 7 1 1 12 10 1 12 9 1 12 10 1 1 1 1 1 1 1 1 12 9 1 1 1 1 1 1 12 10 1 1 12 10 1 1 1 1 12 10 1 8 1 100 1 1 12 10 1 12 10 1 12 10 1 1 12 10 1 1 100 10 1 1 1 3 3 3 1 1 3 1 1 1 1 1 1 1 1 1 1 1 1 1 1 1 1 1 1 1 1 1 1 1 1 1
ciInstanceKlass org/jetbrains/kotlin/config/LanguageVersion 1 1 213 1 7 1 1 7 1 100 1 100 1 1 1 3 3 1 3 1 3 1 1 1 1 1 1 1 1 1 1 1 1 1 1 1 1 1 1 1 1 1 1 1 1 1 1 1 1 1 1 1 1 1 1 1 1 1 1 1 1 7 1 1 1 1 1 1 1 1 1 1 1 1 1 1 1 12 10 12 9 12 9 1 7 1 12 10 1 1 12 10 1 12 10 12 10 12 9 1 1 1 12 9 1 1 12 10 12 9 12 9 12 9 12 10 1 1 12 9 1 7 1 1 12 10 7 1 1 1 12 10 1 1 1 1 12 9 1 12 9 12 9 12 9 12 9 12 9 12 9 12 9 12 9 12 9 12 9 12 9 12 9 1 1 1 12 9 12 10 1 1 12 10 1 8 12 10 8 8 8 8 8 8 8 8 8 8 8 8 12 10 1 7 1 7 1 1 12 10 1 12 10 12 9 1 1 1 1 1 1 1 1 1 1
staticfield org/jetbrains/kotlin/config/LanguageVersion Companion Lorg/jetbrains/kotlin/config/LanguageVersion$Companion; org/jetbrains/kotlin/config/LanguageVersion$Companion
staticfield org/jetbrains/kotlin/config/LanguageVersion FIRST_API_SUPPORTED Lorg/jetbrains/kotlin/config/LanguageVersion; org/jetbrains/kotlin/config/LanguageVersion
staticfield org/jetbrains/kotlin/config/LanguageVersion FIRST_SUPPORTED Lorg/jetbrains/kotlin/config/LanguageVersion; org/jetbrains/kotlin/config/LanguageVersion
staticfield org/jetbrains/kotlin/config/LanguageVersion FIRST_NON_DEPRECATED Lorg/jetbrains/kotlin/config/LanguageVersion; org/jetbrains/kotlin/config/LanguageVersion
staticfield org/jetbrains/kotlin/config/LanguageVersion LATEST_STABLE Lorg/jetbrains/kotlin/config/LanguageVersion; org/jetbrains/kotlin/config/LanguageVersion
staticfield org/jetbrains/kotlin/config/LanguageVersion KOTLIN_1_0 Lorg/jetbrains/kotlin/config/LanguageVersion; org/jetbrains/kotlin/config/LanguageVersion
staticfield org/jetbrains/kotlin/config/LanguageVersion KOTLIN_1_1 Lorg/jetbrains/kotlin/config/LanguageVersion; org/jetbrains/kotlin/config/LanguageVersion
staticfield org/jetbrains/kotlin/config/LanguageVersion KOTLIN_1_2 Lorg/jetbrains/kotlin/config/LanguageVersion; org/jetbrains/kotlin/config/LanguageVersion
staticfield org/jetbrains/kotlin/config/LanguageVersion KOTLIN_1_3 Lorg/jetbrains/kotlin/config/LanguageVersion; org/jetbrains/kotlin/config/LanguageVersion
staticfield org/jetbrains/kotlin/config/LanguageVersion KOTLIN_1_4 Lorg/jetbrains/kotlin/config/LanguageVersion; org/jetbrains/kotlin/config/LanguageVersion
staticfield org/jetbrains/kotlin/config/LanguageVersion KOTLIN_1_5 Lorg/jetbrains/kotlin/config/LanguageVersion; org/jetbrains/kotlin/config/LanguageVersion
staticfield org/jetbrains/kotlin/config/LanguageVersion KOTLIN_1_6 Lorg/jetbrains/kotlin/config/LanguageVersion; org/jetbrains/kotlin/config/LanguageVersion
staticfield org/jetbrains/kotlin/config/LanguageVersion KOTLIN_1_7 Lorg/jetbrains/kotlin/config/LanguageVersion; org/jetbrains/kotlin/config/LanguageVersion
staticfield org/jetbrains/kotlin/config/LanguageVersion KOTLIN_1_8 Lorg/jetbrains/kotlin/config/LanguageVersion; org/jetbrains/kotlin/config/LanguageVersion
staticfield org/jetbrains/kotlin/config/LanguageVersion KOTLIN_1_9 Lorg/jetbrains/kotlin/config/LanguageVersion; org/jetbrains/kotlin/config/LanguageVersion
staticfield org/jetbrains/kotlin/config/LanguageVersion KOTLIN_2_0 Lorg/jetbrains/kotlin/config/LanguageVersion; org/jetbrains/kotlin/config/LanguageVersion
staticfield org/jetbrains/kotlin/config/LanguageVersion KOTLIN_2_1 Lorg/jetbrains/kotlin/config/LanguageVersion; org/jetbrains/kotlin/config/LanguageVersion
staticfield org/jetbrains/kotlin/config/LanguageVersion KOTLIN_2_2 Lorg/jetbrains/kotlin/config/LanguageVersion; org/jetbrains/kotlin/config/LanguageVersion
staticfield org/jetbrains/kotlin/config/LanguageVersion $VALUES [Lorg/jetbrains/kotlin/config/LanguageVersion; 13 [Lorg/jetbrains/kotlin/config/LanguageVersion;
staticfield org/jetbrains/kotlin/config/LanguageVersion $ENTRIES Lkotlin/enums/EnumEntries; kotlin/enums/EnumEntriesList
ciInstanceKlass org/jetbrains/kotlin/config/LanguageVersionSettings 1 1 94 1 7 1 100 1 1 1 3 3 1 3 1 3 1 1 1 1 1 1 1 1 1 1 1 1 1 1 1 1 1 1 1 1 1 1 1 1 1 1 1 7 1 100 1 1 7 1 1 1 1 1 8 1 1 8 1 7 1 1 12 10 12 11 1 12 9 1 12 9 1 1 1 1 1 1 1 1 1 12 9 12 9 1 1 1 1 1 1 1 1 1 1 1
staticfield org/jetbrains/kotlin/config/LanguageVersionSettings Companion Lorg/jetbrains/kotlin/config/LanguageVersionSettings$Companion; org/jetbrains/kotlin/config/LanguageVersionSettings$Companion
ciInstanceKlass org/jetbrains/kotlin/utils/SmartList$EmptyIterator 1 1 46 1 7 1 1 7 1 100 1 1 100 1 1 1 1 1 12 10 1 1 1 1 1 12 9 1 1 1 1 1 1 100 10 1 1 100 10 1 10 1 1 1 1 1 1 1
staticfield org/jetbrains/kotlin/utils/SmartList$EmptyIterator INSTANCE Lorg/jetbrains/kotlin/utils/SmartList$EmptyIterator; org/jetbrains/kotlin/utils/SmartList$EmptyIterator
ciInstanceKlass kotlin/jvm/internal/DefaultConstructorMarker 1 1 16 10 100 100 1 1 1 1 1 1 1 1 1 12 1 1
ciInstanceKlass org/jetbrains/kotlin/config/ApiVersion 1 1 215 1 7 1 1 7 1 100 1 100 1 100 1 1 1 3 3 1 3 1 3 1 1 1 1 1 1 1 1 1 1 1 1 1 1 1 1 1 1 1 1 1 1 1 1 1 1 1 1 7 1 1 1 1 1 1 1 1 1 1 1 1 1 1 1 1 1 1 1 1 1 1 12 10 12 9 12 9 1 12 9 1 12 10 12 9 12 9 8 1 7 1 1 12 10 1 7 1 12 10 1 1 1 1 12 10 1 1 12 10 12 10 1 1 1 12 9 12 10 1 1 1 12 10 1 1 1 1 12 10 1 7 12 9 12 9 12 9 12 9 12 9 12 9 12 9 12 9 12 9 12 9 12 9 12 9 12 9 12 9 12 9 12 9 12 9 12 9 12 9 12 9 12 9 12 9 12 9 12 9 12 9 12 9 1 1 12 10 1 7 1 7 1 1 12 10 12 9 12 9 1 12 9 12 9 1 1 1 1 1 1 1 1 1 1
staticfield org/jetbrains/kotlin/config/ApiVersion Companion Lorg/jetbrains/kotlin/config/ApiVersion$Companion; org/jetbrains/kotlin/config/ApiVersion$Companion
staticfield org/jetbrains/kotlin/config/ApiVersion KOTLIN_1_0 Lorg/jetbrains/kotlin/config/ApiVersion; org/jetbrains/kotlin/config/ApiVersion
staticfield org/jetbrains/kotlin/config/ApiVersion KOTLIN_1_1 Lorg/jetbrains/kotlin/config/ApiVersion; org/jetbrains/kotlin/config/ApiVersion
staticfield org/jetbrains/kotlin/config/ApiVersion KOTLIN_1_2 Lorg/jetbrains/kotlin/config/ApiVersion; org/jetbrains/kotlin/config/ApiVersion
staticfield org/jetbrains/kotlin/config/ApiVersion KOTLIN_1_3 Lorg/jetbrains/kotlin/config/ApiVersion; org/jetbrains/kotlin/config/ApiVersion
staticfield org/jetbrains/kotlin/config/ApiVersion KOTLIN_1_4 Lorg/jetbrains/kotlin/config/ApiVersion; org/jetbrains/kotlin/config/ApiVersion
staticfield org/jetbrains/kotlin/config/ApiVersion KOTLIN_1_5 Lorg/jetbrains/kotlin/config/ApiVersion; org/jetbrains/kotlin/config/ApiVersion
staticfield org/jetbrains/kotlin/config/ApiVersion KOTLIN_1_6 Lorg/jetbrains/kotlin/config/ApiVersion; org/jetbrains/kotlin/config/ApiVersion
staticfield org/jetbrains/kotlin/config/ApiVersion KOTLIN_1_7 Lorg/jetbrains/kotlin/config/ApiVersion; org/jetbrains/kotlin/config/ApiVersion
staticfield org/jetbrains/kotlin/config/ApiVersion KOTLIN_1_8 Lorg/jetbrains/kotlin/config/ApiVersion; org/jetbrains/kotlin/config/ApiVersion
staticfield org/jetbrains/kotlin/config/ApiVersion KOTLIN_1_9 Lorg/jetbrains/kotlin/config/ApiVersion; org/jetbrains/kotlin/config/ApiVersion
staticfield org/jetbrains/kotlin/config/ApiVersion KOTLIN_2_0 Lorg/jetbrains/kotlin/config/ApiVersion; org/jetbrains/kotlin/config/ApiVersion
staticfield org/jetbrains/kotlin/config/ApiVersion KOTLIN_2_1 Lorg/jetbrains/kotlin/config/ApiVersion; org/jetbrains/kotlin/config/ApiVersion
staticfield org/jetbrains/kotlin/config/ApiVersion KOTLIN_2_2 Lorg/jetbrains/kotlin/config/ApiVersion; org/jetbrains/kotlin/config/ApiVersion
staticfield org/jetbrains/kotlin/config/ApiVersion LATEST Lorg/jetbrains/kotlin/config/ApiVersion; org/jetbrains/kotlin/config/ApiVersion
staticfield org/jetbrains/kotlin/config/ApiVersion LATEST_STABLE Lorg/jetbrains/kotlin/config/ApiVersion; org/jetbrains/kotlin/config/ApiVersion
staticfield org/jetbrains/kotlin/config/ApiVersion FIRST_SUPPORTED Lorg/jetbrains/kotlin/config/ApiVersion; org/jetbrains/kotlin/config/ApiVersion
staticfield org/jetbrains/kotlin/config/ApiVersion FIRST_NON_DEPRECATED Lorg/jetbrains/kotlin/config/ApiVersion; org/jetbrains/kotlin/config/ApiVersion
ciInstanceKlass org/jetbrains/kotlin/config/MavenComparableVersion 1 1 206 1 7 1 1 7 1 100 1 1 100 1 7 1 1 100 1 1 7 1 1 100 1 1 1 1 1 1 1 1 1 12 10 1 12 10 1 1 1 12 9 1 12 10 12 9 1 7 1 1 12 9 1 7 1 1 12 10 1 7 10 1 1 12 10 1 1 12 10 1 1 12 10 1 1 12 9 1 1 12 10 1 1 12 10 1 1 12 10 1 7 1 1 12 10 1 12 10 1 12 10 1 1 12 10 1 1 12 10 1 12 10 1 1 12 10 12 9 1 1 1 1 1 1 1 1 1 1 12 10 1 1 1 1 12 10 1 1 1 12 10 1 1 12 10 1 1 1 100 1 1 12 9 1 8 1 100 1 12 10 1 100 10 12 10 1 100 10 1 8 1 1 12 10 10 1 12 10 1 8 1 8 1 8 10 1 12 10 1 8 1 8 12 10 1 1 1 1 1 1 1 1 1 1 1 1
ciInstanceKlass org/jetbrains/kotlin/config/MavenComparableVersion$Item 1 0 25 1 100 1 100 1 1 100 1 1 1 3 1 3 1 3 1 1 1 1 1 1 1 1 1
ciInstanceKlass org/jetbrains/kotlin/config/MavenComparableVersion$ListItem 1 1 118 1 7 1 1 7 1 7 1 1 100 1 1 1 100 1 1 12 10 1 1 1 1 1 1 1 12 10 1 1 1 12 10 12 11 1 12 10 1 1 1 1 1 1 12 11 12 11 1 1 12 10 1 7 1 12 11 1 1 12 11 1 100 1 7 10 1 8 1 1 12 10 1 100 1 1 12 10 1 12 10 1 1 12 10 1 12 10 1 1 1 1 1 1 1 1 1 1 12 10 1 12 10 1 1 1 1 10 1 1 1 1 1 1 1 1 1 1
ciInstanceKlass org/jetbrains/kotlin/config/MavenComparableVersion$IntegerItem 1 1 86 1 7 1 7 1 7 1 1 100 1 1 1 1 1 1 1 1 1 12 10 12 9 12 9 1 1 1 7 12 10 1 1 1 1 1 1 1 1 12 10 1 1 12 11 1 12 10 1 100 1 100 10 1 8 1 1 12 10 1 1 12 10 1 12 10 1 1 12 10 10 1 1 10 1 1 8 10 12 9 1 1 1 1 1 1
staticfield org/jetbrains/kotlin/config/MavenComparableVersion$IntegerItem BIG_INTEGER_ZERO Ljava/math/BigInteger; java/math/BigInteger
staticfield org/jetbrains/kotlin/config/MavenComparableVersion$IntegerItem ZERO Lorg/jetbrains/kotlin/config/MavenComparableVersion$IntegerItem; org/jetbrains/kotlin/config/MavenComparableVersion$IntegerItem
ciInstanceKlass org/jetbrains/kotlin/config/LanguageVersionSettingsImpl 1 1 304 1 7 1 7 1 100 1 1 1 3 3 1 3 1 3 1 1 1 1 1 1 1 1 1 1 1 1 1 1 1 1 1 1 1 1 1 1 1 1 1 1 1 1 1 1 1 1 1 1 1 100 1 7 1 1 7 1 7 1 1 7 1 100 1 1 1 1 1 1 1 1 1 1 8 1 7 1 1 12 10 8 8 8 1 12 10 12 9 12 9 1 7 1 1 12 10 1 8 1 12 10 12 9 12 9 1 1 1 7 1 1 12 10 12 10 1 8 1 1 12 11 1 100 1 1 12 10 1 8 1 12 10 12 10 1 7 1 7 1 1 12 10 12 10 1 12 10 1 7 1 12 10 1 1 12 10 1 12 9 1 12 9 1 12 9 1 1 1 1 1 1 100 10 1 8 1 1 12 10 1 12 10 1 8 12 10 1 1 12 11 1 100 1 100 10 1 100 1 100 1 1 12 10 1 1 12 11 1 100 1 12 11 1 12 11 1 12 11 1 12 11 1 1 12 9 1 1 12 10 1 100 10 1 12 10 1 100 10 1 8 1 1 1 1 1 1 1 1 1 1 1 1 1 1 1 1 7 1 12 10 1 12 11 1 100 11 1 1 12 10 1 1 1 1 1 1 12 10 1 1 1 12 10 12 9 1 12 9 12 9 12 9 1 1 1 1 1 1 1 1 1 1 1
staticfield org/jetbrains/kotlin/config/LanguageVersionSettingsImpl Companion Lorg/jetbrains/kotlin/config/LanguageVersionSettingsImpl$Companion; org/jetbrains/kotlin/config/LanguageVersionSettingsImpl$Companion
staticfield org/jetbrains/kotlin/config/LanguageVersionSettingsImpl DEFAULT Lorg/jetbrains/kotlin/config/LanguageVersionSettingsImpl; org/jetbrains/kotlin/config/LanguageVersionSettingsImpl
ciInstanceKlass kotlin/Pair 1 1 104 1 7 1 1 7 1 100 1 1 1 1 12 10 1 1 12 9 1 12 9 1 1 1 1 1 1 1 1 1 1 1 100 10 1 1 12 10 1 12 10 1 8 1 12 10 12 10 1 1 1 1 1 12 10 1 1 12 10 1 1 12 10 1 1 1 1 1 1 7 1 1 12 10 1 1 1 1 1 3 3 3 1 1 3 1 1 1 1 1 1 1 1 1 1 1 1 1 1 1 1 1 1 1
ciInstanceKlass kotlin/TuplesKt 1 1 83 1 100 1 100 1 1 1 1 1 7 1 1 12 10 1 1 1 1 1 1 1 8 1 100 1 1 12 10 1 1 12 10 1 12 10 1 100 1 1 12 10 1 1 1 1 1 100 10 10 1 12 10 1 1 1 1 1 1 3 3 3 1 3 1 3 1 1 1 1 1 1 1 1 1 1 1 1 1 1 1 1 1
ciInstanceKlass java/lang/AssertionError 0 0 79 10 100 12 1 1 1 10 12 1 10 100 12 1 1 1 10 100 1 100 1 10 12 1 1 10 12 1 10 12 1 10 12 1 10 12 1 10 12 1 10 12 1 10 12 1 1 1 1 5 0 1 1 1 1 1 1 1 1 1 1 100 1 1 1 1 1 1 1 1 1 1 1 1 1 1 1 1 1
instanceKlass java/lang/ArrayIndexOutOfBoundsException
ciInstanceKlass java/lang/IndexOutOfBoundsException 0 0 49 10 100 12 1 1 1 10 12 1 100 1 10 8 1 10 12 1 1 10 12 1 10 12 1 1 10 12 1 100 1 1 1 1 5 0 1 1 1 1 1 1 1 1 1 1 1 1 1
ciInstanceKlass java/util/NoSuchElementException 0 0 34 10 100 12 1 1 1 10 12 1 10 12 1 10 12 1 100 1 1 1 1 5 0 1 1 1 1 1 1 1 1 1 1 1
ciInstanceKlass java/util/ConcurrentModificationException 0 0 34 10 100 12 1 1 1 10 12 1 10 12 1 10 12 1 100 1 1 1 1 5 0 1 1 1 1 1 1 1 1 1 1 1
instanceKlass java/util/AbstractList$ListItr
ciInstanceKlass java/util/AbstractList$Itr 1 1 83 9 7 12 1 1 1 10 7 12 1 1 1 9 12 1 1 9 12 1 9 7 12 1 1 9 12 1 10 12 1 1 10 12 1 10 12 1 1 100 1 100 1 10 12 1 100 1 10 10 12 1 100 1 10 100 1 1 1 1 1 1 1 1 1 1 1 1 1 1 1 1 1 1 1 1 1 1 1 1 1 1 1
ciInstanceKlass kotlin/collections/EmptyIterator 1 1 73 1 7 1 7 1 100 1 100 1 1 12 10 1 1 1 1 1 1 1 1 1 1 1 1 100 10 1 1 1 1 100 1 8 1 12 10 1 1 1 1 1 12 10 12 10 1 1 1 10 1 12 9 1 1 3 3 3 1 1 3 1 1 1 1 1 1 1 1 1 1 1 1
staticfield kotlin/collections/EmptyIterator INSTANCE Lkotlin/collections/EmptyIterator; kotlin/collections/EmptyIterator
ciInstanceKlass org/jetbrains/kotlin/progress/ProgressIndicatorAndCompilationCanceledStatus 1 1 56 1 7 1 7 1 1 1 3 3 1 3 1 3 1 1 1 1 1 1 1 1 1 1 1 1 1 1 1 1 12 10 1 1 1 12 9 12 9 1 7 12 10 1 100 11 1 10 1 1 1 1 1 1 1 1
staticfield org/jetbrains/kotlin/progress/ProgressIndicatorAndCompilationCanceledStatus INSTANCE Lorg/jetbrains/kotlin/progress/ProgressIndicatorAndCompilationCanceledStatus; org/jetbrains/kotlin/progress/ProgressIndicatorAndCompilationCanceledStatus
instanceKlass kotlin/collections/SetsKt__SetsKt
ciInstanceKlass kotlin/collections/SetsKt__SetsJVMKt 1 1 138 1 100 1 100 1 1 1 1 1 7 1 12 10 1 8 1 7 1 1 12 10 1 1 1 1 1 1 1 1 1 1 1 8 1 12 10 1 100 1 1 12 10 1 100 1 1 12 11 1 1 12 10 1 1 1 1 12 10 1 1 1 1 7 1 1 12 10 1 7 1 1 12 10 1 1 8 12 10 1 1 1 1 1 8 1 100 10 1 100 1 100 1 1 12 10 1 1 1 1 8 1 12 10 1 10 1 1 1 1 3 3 3 1 3 1 3 1 1 1 1 1 1 1 1 1 1 1 1 1 1 1 1 1 1 1 1 1
ciInstanceKlass kotlin/collections/SetsKt 0 0 27 1 100 1 100 1 1 12 10 1 1 1 1 3 3 3 1 3 1 3 1 1 1 1 1 1 1
ciInstanceKlass org/jetbrains/kotlin/com/intellij/util/SmartList 1 1 336 1 7 1 1 7 1 100 1 1 100 1 100 1 1 1 1 1 1 1 12 10 1 1 1 1 1 12 9 12 9 1 1 1 1 1 1 1 12 10 1 100 1 1 12 11 1 100 1 1 12 11 1 1 12 11 1 100 1 1 12 11 1 7 1 1 12 10 1 1 12 11 1 1 1 1 1 1 1 7 1 7 1 1 12 10 1 1 1 1 1 12 10 1 12 10 1 1 12 10 1 1 12 10 1 1 1 1 100 1 1 12 10 1 12 10 1 1 100 10 1 8 1 1 12 10 1 12 10 1 8 1 1 12 10 1 100 1 1 1 12 10 1 12 9 1 1 1 7 1 1 12 10 16 1 12 10 15 1 7 1 1 12 10 15 1 1 12 18 1 7 1 1 12 10 1 1 1 1 12 10 1 100 1 1 12 10 1 1 1 12 10 1 1 1 1 1 1 1 1 1 1 1 1 100 1 12 10 10 1 1 1 1 12 10 1 1 1 1 1 1 12 10 1 1 12 10 1 1 12 10 1 12 10 1 1 1 1 1 1 1 1 1 100 1 1 12 10 1 100 1 12 10 1 1 12 10 1 1 12 10 1 100 1 1 12 10 12 10 1 1 12 10 1 1 1 10 10 10 1 1 1 1 1 1 100 1 12 11 1 1 1 1 1 1 8 1 8 8 8 8 8 8 8 8 8 8 8 8 8 8 1 1 12 10 1 100 10 1 100 10 1 100 1 1 1 1 1 1 1 1 1 1 1 1 1
ciInstanceKlass org/jetbrains/kotlin/config/LanguageFeature 1 1 1429 1 7 1 1 7 1 1 1 3 3 1 3 1 3 1 1 1 1 1 1 1 1 1 1 1 1 1 1 1 1 1 1 1 1 1 1 1 1 1 1 1 1 1 1 1 1 1 1 1 1 1 1 1 1 1 1 1 1 1 1 1 1 1 1 1 1 1 1 1 1 1 1 1 1 1 1 1 1 1 1 1 1 1 1 1 1 1 1 1 1 1 1 1 1 1 1 1 1 1 1 1 1 1 1 1 1 1 1 1 1 1 1 1 1 1 1 1 1 1 1 1 1 1 1 1 1 1 1 1 1 1 1 1 1 1 1 1 1 1 1 1 1 1 1 1 1 1 1 1 1 1 1 1 1 1 1 1 1 1 1 1 1 1 1 1 1 1 1 1 1 1 1 1 1 1 1 1 1 1 1 1 1 1 1 1 1 1 1 1 1 1 1 1 1 1 1 1 1 1 1 1 1 1 1 1 1 1 1 1 1 1 1 1 1 1 1 1 1 1 1 1 1 1 1 1 1 1 1 1 1 1 1 1 1 1 1 1 1 1 1 1 1 1 1 1 1 1 1 1 1 1 1 1 1 1 1 1 1 1 1 1 1 1 1 1 1 1 1 1 1 1 1 1 1 1 1 1 1 1 1 1 1 1 1 1 1 1 1 1 1 1 1 1 1 1 1 1 1 1 1 1 1 1 1 1 1 1 1 1 1 1 1 1 1 1 1 1 1 1 1 1 1 1 1 1 1 1 1 1 1 1 1 1 1 1 1 1 1 1 100 1 7 1 7 1 100 1 1 1 1 1 1 1 1 1 1 1 12 10 12 9 12 9 12 9 12 9 12 9 1 100 1 100 1 12 10 1 1 12 10 1 8 1 12 10 1 12 10 1 100 10 1 12 10 1 1 1 1 1 1 7 1 12 9 1 12 9 12 10 1 12 10 1 100 1 100 1 8 10 1 1 12 10 1 100 1 8 1 1 12 9 1 100 1 100 1 1 12 10 12 10 1 8 1 12 10 1 100 1 12 10 1 1 12 9 1 1 12 10 100 1 1 1 12 10 1 1 1 1 12 9 1 12 9 12 9 12 9 12 9 12 9 12 9 12 9 12 9 12 9 12 9 12 9 12 9 12 9 12 9 12 9 12 9 12 9 12 9 12 9 12 9 12 9 12 9 12 9 12 9 12 9 12 9 12 9 12 9 12 9 12 9 12 9 12 9 12 9 12 9 12 9 12 9 12 9 12 9 12 9 12 9 12 9 12 9 12 9 12 9 12 9 12 9 12 9 12 9 12 9 12 9 12 9 12 9 12 9 12 9 12 9 12 9 12 9 12 9 12 9 12 9 12 9 12 9 12 9 12 9 12 9 12 9 12 9 12 9 12 9 12 9 12 9 12 9 12 9 12 9 12 9 12 9 12 9 12 9 12 9 12 9 12 9 12 9 12 9 12 9 12 9 12 9 12 9 12 9 12 9 12 9 12 9 12 9 12 9 12 9 12 9 12 9 12 9 12 9 12 9 12 9 12 9 12 9 12 9 12 9 12 9 12 9 12 9 12 9 12 9 12 9 12 9 12 9 12 9 12 9 12 9 12 9 12 9 12 9 12 9 12 9 12 9 12 9 12 9 12 9 12 9 12 9 12 9 12 9 12 9 12 9 12 9 12 9 12 9 12 9 12 9 12 9 12 9 12 9 12 9 12 9 12 9 12 9 12 9 12 9 12 9 12 9 12 9 12 9 12 9 12 9 12 9 12 9 12 9 12 9 12 9 12 9 12 9 12 9 12 9 12 9 12 9 12 9 12 9 12 9 12 9 12 9 12 9 12 9 12 9 12 9 12 9 12 9 12 9 12 9 12 9 12 9 12 9 12 9 12 9 12 9 12 9 12 9 12 9 12 9 12 9 12 9 12 9 12 9 12 9 12 9 12 9 12 9 12 9 12 9 12 9 12 9 12 9 12 9 12 9 12 9 12 9 12 9 12 9 12 9 12 9 12 9 12 9 12 9 12 9 12 9 12 9 12 9 12 9 12 9 12 9 12 9 12 9 12 9 12 9 12 9 12 9 12 9 12 9 12 9 12 9 12 9 12 9 12 9 12 9 12 9 12 9 12 9 12 9 12 9 12 9 12 9 12 9 12 9 12 9 12 9 12 9 12 9 12 9 12 9 12 9 12 9 12 9 12 9 12 9 12 9 12 9 12 9 12 9 12 9 12 9 12 9 12 9 12 9 12 9 12 9 12 9 12 9 12 9 12 9 12 9 12 9 12 9 12 9 12 9 12 9 12 9 12 9 12 9 12 9 12 9 12 9 12 9 12 9 12 9 12 9 12 9 12 9 12 9 12 9 12 9 12 9 12 9 12 9 12 9 1 1 12 9 12 10 1 1 8 1 7 1 12 9 12 10 8 12 9 8 8 8 8 8 8 8 8 8 8 8 8 8 8 8 8 8 8 8 8 1 8 8 1 12 9 8 8 8 8 8 8 8 8 8 8 8 8 8 8 8 1 12 9 1 12 9 8 8 8 8 8 8 8 1 12 9 8 8 8 8 8 8 8 8 8 8 8 8 8 8 12 9 8 8 8 8 8 8 8 8 8 8 1 12 9 8 8 8 8 8 8 8 8 8 8 8 8 8 8 8 8 8 8 8 8 8 8 8 8 8 8 8 8 8 8 8 8 8 8 8 8 8 8 8 8 8 8 8 1 12 9 8 8 8 8 8 8 8 8 8 8 8 8 8 8 8 8 8 8 8 8 8 1 12 9 8 8 8 8 8 8 8 8 8 8 8 8 8 8 8 8 8 1 12 9 8 8 8 8 8 8 8 8 8 8 8 8 8 8 8 8 8 8 8 8 8 8 8 8 8 1 12 9 8 8 8 8 8 8 8 8 8 8 8 8 8 8 1 12 9 8 8 8 8 8 8 8 8 8 8 8 8 12 9 8 8 8 8 8 8 8 8 8 12 9 8 8 1 12 9 8 8 8 8 8 8 8 8 8 8 8 8 8 8 8 12 9 8 1 12 9 8 8 8 8 8 8 8 8 8 8 8 8 8 8 8 8 8 8 8 8 8 1 12 9 8 8 8 8 8 8 8 8 8 8 8 8 8 8 8 8 8 8 8 8 8 8 8 8 8 8 8 8 8 8 8 8 8 8 8 8 8 8 8 8 12 10 1 7 1 7 1 1 12 10 1 12 10 1 1 1 1 1 1 1 1 1 1
staticfield org/jetbrains/kotlin/config/LanguageFeature Companion Lorg/jetbrains/kotlin/config/LanguageFeature$Companion; org/jetbrains/kotlin/config/LanguageFeature$Companion
staticfield org/jetbrains/kotlin/config/LanguageFeature TypeAliases Lorg/jetbrains/kotlin/config/LanguageFeature; org/jetbrains/kotlin/config/LanguageFeature
staticfield org/jetbrains/kotlin/config/LanguageFeature BoundCallableReferences Lorg/jetbrains/kotlin/config/LanguageFeature; org/jetbrains/kotlin/config/LanguageFeature
staticfield org/jetbrains/kotlin/config/LanguageFeature LocalDelegatedProperties Lorg/jetbrains/kotlin/config/LanguageFeature; org/jetbrains/kotlin/config/LanguageFeature
staticfield org/jetbrains/kotlin/config/LanguageFeature TopLevelSealedInheritance Lorg/jetbrains/kotlin/config/LanguageFeature; org/jetbrains/kotlin/config/LanguageFeature
staticfield org/jetbrains/kotlin/config/LanguageFeature AdditionalBuiltInsMembers Lorg/jetbrains/kotlin/config/LanguageFeature; org/jetbrains/kotlin/config/LanguageFeature
staticfield org/jetbrains/kotlin/config/LanguageFeature DataClassInheritance Lorg/jetbrains/kotlin/config/LanguageFeature; org/jetbrains/kotlin/config/LanguageFeature
staticfield org/jetbrains/kotlin/config/LanguageFeature InlineProperties Lorg/jetbrains/kotlin/config/LanguageFeature; org/jetbrains/kotlin/config/LanguageFeature
staticfield org/jetbrains/kotlin/config/LanguageFeature DestructuringLambdaParameters Lorg/jetbrains/kotlin/config/LanguageFeature; org/jetbrains/kotlin/config/LanguageFeature
staticfield org/jetbrains/kotlin/config/LanguageFeature SingleUnderscoreForParameterName Lorg/jetbrains/kotlin/config/LanguageFeature; org/jetbrains/kotlin/config/LanguageFeature
staticfield org/jetbrains/kotlin/config/LanguageFeature DslMarkersSupport Lorg/jetbrains/kotlin/config/LanguageFeature; org/jetbrains/kotlin/config/LanguageFeature
staticfield org/jetbrains/kotlin/config/LanguageFeature UnderscoresInNumericLiterals Lorg/jetbrains/kotlin/config/LanguageFeature; org/jetbrains/kotlin/config/LanguageFeature
staticfield org/jetbrains/kotlin/config/LanguageFeature DivisionByZeroInConstantExpressions Lorg/jetbrains/kotlin/config/LanguageFeature; org/jetbrains/kotlin/config/LanguageFeature
staticfield org/jetbrains/kotlin/config/LanguageFeature InlineConstVals Lorg/jetbrains/kotlin/config/LanguageFeature; org/jetbrains/kotlin/config/LanguageFeature
staticfield org/jetbrains/kotlin/config/LanguageFeature OperatorRem Lorg/jetbrains/kotlin/config/LanguageFeature; org/jetbrains/kotlin/config/LanguageFeature
staticfield org/jetbrains/kotlin/config/LanguageFeature OperatorProvideDelegate Lorg/jetbrains/kotlin/config/LanguageFeature; org/jetbrains/kotlin/config/LanguageFeature
staticfield org/jetbrains/kotlin/config/LanguageFeature ShortSyntaxForPropertyGetters Lorg/jetbrains/kotlin/config/LanguageFeature; org/jetbrains/kotlin/config/LanguageFeature
staticfield org/jetbrains/kotlin/config/LanguageFeature RefinedSamAdaptersPriority Lorg/jetbrains/kotlin/config/LanguageFeature; org/jetbrains/kotlin/config/LanguageFeature
staticfield org/jetbrains/kotlin/config/LanguageFeature SafeCallBoundSmartCasts Lorg/jetbrains/kotlin/config/LanguageFeature; org/jetbrains/kotlin/config/LanguageFeature
staticfield org/jetbrains/kotlin/config/LanguageFeature TypeInferenceOnGenericsForCallableReferences Lorg/jetbrains/kotlin/config/LanguageFeature; org/jetbrains/kotlin/config/LanguageFeature
staticfield org/jetbrains/kotlin/config/LanguageFeature NoDelegationToJavaDefaultInterfaceMembers Lorg/jetbrains/kotlin/config/LanguageFeature; org/jetbrains/kotlin/config/LanguageFeature
staticfield org/jetbrains/kotlin/config/LanguageFeature DefaultImportOfPackageKotlinComparisons Lorg/jetbrains/kotlin/config/LanguageFeature; org/jetbrains/kotlin/config/LanguageFeature
staticfield org/jetbrains/kotlin/config/LanguageFeature Coroutines Lorg/jetbrains/kotlin/config/LanguageFeature; org/jetbrains/kotlin/config/LanguageFeature
staticfield org/jetbrains/kotlin/config/LanguageFeature InlineDefaultFunctionalParameters Lorg/jetbrains/kotlin/config/LanguageFeature; org/jetbrains/kotlin/config/LanguageFeature
staticfield org/jetbrains/kotlin/config/LanguageFeature SoundSmartCastsAfterTry Lorg/jetbrains/kotlin/config/LanguageFeature; org/jetbrains/kotlin/config/LanguageFeature
staticfield org/jetbrains/kotlin/config/LanguageFeature DeprecatedFieldForInvisibleCompanionObject Lorg/jetbrains/kotlin/config/LanguageFeature; org/jetbrains/kotlin/config/LanguageFeature
staticfield org/jetbrains/kotlin/config/LanguageFeature NullabilityAssertionOnExtensionReceiver Lorg/jetbrains/kotlin/config/LanguageFeature; org/jetbrains/kotlin/config/LanguageFeature
staticfield org/jetbrains/kotlin/config/LanguageFeature SafeCastCheckBoundSmartCasts Lorg/jetbrains/kotlin/config/LanguageFeature; org/jetbrains/kotlin/config/LanguageFeature
staticfield org/jetbrains/kotlin/config/LanguageFeature CapturedInClosureSmartCasts Lorg/jetbrains/kotlin/config/LanguageFeature; org/jetbrains/kotlin/config/LanguageFeature
staticfield org/jetbrains/kotlin/config/LanguageFeature LateinitTopLevelProperties Lorg/jetbrains/kotlin/config/LanguageFeature; org/jetbrains/kotlin/config/LanguageFeature
staticfield org/jetbrains/kotlin/config/LanguageFeature LateinitLocalVariables Lorg/jetbrains/kotlin/config/LanguageFeature; org/jetbrains/kotlin/config/LanguageFeature
staticfield org/jetbrains/kotlin/config/LanguageFeature InnerClassInEnumEntryClass Lorg/jetbrains/kotlin/config/LanguageFeature; org/jetbrains/kotlin/config/LanguageFeature
staticfield org/jetbrains/kotlin/config/LanguageFeature CallableReferencesToClassMembersWithEmptyLHS Lorg/jetbrains/kotlin/config/LanguageFeature; org/jetbrains/kotlin/config/LanguageFeature
staticfield org/jetbrains/kotlin/config/LanguageFeature ThrowNpeOnExplicitEqualsForBoxedNull Lorg/jetbrains/kotlin/config/LanguageFeature; org/jetbrains/kotlin/config/LanguageFeature
staticfield org/jetbrains/kotlin/config/LanguageFeature JvmPackageName Lorg/jetbrains/kotlin/config/LanguageFeature; org/jetbrains/kotlin/config/LanguageFeature
staticfield org/jetbrains/kotlin/config/LanguageFeature AssigningArraysToVarargsInNamedFormInAnnotations Lorg/jetbrains/kotlin/config/LanguageFeature; org/jetbrains/kotlin/config/LanguageFeature
staticfield org/jetbrains/kotlin/config/LanguageFeature ExpectedTypeFromCast Lorg/jetbrains/kotlin/config/LanguageFeature; org/jetbrains/kotlin/config/LanguageFeature
staticfield org/jetbrains/kotlin/config/LanguageFeature DefaultMethodsCallFromJava6TargetError Lorg/jetbrains/kotlin/config/LanguageFeature; org/jetbrains/kotlin/config/LanguageFeature
staticfield org/jetbrains/kotlin/config/LanguageFeature RestrictionOfValReassignmentViaBackingField Lorg/jetbrains/kotlin/config/LanguageFeature; org/jetbrains/kotlin/config/LanguageFeature
staticfield org/jetbrains/kotlin/config/LanguageFeature NestedClassesInEnumEntryShouldBeInner Lorg/jetbrains/kotlin/config/LanguageFeature; org/jetbrains/kotlin/config/LanguageFeature
staticfield org/jetbrains/kotlin/config/LanguageFeature ProhibitDataClassesOverridingCopy Lorg/jetbrains/kotlin/config/LanguageFeature; org/jetbrains/kotlin/config/LanguageFeature
staticfield org/jetbrains/kotlin/config/LanguageFeature RestrictionOfWrongAnnotationsWithUseSiteTargetsOnTypes Lorg/jetbrains/kotlin/config/LanguageFeature; org/jetbrains/kotlin/config/LanguageFeature
staticfield org/jetbrains/kotlin/config/LanguageFeature ProhibitInnerClassesOfGenericClassExtendingThrowable Lorg/jetbrains/kotlin/config/LanguageFeature; org/jetbrains/kotlin/config/LanguageFeature
staticfield org/jetbrains/kotlin/config/LanguageFeature ProperForInArrayLoopRangeVariableAssignmentSemantic Lorg/jetbrains/kotlin/config/LanguageFeature; org/jetbrains/kotlin/config/LanguageFeature
staticfield org/jetbrains/kotlin/config/LanguageFeature NestedClassesInAnnotations Lorg/jetbrains/kotlin/config/LanguageFeature; org/jetbrains/kotlin/config/LanguageFeature
staticfield org/jetbrains/kotlin/config/LanguageFeature JvmStaticInInterface Lorg/jetbrains/kotlin/config/LanguageFeature; org/jetbrains/kotlin/config/LanguageFeature
staticfield org/jetbrains/kotlin/config/LanguageFeature JvmFieldInInterface Lorg/jetbrains/kotlin/config/LanguageFeature; org/jetbrains/kotlin/config/LanguageFeature
staticfield org/jetbrains/kotlin/config/LanguageFeature ProhibitVisibilityOfNestedClassifiersFromSupertypesOfCompanion Lorg/jetbrains/kotlin/config/LanguageFeature; org/jetbrains/kotlin/config/LanguageFeature
staticfield org/jetbrains/kotlin/config/LanguageFeature ProhibitNonConstValuesAsVarargsInAnnotations Lorg/jetbrains/kotlin/config/LanguageFeature; org/jetbrains/kotlin/config/LanguageFeature
staticfield org/jetbrains/kotlin/config/LanguageFeature ReleaseCoroutines Lorg/jetbrains/kotlin/config/LanguageFeature; org/jetbrains/kotlin/config/LanguageFeature
staticfield org/jetbrains/kotlin/config/LanguageFeature ReadDeserializedContracts Lorg/jetbrains/kotlin/config/LanguageFeature; org/jetbrains/kotlin/config/LanguageFeature
staticfield org/jetbrains/kotlin/config/LanguageFeature UseReturnsEffect Lorg/jetbrains/kotlin/config/LanguageFeature; org/jetbrains/kotlin/config/LanguageFeature
staticfield org/jetbrains/kotlin/config/LanguageFeature UseCallsInPlaceEffect Lorg/jetbrains/kotlin/config/LanguageFeature; org/jetbrains/kotlin/config/LanguageFeature
staticfield org/jetbrains/kotlin/config/LanguageFeature AllowContractsForCustomFunctions Lorg/jetbrains/kotlin/config/LanguageFeature; org/jetbrains/kotlin/config/LanguageFeature
staticfield org/jetbrains/kotlin/config/LanguageFeature VariableDeclarationInWhenSubject Lorg/jetbrains/kotlin/config/LanguageFeature; org/jetbrains/kotlin/config/LanguageFeature
staticfield org/jetbrains/kotlin/config/LanguageFeature ProhibitLocalAnnotations Lorg/jetbrains/kotlin/config/LanguageFeature; org/jetbrains/kotlin/config/LanguageFeature
staticfield org/jetbrains/kotlin/config/LanguageFeature ProhibitSmartcastsOnLocalDelegatedProperty Lorg/jetbrains/kotlin/config/LanguageFeature; org/jetbrains/kotlin/config/LanguageFeature
staticfield org/jetbrains/kotlin/config/LanguageFeature ProhibitOperatorMod Lorg/jetbrains/kotlin/config/LanguageFeature; org/jetbrains/kotlin/config/LanguageFeature
staticfield org/jetbrains/kotlin/config/LanguageFeature ProhibitAssigningSingleElementsToVarargsInNamedForm Lorg/jetbrains/kotlin/config/LanguageFeature; org/jetbrains/kotlin/config/LanguageFeature
staticfield org/jetbrains/kotlin/config/LanguageFeature FunctionTypesWithBigArity Lorg/jetbrains/kotlin/config/LanguageFeature; org/jetbrains/kotlin/config/LanguageFeature
staticfield org/jetbrains/kotlin/config/LanguageFeature RestrictRetentionForExpressionAnnotations Lorg/jetbrains/kotlin/config/LanguageFeature; org/jetbrains/kotlin/config/LanguageFeature
staticfield org/jetbrains/kotlin/config/LanguageFeature NormalizeConstructorCalls Lorg/jetbrains/kotlin/config/LanguageFeature; org/jetbrains/kotlin/config/LanguageFeature
staticfield org/jetbrains/kotlin/config/LanguageFeature StrictJavaNullabilityAssertions Lorg/jetbrains/kotlin/config/LanguageFeature; org/jetbrains/kotlin/config/LanguageFeature
staticfield org/jetbrains/kotlin/config/LanguageFeature SoundSmartcastForEnumEntries Lorg/jetbrains/kotlin/config/LanguageFeature; org/jetbrains/kotlin/config/LanguageFeature
staticfield org/jetbrains/kotlin/config/LanguageFeature ProhibitErroneousExpressionsInAnnotationsWithUseSiteTargets Lorg/jetbrains/kotlin/config/LanguageFeature; org/jetbrains/kotlin/config/LanguageFeature
staticfield org/jetbrains/kotlin/config/LanguageFeature NewCapturedReceiverFieldNamingConvention Lorg/jetbrains/kotlin/config/LanguageFeature; org/jetbrains/kotlin/config/LanguageFeature
staticfield org/jetbrains/kotlin/config/LanguageFeature ExtendedMainConvention Lorg/jetbrains/kotlin/config/LanguageFeature; org/jetbrains/kotlin/config/LanguageFeature
staticfield org/jetbrains/kotlin/config/LanguageFeature ExperimentalBuilderInference Lorg/jetbrains/kotlin/config/LanguageFeature; org/jetbrains/kotlin/config/LanguageFeature
staticfield org/jetbrains/kotlin/config/LanguageFeature InlineClasses Lorg/jetbrains/kotlin/config/LanguageFeature; org/jetbrains/kotlin/config/LanguageFeature
staticfield org/jetbrains/kotlin/config/LanguageFeature DslMarkerOnFunctionTypeReceiver Lorg/jetbrains/kotlin/config/LanguageFeature; org/jetbrains/kotlin/config/LanguageFeature
staticfield org/jetbrains/kotlin/config/LanguageFeature RestrictReturnStatementTarget Lorg/jetbrains/kotlin/config/LanguageFeature; org/jetbrains/kotlin/config/LanguageFeature
staticfield org/jetbrains/kotlin/config/LanguageFeature NoConstantValueAttributeForNonConstVals Lorg/jetbrains/kotlin/config/LanguageFeature; org/jetbrains/kotlin/config/LanguageFeature
staticfield org/jetbrains/kotlin/config/LanguageFeature WarningOnMainUnusedParameter Lorg/jetbrains/kotlin/config/LanguageFeature; org/jetbrains/kotlin/config/LanguageFeature
staticfield org/jetbrains/kotlin/config/LanguageFeature PolymorphicSignature Lorg/jetbrains/kotlin/config/LanguageFeature; org/jetbrains/kotlin/config/LanguageFeature
staticfield org/jetbrains/kotlin/config/LanguageFeature ProhibitConcurrentHashMapContains Lorg/jetbrains/kotlin/config/LanguageFeature; org/jetbrains/kotlin/config/LanguageFeature
staticfield org/jetbrains/kotlin/config/LanguageFeature ProhibitTypeParametersForLocalVariables Lorg/jetbrains/kotlin/config/LanguageFeature; org/jetbrains/kotlin/config/LanguageFeature
staticfield org/jetbrains/kotlin/config/LanguageFeature ProhibitJvmOverloadsOnConstructorsOfAnnotationClasses Lorg/jetbrains/kotlin/config/LanguageFeature; org/jetbrains/kotlin/config/LanguageFeature
staticfield org/jetbrains/kotlin/config/LanguageFeature ProhibitTypeParametersInAnonymousObjects Lorg/jetbrains/kotlin/config/LanguageFeature; org/jetbrains/kotlin/config/LanguageFeature
staticfield org/jetbrains/kotlin/config/LanguageFeature ProperInlineFromHigherPlatformDiagnostic Lorg/jetbrains/kotlin/config/LanguageFeature; org/jetbrains/kotlin/config/LanguageFeature
staticfield org/jetbrains/kotlin/config/LanguageFeature ProhibitRepeatedUseSiteTargetAnnotations Lorg/jetbrains/kotlin/config/LanguageFeature; org/jetbrains/kotlin/config/LanguageFeature
staticfield org/jetbrains/kotlin/config/LanguageFeature ProhibitUseSiteTargetAnnotationsOnSuperTypes Lorg/jetbrains/kotlin/config/LanguageFeature; org/jetbrains/kotlin/config/LanguageFeature
staticfield org/jetbrains/kotlin/config/LanguageFeature ProhibitTypeParametersInClassLiteralsInAnnotationArguments Lorg/jetbrains/kotlin/config/LanguageFeature; org/jetbrains/kotlin/config/LanguageFeature
staticfield org/jetbrains/kotlin/config/LanguageFeature ProhibitComparisonOfIncompatibleEnums Lorg/jetbrains/kotlin/config/LanguageFeature; org/jetbrains/kotlin/config/LanguageFeature
staticfield org/jetbrains/kotlin/config/LanguageFeature BareArrayClassLiteral Lorg/jetbrains/kotlin/config/LanguageFeature; org/jetbrains/kotlin/config/LanguageFeature
staticfield org/jetbrains/kotlin/config/LanguageFeature ProhibitGenericArrayClassLiteral Lorg/jetbrains/kotlin/config/LanguageFeature; org/jetbrains/kotlin/config/LanguageFeature
staticfield org/jetbrains/kotlin/config/LanguageFeature NonParenthesizedAnnotationsOnFunctionalTypes Lorg/jetbrains/kotlin/config/LanguageFeature; org/jetbrains/kotlin/config/LanguageFeature
staticfield org/jetbrains/kotlin/config/LanguageFeature UseGetterNameForPropertyAnnotationsMethodOnJvm Lorg/jetbrains/kotlin/config/LanguageFeature; org/jetbrains/kotlin/config/LanguageFeature
staticfield org/jetbrains/kotlin/config/LanguageFeature AllowBreakAndContinueInsideWhen Lorg/jetbrains/kotlin/config/LanguageFeature; org/jetbrains/kotlin/config/LanguageFeature
staticfield org/jetbrains/kotlin/config/LanguageFeature MixedNamedArgumentsInTheirOwnPosition Lorg/jetbrains/kotlin/config/LanguageFeature; org/jetbrains/kotlin/config/LanguageFeature
staticfield org/jetbrains/kotlin/config/LanguageFeature ProhibitTailrecOnVirtualMember Lorg/jetbrains/kotlin/config/LanguageFeature; org/jetbrains/kotlin/config/LanguageFeature
staticfield org/jetbrains/kotlin/config/LanguageFeature ProperComputationOrderOfTailrecDefaultParameters Lorg/jetbrains/kotlin/config/LanguageFeature; org/jetbrains/kotlin/config/LanguageFeature
staticfield org/jetbrains/kotlin/config/LanguageFeature TrailingCommas Lorg/jetbrains/kotlin/config/LanguageFeature; org/jetbrains/kotlin/config/LanguageFeature
staticfield org/jetbrains/kotlin/config/LanguageFeature ProhibitProtectedCallFromInline Lorg/jetbrains/kotlin/config/LanguageFeature; org/jetbrains/kotlin/config/LanguageFeature
staticfield org/jetbrains/kotlin/config/LanguageFeature ProperFinally Lorg/jetbrains/kotlin/config/LanguageFeature; org/jetbrains/kotlin/config/LanguageFeature
staticfield org/jetbrains/kotlin/config/LanguageFeature AllowAssigningArrayElementsToVarargsInNamedFormForFunctions Lorg/jetbrains/kotlin/config/LanguageFeature; org/jetbrains/kotlin/config/LanguageFeature
staticfield org/jetbrains/kotlin/config/LanguageFeature AllowNullOperatorsForResult Lorg/jetbrains/kotlin/config/LanguageFeature; org/jetbrains/kotlin/config/LanguageFeature
staticfield org/jetbrains/kotlin/config/LanguageFeature PreferJavaFieldOverload Lorg/jetbrains/kotlin/config/LanguageFeature; org/jetbrains/kotlin/config/LanguageFeature
staticfield org/jetbrains/kotlin/config/LanguageFeature AllowContractsForNonOverridableMembers Lorg/jetbrains/kotlin/config/LanguageFeature; org/jetbrains/kotlin/config/LanguageFeature
staticfield org/jetbrains/kotlin/config/LanguageFeature AllowReifiedGenericsInContracts Lorg/jetbrains/kotlin/config/LanguageFeature; org/jetbrains/kotlin/config/LanguageFeature
staticfield org/jetbrains/kotlin/config/LanguageFeature ProperVisibilityForCompanionObjectInstanceField Lorg/jetbrains/kotlin/config/LanguageFeature; org/jetbrains/kotlin/config/LanguageFeature
staticfield org/jetbrains/kotlin/config/LanguageFeature DoNotGenerateThrowsForDelegatedKotlinMembers Lorg/jetbrains/kotlin/config/LanguageFeature; org/jetbrains/kotlin/config/LanguageFeature
staticfield org/jetbrains/kotlin/config/LanguageFeature ProperIeee754Comparisons Lorg/jetbrains/kotlin/config/LanguageFeature; org/jetbrains/kotlin/config/LanguageFeature
staticfield org/jetbrains/kotlin/config/LanguageFeature FunctionalInterfaceConversion Lorg/jetbrains/kotlin/config/LanguageFeature; org/jetbrains/kotlin/config/LanguageFeature
staticfield org/jetbrains/kotlin/config/LanguageFeature GenerateJvmOverloadsAsFinal Lorg/jetbrains/kotlin/config/LanguageFeature; org/jetbrains/kotlin/config/LanguageFeature
staticfield org/jetbrains/kotlin/config/LanguageFeature MangleClassMembersReturningInlineClasses Lorg/jetbrains/kotlin/config/LanguageFeature; org/jetbrains/kotlin/config/LanguageFeature
staticfield org/jetbrains/kotlin/config/LanguageFeature ImproveReportingDiagnosticsOnProtectedMembersOfBaseClass Lorg/jetbrains/kotlin/config/LanguageFeature; org/jetbrains/kotlin/config/LanguageFeature
staticfield org/jetbrains/kotlin/config/LanguageFeature NewInference Lorg/jetbrains/kotlin/config/LanguageFeature; org/jetbrains/kotlin/config/LanguageFeature
staticfield org/jetbrains/kotlin/config/LanguageFeature SamConversionForKotlinFunctions Lorg/jetbrains/kotlin/config/LanguageFeature; org/jetbrains/kotlin/config/LanguageFeature
staticfield org/jetbrains/kotlin/config/LanguageFeature SamConversionPerArgument Lorg/jetbrains/kotlin/config/LanguageFeature; org/jetbrains/kotlin/config/LanguageFeature
staticfield org/jetbrains/kotlin/config/LanguageFeature FunctionReferenceWithDefaultValueAsOtherType Lorg/jetbrains/kotlin/config/LanguageFeature; org/jetbrains/kotlin/config/LanguageFeature
staticfield org/jetbrains/kotlin/config/LanguageFeature OverloadResolutionByLambdaReturnType Lorg/jetbrains/kotlin/config/LanguageFeature; org/jetbrains/kotlin/config/LanguageFeature
staticfield org/jetbrains/kotlin/config/LanguageFeature ContractsOnCallsWithImplicitReceiver Lorg/jetbrains/kotlin/config/LanguageFeature; org/jetbrains/kotlin/config/LanguageFeature
staticfield org/jetbrains/kotlin/config/LanguageFeature ProhibitSpreadOnSignaturePolymorphicCall Lorg/jetbrains/kotlin/config/LanguageFeature; org/jetbrains/kotlin/config/LanguageFeature
staticfield org/jetbrains/kotlin/config/LanguageFeature ProhibitInvisibleAbstractMethodsInSuperclasses Lorg/jetbrains/kotlin/config/LanguageFeature; org/jetbrains/kotlin/config/LanguageFeature
staticfield org/jetbrains/kotlin/config/LanguageFeature ProhibitNonReifiedArraysAsReifiedTypeArguments Lorg/jetbrains/kotlin/config/LanguageFeature; org/jetbrains/kotlin/config/LanguageFeature
staticfield org/jetbrains/kotlin/config/LanguageFeature ProhibitVarargAsArrayAfterSamArgument Lorg/jetbrains/kotlin/config/LanguageFeature; org/jetbrains/kotlin/config/LanguageFeature
staticfield org/jetbrains/kotlin/config/LanguageFeature CorrectSourceMappingSyntax Lorg/jetbrains/kotlin/config/LanguageFeature; org/jetbrains/kotlin/config/LanguageFeature
staticfield org/jetbrains/kotlin/config/LanguageFeature ProperArrayConventionSetterWithDefaultCalls Lorg/jetbrains/kotlin/config/LanguageFeature; org/jetbrains/kotlin/config/LanguageFeature
staticfield org/jetbrains/kotlin/config/LanguageFeature AdaptedCallableReferenceAgainstReflectiveType Lorg/jetbrains/kotlin/config/LanguageFeature; org/jetbrains/kotlin/config/LanguageFeature
staticfield org/jetbrains/kotlin/config/LanguageFeature InferenceCompatibility Lorg/jetbrains/kotlin/config/LanguageFeature; org/jetbrains/kotlin/config/LanguageFeature
staticfield org/jetbrains/kotlin/config/LanguageFeature RequiredPrimaryConstructorDelegationCallInEnums Lorg/jetbrains/kotlin/config/LanguageFeature; org/jetbrains/kotlin/config/LanguageFeature
staticfield org/jetbrains/kotlin/config/LanguageFeature ApproximateAnonymousReturnTypesInPrivateInlineFunctions Lorg/jetbrains/kotlin/config/LanguageFeature; org/jetbrains/kotlin/config/LanguageFeature
staticfield org/jetbrains/kotlin/config/LanguageFeature ForbidReferencingToUnderscoreNamedParameterOfCatchBlock Lorg/jetbrains/kotlin/config/LanguageFeature; org/jetbrains/kotlin/config/LanguageFeature
staticfield org/jetbrains/kotlin/config/LanguageFeature UseCorrectExecutionOrderForVarargArguments Lorg/jetbrains/kotlin/config/LanguageFeature; org/jetbrains/kotlin/config/LanguageFeature
staticfield org/jetbrains/kotlin/config/LanguageFeature JvmRecordSupport Lorg/jetbrains/kotlin/config/LanguageFeature; org/jetbrains/kotlin/config/LanguageFeature
staticfield org/jetbrains/kotlin/config/LanguageFeature AllowNullOperatorsForResultAndResultReturnTypeByDefault Lorg/jetbrains/kotlin/config/LanguageFeature; org/jetbrains/kotlin/config/LanguageFeature
staticfield org/jetbrains/kotlin/config/LanguageFeature AllowSealedInheritorsInDifferentFilesOfSamePackage Lorg/jetbrains/kotlin/config/LanguageFeature; org/jetbrains/kotlin/config/LanguageFeature
staticfield org/jetbrains/kotlin/config/LanguageFeature SealedInterfaces Lorg/jetbrains/kotlin/config/LanguageFeature; org/jetbrains/kotlin/config/LanguageFeature
staticfield org/jetbrains/kotlin/config/LanguageFeature JvmIrEnabledByDefault Lorg/jetbrains/kotlin/config/LanguageFeature; org/jetbrains/kotlin/config/LanguageFeature
staticfield org/jetbrains/kotlin/config/LanguageFeature JvmInlineValueClasses Lorg/jetbrains/kotlin/config/LanguageFeature; org/jetbrains/kotlin/config/LanguageFeature
staticfield org/jetbrains/kotlin/config/LanguageFeature SuspendFunctionsInFunInterfaces Lorg/jetbrains/kotlin/config/LanguageFeature; org/jetbrains/kotlin/config/LanguageFeature
staticfield org/jetbrains/kotlin/config/LanguageFeature SamWrapperClassesAreSynthetic Lorg/jetbrains/kotlin/config/LanguageFeature; org/jetbrains/kotlin/config/LanguageFeature
staticfield org/jetbrains/kotlin/config/LanguageFeature StrictOnlyInputTypesChecks Lorg/jetbrains/kotlin/config/LanguageFeature; org/jetbrains/kotlin/config/LanguageFeature
staticfield org/jetbrains/kotlin/config/LanguageFeature ProhibitJvmFieldOnOverrideFromInterfaceInPrimaryConstructor Lorg/jetbrains/kotlin/config/LanguageFeature; org/jetbrains/kotlin/config/LanguageFeature
staticfield org/jetbrains/kotlin/config/LanguageFeature PrivateInFileEffectiveVisibility Lorg/jetbrains/kotlin/config/LanguageFeature; org/jetbrains/kotlin/config/LanguageFeature
staticfield org/jetbrains/kotlin/config/LanguageFeature ProhibitSelfCallsInNestedObjects Lorg/jetbrains/kotlin/config/LanguageFeature; org/jetbrains/kotlin/config/LanguageFeature
staticfield org/jetbrains/kotlin/config/LanguageFeature ProperCheckAnnotationsTargetInTypeUsePositions Lorg/jetbrains/kotlin/config/LanguageFeature; org/jetbrains/kotlin/config/LanguageFeature
staticfield org/jetbrains/kotlin/config/LanguageFeature SuspendFunctionAsSupertype Lorg/jetbrains/kotlin/config/LanguageFeature; org/jetbrains/kotlin/config/LanguageFeature
staticfield org/jetbrains/kotlin/config/LanguageFeature UnrestrictedBuilderInference Lorg/jetbrains/kotlin/config/LanguageFeature; org/jetbrains/kotlin/config/LanguageFeature
staticfield org/jetbrains/kotlin/config/LanguageFeature ClassTypeParameterAnnotations Lorg/jetbrains/kotlin/config/LanguageFeature; org/jetbrains/kotlin/config/LanguageFeature
staticfield org/jetbrains/kotlin/config/LanguageFeature TypeInferenceOnCallsWithSelfTypes Lorg/jetbrains/kotlin/config/LanguageFeature; org/jetbrains/kotlin/config/LanguageFeature
staticfield org/jetbrains/kotlin/config/LanguageFeature WarnAboutNonExhaustiveWhenOnAlgebraicTypes Lorg/jetbrains/kotlin/config/LanguageFeature; org/jetbrains/kotlin/config/LanguageFeature
staticfield org/jetbrains/kotlin/config/LanguageFeature InstantiationOfAnnotationClasses Lorg/jetbrains/kotlin/config/LanguageFeature; org/jetbrains/kotlin/config/LanguageFeature
staticfield org/jetbrains/kotlin/config/LanguageFeature OptInContagiousSignatures Lorg/jetbrains/kotlin/config/LanguageFeature; org/jetbrains/kotlin/config/LanguageFeature
staticfield org/jetbrains/kotlin/config/LanguageFeature RepeatableAnnotations Lorg/jetbrains/kotlin/config/LanguageFeature; org/jetbrains/kotlin/config/LanguageFeature
staticfield org/jetbrains/kotlin/config/LanguageFeature RepeatableAnnotationContainerConstraints Lorg/jetbrains/kotlin/config/LanguageFeature; org/jetbrains/kotlin/config/LanguageFeature
staticfield org/jetbrains/kotlin/config/LanguageFeature UseBuilderInferenceOnlyIfNeeded Lorg/jetbrains/kotlin/config/LanguageFeature; org/jetbrains/kotlin/config/LanguageFeature
staticfield org/jetbrains/kotlin/config/LanguageFeature SuspendConversion Lorg/jetbrains/kotlin/config/LanguageFeature; org/jetbrains/kotlin/config/LanguageFeature
staticfield org/jetbrains/kotlin/config/LanguageFeature ProhibitSuperCallsFromPublicInline Lorg/jetbrains/kotlin/config/LanguageFeature; org/jetbrains/kotlin/config/LanguageFeature
staticfield org/jetbrains/kotlin/config/LanguageFeature ProhibitProtectedConstructorCallFromPublicInline Lorg/jetbrains/kotlin/config/LanguageFeature; org/jetbrains/kotlin/config/LanguageFeature
staticfield org/jetbrains/kotlin/config/LanguageFeature TypeEnhancementImprovementsInStrictMode Lorg/jetbrains/kotlin/config/LanguageFeature; org/jetbrains/kotlin/config/LanguageFeature
staticfield org/jetbrains/kotlin/config/LanguageFeature OptInRelease Lorg/jetbrains/kotlin/config/LanguageFeature; org/jetbrains/kotlin/config/LanguageFeature
staticfield org/jetbrains/kotlin/config/LanguageFeature ProhibitNonExhaustiveWhenOnAlgebraicTypes Lorg/jetbrains/kotlin/config/LanguageFeature; org/jetbrains/kotlin/config/LanguageFeature
staticfield org/jetbrains/kotlin/config/LanguageFeature UseBuilderInferenceWithoutAnnotation Lorg/jetbrains/kotlin/config/LanguageFeature; org/jetbrains/kotlin/config/LanguageFeature
staticfield org/jetbrains/kotlin/config/LanguageFeature ProhibitSmartcastsOnPropertyFromAlienBaseClass Lorg/jetbrains/kotlin/config/LanguageFeature; org/jetbrains/kotlin/config/LanguageFeature
staticfield org/jetbrains/kotlin/config/LanguageFeature ProhibitInvalidCharsInNativeIdentifiers Lorg/jetbrains/kotlin/config/LanguageFeature; org/jetbrains/kotlin/config/LanguageFeature
staticfield org/jetbrains/kotlin/config/LanguageFeature DefinitelyNonNullableTypes Lorg/jetbrains/kotlin/config/LanguageFeature; org/jetbrains/kotlin/config/LanguageFeature
staticfield org/jetbrains/kotlin/config/LanguageFeature ProhibitSimplificationOfNonTrivialConstBooleanExpressions Lorg/jetbrains/kotlin/config/LanguageFeature; org/jetbrains/kotlin/config/LanguageFeature
staticfield org/jetbrains/kotlin/config/LanguageFeature SafeCallsAreAlwaysNullable Lorg/jetbrains/kotlin/config/LanguageFeature; org/jetbrains/kotlin/config/LanguageFeature
staticfield org/jetbrains/kotlin/config/LanguageFeature JvmPermittedSubclassesAttributeForSealed Lorg/jetbrains/kotlin/config/LanguageFeature; org/jetbrains/kotlin/config/LanguageFeature
staticfield org/jetbrains/kotlin/config/LanguageFeature ProperTypeInferenceConstraintsProcessing Lorg/jetbrains/kotlin/config/LanguageFeature; org/jetbrains/kotlin/config/LanguageFeature
staticfield org/jetbrains/kotlin/config/LanguageFeature ForbidExposingTypesInPrimaryConstructorProperties Lorg/jetbrains/kotlin/config/LanguageFeature; org/jetbrains/kotlin/config/LanguageFeature
staticfield org/jetbrains/kotlin/config/LanguageFeature PartiallySpecifiedTypeArguments Lorg/jetbrains/kotlin/config/LanguageFeature; org/jetbrains/kotlin/config/LanguageFeature
staticfield org/jetbrains/kotlin/config/LanguageFeature EliminateAmbiguitiesWithExternalTypeParameters Lorg/jetbrains/kotlin/config/LanguageFeature; org/jetbrains/kotlin/config/LanguageFeature
staticfield org/jetbrains/kotlin/config/LanguageFeature EliminateAmbiguitiesOnInheritedSamInterfaces Lorg/jetbrains/kotlin/config/LanguageFeature; org/jetbrains/kotlin/config/LanguageFeature
staticfield org/jetbrains/kotlin/config/LanguageFeature ConsiderExtensionReceiverFromConstrainsInLambda Lorg/jetbrains/kotlin/config/LanguageFeature; org/jetbrains/kotlin/config/LanguageFeature
staticfield org/jetbrains/kotlin/config/LanguageFeature ProperInternalVisibilityCheckInImportingScope Lorg/jetbrains/kotlin/config/LanguageFeature; org/jetbrains/kotlin/config/LanguageFeature
staticfield org/jetbrains/kotlin/config/LanguageFeature InlineClassImplementationByDelegation Lorg/jetbrains/kotlin/config/LanguageFeature; org/jetbrains/kotlin/config/LanguageFeature
staticfield org/jetbrains/kotlin/config/LanguageFeature QualifiedSupertypeMayBeExtendedByOtherSupertype Lorg/jetbrains/kotlin/config/LanguageFeature; org/jetbrains/kotlin/config/LanguageFeature
staticfield org/jetbrains/kotlin/config/LanguageFeature YieldIsNoMoreReserved Lorg/jetbrains/kotlin/config/LanguageFeature; org/jetbrains/kotlin/config/LanguageFeature
staticfield org/jetbrains/kotlin/config/LanguageFeature NoDeprecationOnDeprecatedEnumEntries Lorg/jetbrains/kotlin/config/LanguageFeature; org/jetbrains/kotlin/config/LanguageFeature
staticfield org/jetbrains/kotlin/config/LanguageFeature ProhibitQualifiedAccessToUninitializedEnumEntry Lorg/jetbrains/kotlin/config/LanguageFeature; org/jetbrains/kotlin/config/LanguageFeature
staticfield org/jetbrains/kotlin/config/LanguageFeature ForbidRecursiveDelegateExpressions Lorg/jetbrains/kotlin/config/LanguageFeature; org/jetbrains/kotlin/config/LanguageFeature
staticfield org/jetbrains/kotlin/config/LanguageFeature KotlinFunInterfaceConstructorReference Lorg/jetbrains/kotlin/config/LanguageFeature; org/jetbrains/kotlin/config/LanguageFeature
staticfield org/jetbrains/kotlin/config/LanguageFeature SuspendOnlySamConversions Lorg/jetbrains/kotlin/config/LanguageFeature; org/jetbrains/kotlin/config/LanguageFeature
staticfield org/jetbrains/kotlin/config/LanguageFeature DontLoseDiagnosticsDuringOverloadResolutionByReturnType Lorg/jetbrains/kotlin/config/LanguageFeature; org/jetbrains/kotlin/config/LanguageFeature
staticfield org/jetbrains/kotlin/config/LanguageFeature ProhibitConfusingSyntaxInWhenBranches Lorg/jetbrains/kotlin/config/LanguageFeature; org/jetbrains/kotlin/config/LanguageFeature
staticfield org/jetbrains/kotlin/config/LanguageFeature UseConsistentRulesForPrivateConstructorsOfSealedClasses Lorg/jetbrains/kotlin/config/LanguageFeature; org/jetbrains/kotlin/config/LanguageFeature
staticfield org/jetbrains/kotlin/config/LanguageFeature ProgressionsChangingResolve Lorg/jetbrains/kotlin/config/LanguageFeature; org/jetbrains/kotlin/config/LanguageFeature
staticfield org/jetbrains/kotlin/config/LanguageFeature AbstractClassMemberNotImplementedWithIntermediateAbstractClass Lorg/jetbrains/kotlin/config/LanguageFeature; org/jetbrains/kotlin/config/LanguageFeature
staticfield org/jetbrains/kotlin/config/LanguageFeature ForbidSuperDelegationToAbstractAnyMethod Lorg/jetbrains/kotlin/config/LanguageFeature; org/jetbrains/kotlin/config/LanguageFeature
staticfield org/jetbrains/kotlin/config/LanguageFeature ProperEqualityChecksInBuilderInferenceCalls Lorg/jetbrains/kotlin/config/LanguageFeature; org/jetbrains/kotlin/config/LanguageFeature
staticfield org/jetbrains/kotlin/config/LanguageFeature ProhibitNonExhaustiveIfInRhsOfElvis Lorg/jetbrains/kotlin/config/LanguageFeature; org/jetbrains/kotlin/config/LanguageFeature
staticfield org/jetbrains/kotlin/config/LanguageFeature ReportMissingUpperBoundsViolatedErrorOnAbbreviationAtSupertypes Lorg/jetbrains/kotlin/config/LanguageFeature; org/jetbrains/kotlin/config/LanguageFeature
staticfield org/jetbrains/kotlin/config/LanguageFeature ForbidUsingExtensionPropertyTypeParameterInDelegate Lorg/jetbrains/kotlin/config/LanguageFeature; org/jetbrains/kotlin/config/LanguageFeature
staticfield org/jetbrains/kotlin/config/LanguageFeature SynchronizedSuspendError Lorg/jetbrains/kotlin/config/LanguageFeature; org/jetbrains/kotlin/config/LanguageFeature
staticfield org/jetbrains/kotlin/config/LanguageFeature ReportNonVarargSpreadOnGenericCalls Lorg/jetbrains/kotlin/config/LanguageFeature; org/jetbrains/kotlin/config/LanguageFeature
staticfield org/jetbrains/kotlin/config/LanguageFeature RangeUntilOperator Lorg/jetbrains/kotlin/config/LanguageFeature; org/jetbrains/kotlin/config/LanguageFeature
staticfield org/jetbrains/kotlin/config/LanguageFeature GenericInlineClassParameter Lorg/jetbrains/kotlin/config/LanguageFeature; org/jetbrains/kotlin/config/LanguageFeature
staticfield org/jetbrains/kotlin/config/LanguageFeature ProhibitIllegalValueParameterUsageInDefaultArguments Lorg/jetbrains/kotlin/config/LanguageFeature; org/jetbrains/kotlin/config/LanguageFeature
staticfield org/jetbrains/kotlin/config/LanguageFeature ProhibitConstructorCallOnFunctionalSupertype Lorg/jetbrains/kotlin/config/LanguageFeature; org/jetbrains/kotlin/config/LanguageFeature
staticfield org/jetbrains/kotlin/config/LanguageFeature ProhibitArrayLiteralsInCompanionOfAnnotation Lorg/jetbrains/kotlin/config/LanguageFeature; org/jetbrains/kotlin/config/LanguageFeature
staticfield org/jetbrains/kotlin/config/LanguageFeature ProhibitCyclesInAnnotations Lorg/jetbrains/kotlin/config/LanguageFeature; org/jetbrains/kotlin/config/LanguageFeature
staticfield org/jetbrains/kotlin/config/LanguageFeature ForbidExtensionFunctionTypeOnNonFunctionTypes Lorg/jetbrains/kotlin/config/LanguageFeature; org/jetbrains/kotlin/config/LanguageFeature
staticfield org/jetbrains/kotlin/config/LanguageFeature ProhibitEnumDeclaringClass Lorg/jetbrains/kotlin/config/LanguageFeature; org/jetbrains/kotlin/config/LanguageFeature
staticfield org/jetbrains/kotlin/config/LanguageFeature StopPropagatingDeprecationThroughOverrides Lorg/jetbrains/kotlin/config/LanguageFeature; org/jetbrains/kotlin/config/LanguageFeature
staticfield org/jetbrains/kotlin/config/LanguageFeature ReportTypeVarianceConflictOnQualifierArguments Lorg/jetbrains/kotlin/config/LanguageFeature; org/jetbrains/kotlin/config/LanguageFeature
staticfield org/jetbrains/kotlin/config/LanguageFeature ReportErrorsOnRecursiveTypeInsidePlusAssignment Lorg/jetbrains/kotlin/config/LanguageFeature; org/jetbrains/kotlin/config/LanguageFeature
staticfield org/jetbrains/kotlin/config/LanguageFeature ForbidExtensionCallsOnInlineFunctionalParameters Lorg/jetbrains/kotlin/config/LanguageFeature; org/jetbrains/kotlin/config/LanguageFeature
staticfield org/jetbrains/kotlin/config/LanguageFeature SkipStandaloneScriptsInSourceRoots Lorg/jetbrains/kotlin/config/LanguageFeature; org/jetbrains/kotlin/config/LanguageFeature
staticfield org/jetbrains/kotlin/config/LanguageFeature ModifierNonBuiltinSuspendFunError Lorg/jetbrains/kotlin/config/LanguageFeature; org/jetbrains/kotlin/config/LanguageFeature
staticfield org/jetbrains/kotlin/config/LanguageFeature EnumEntries Lorg/jetbrains/kotlin/config/LanguageFeature; org/jetbrains/kotlin/config/LanguageFeature
staticfield org/jetbrains/kotlin/config/LanguageFeature ForbidSuperDelegationToAbstractFakeOverride Lorg/jetbrains/kotlin/config/LanguageFeature; org/jetbrains/kotlin/config/LanguageFeature
staticfield org/jetbrains/kotlin/config/LanguageFeature DataObjects Lorg/jetbrains/kotlin/config/LanguageFeature; org/jetbrains/kotlin/config/LanguageFeature
staticfield org/jetbrains/kotlin/config/LanguageFeature ProhibitAccessToEnumCompanionMembersInEnumConstructorCall Lorg/jetbrains/kotlin/config/LanguageFeature; org/jetbrains/kotlin/config/LanguageFeature
staticfield org/jetbrains/kotlin/config/LanguageFeature RefineTypeCheckingOnAssignmentsToJavaFields Lorg/jetbrains/kotlin/config/LanguageFeature; org/jetbrains/kotlin/config/LanguageFeature
staticfield org/jetbrains/kotlin/config/LanguageFeature ValueClassesSecondaryConstructorWithBody Lorg/jetbrains/kotlin/config/LanguageFeature; org/jetbrains/kotlin/config/LanguageFeature
staticfield org/jetbrains/kotlin/config/LanguageFeature NativeJsProhibitLateinitIsInitializedIntrinsicWithoutPrivateAccess Lorg/jetbrains/kotlin/config/LanguageFeature; org/jetbrains/kotlin/config/LanguageFeature
staticfield org/jetbrains/kotlin/config/LanguageFeature TakeIntoAccountEffectivelyFinalInMustBeInitializedCheck Lorg/jetbrains/kotlin/config/LanguageFeature; org/jetbrains/kotlin/config/LanguageFeature
staticfield org/jetbrains/kotlin/config/LanguageFeature ProhibitUsingNullableTypeParameterAgainstNotNullAnnotated Lorg/jetbrains/kotlin/config/LanguageFeature; org/jetbrains/kotlin/config/LanguageFeature
staticfield org/jetbrains/kotlin/config/LanguageFeature NoSourceCodeInNotNullAssertionExceptions Lorg/jetbrains/kotlin/config/LanguageFeature; org/jetbrains/kotlin/config/LanguageFeature
staticfield org/jetbrains/kotlin/config/LanguageFeature MultiplatformRestrictions Lorg/jetbrains/kotlin/config/LanguageFeature; org/jetbrains/kotlin/config/LanguageFeature
staticfield org/jetbrains/kotlin/config/LanguageFeature EnhanceNullabilityOfPrimitiveArrays Lorg/jetbrains/kotlin/config/LanguageFeature; org/jetbrains/kotlin/config/LanguageFeature
staticfield org/jetbrains/kotlin/config/LanguageFeature AllowEmptyIntersectionsInResultTypeResolver Lorg/jetbrains/kotlin/config/LanguageFeature; org/jetbrains/kotlin/config/LanguageFeature
staticfield org/jetbrains/kotlin/config/LanguageFeature ProhibitSmartcastsOnPropertyFromAlienBaseClassInheritedInInvisibleClass Lorg/jetbrains/kotlin/config/LanguageFeature; org/jetbrains/kotlin/config/LanguageFeature
staticfield org/jetbrains/kotlin/config/LanguageFeature ForbidInferringPostponedTypeVariableIntoDeclaredUpperBound Lorg/jetbrains/kotlin/config/LanguageFeature; org/jetbrains/kotlin/config/LanguageFeature
staticfield org/jetbrains/kotlin/config/LanguageFeature ProhibitUseSiteGetTargetAnnotations Lorg/jetbrains/kotlin/config/LanguageFeature; org/jetbrains/kotlin/config/LanguageFeature
staticfield org/jetbrains/kotlin/config/LanguageFeature KeepNullabilityWhenApproximatingLocalType Lorg/jetbrains/kotlin/config/LanguageFeature; org/jetbrains/kotlin/config/LanguageFeature
staticfield org/jetbrains/kotlin/config/LanguageFeature ProhibitAccessToInvisibleSetterFromDerivedClass Lorg/jetbrains/kotlin/config/LanguageFeature; org/jetbrains/kotlin/config/LanguageFeature
staticfield org/jetbrains/kotlin/config/LanguageFeature ProhibitOpenValDeferredInitialization Lorg/jetbrains/kotlin/config/LanguageFeature; org/jetbrains/kotlin/config/LanguageFeature
staticfield org/jetbrains/kotlin/config/LanguageFeature SupportEffectivelyFinalInExpectActualVisibilityCheck Lorg/jetbrains/kotlin/config/LanguageFeature; org/jetbrains/kotlin/config/LanguageFeature
staticfield org/jetbrains/kotlin/config/LanguageFeature ProhibitMissedMustBeInitializedWhenThereIsNoPrimaryConstructor Lorg/jetbrains/kotlin/config/LanguageFeature; org/jetbrains/kotlin/config/LanguageFeature
staticfield org/jetbrains/kotlin/config/LanguageFeature MangleCallsToJavaMethodsWithValueClasses Lorg/jetbrains/kotlin/config/LanguageFeature; org/jetbrains/kotlin/config/LanguageFeature
staticfield org/jetbrains/kotlin/config/LanguageFeature ProhibitDefaultArgumentsInExpectActualizedByFakeOverride Lorg/jetbrains/kotlin/config/LanguageFeature; org/jetbrains/kotlin/config/LanguageFeature
staticfield org/jetbrains/kotlin/config/LanguageFeature DisableCompatibilityModeForNewInference Lorg/jetbrains/kotlin/config/LanguageFeature; org/jetbrains/kotlin/config/LanguageFeature
staticfield org/jetbrains/kotlin/config/LanguageFeature DfaBooleanVariables Lorg/jetbrains/kotlin/config/LanguageFeature; org/jetbrains/kotlin/config/LanguageFeature
staticfield org/jetbrains/kotlin/config/LanguageFeature LightweightLambdas Lorg/jetbrains/kotlin/config/LanguageFeature; org/jetbrains/kotlin/config/LanguageFeature
staticfield org/jetbrains/kotlin/config/LanguageFeature ObjCSignatureOverrideAnnotation Lorg/jetbrains/kotlin/config/LanguageFeature; org/jetbrains/kotlin/config/LanguageFeature
staticfield org/jetbrains/kotlin/config/LanguageFeature ProhibitImplementingVarByInheritedVal Lorg/jetbrains/kotlin/config/LanguageFeature; org/jetbrains/kotlin/config/LanguageFeature
staticfield org/jetbrains/kotlin/config/LanguageFeature PrioritizedEnumEntries Lorg/jetbrains/kotlin/config/LanguageFeature; org/jetbrains/kotlin/config/LanguageFeature
staticfield org/jetbrains/kotlin/config/LanguageFeature ProhibitInlineModifierOnPrimaryConstructorParameters Lorg/jetbrains/kotlin/config/LanguageFeature; org/jetbrains/kotlin/config/LanguageFeature
staticfield org/jetbrains/kotlin/config/LanguageFeature ProhibitSingleNamedFunctionAsExpression Lorg/jetbrains/kotlin/config/LanguageFeature; org/jetbrains/kotlin/config/LanguageFeature
staticfield org/jetbrains/kotlin/config/LanguageFeature ForbidLambdaParameterWithMissingDependencyType Lorg/jetbrains/kotlin/config/LanguageFeature; org/jetbrains/kotlin/config/LanguageFeature
staticfield org/jetbrains/kotlin/config/LanguageFeature JsAllowInvalidCharsIdentifiersEscaping Lorg/jetbrains/kotlin/config/LanguageFeature; org/jetbrains/kotlin/config/LanguageFeature
staticfield org/jetbrains/kotlin/config/LanguageFeature SupportJavaErrorEnhancementOfArgumentsOfWarningLevelEnhanced Lorg/jetbrains/kotlin/config/LanguageFeature; org/jetbrains/kotlin/config/LanguageFeature
staticfield org/jetbrains/kotlin/config/LanguageFeature ProhibitPrivateOperatorCallInInline Lorg/jetbrains/kotlin/config/LanguageFeature; org/jetbrains/kotlin/config/LanguageFeature
staticfield org/jetbrains/kotlin/config/LanguageFeature ProhibitTypealiasAsCallableQualifierInImport Lorg/jetbrains/kotlin/config/LanguageFeature; org/jetbrains/kotlin/config/LanguageFeature
staticfield org/jetbrains/kotlin/config/LanguageFeature ProhibitConstructorAndSupertypeOnTypealiasWithTypeProjection Lorg/jetbrains/kotlin/config/LanguageFeature; org/jetbrains/kotlin/config/LanguageFeature
staticfield org/jetbrains/kotlin/config/LanguageFeature JsExternalPropertyParameters Lorg/jetbrains/kotlin/config/LanguageFeature; org/jetbrains/kotlin/config/LanguageFeature
staticfield org/jetbrains/kotlin/config/LanguageFeature ErrorAboutDataClassCopyVisibilityChange Lorg/jetbrains/kotlin/config/LanguageFeature; org/jetbrains/kotlin/config/LanguageFeature
staticfield org/jetbrains/kotlin/config/LanguageFeature CorrectSpecificityCheckForSignedAndUnsigned Lorg/jetbrains/kotlin/config/LanguageFeature; org/jetbrains/kotlin/config/LanguageFeature
staticfield org/jetbrains/kotlin/config/LanguageFeature AllowAccessToProtectedFieldFromSuperCompanion Lorg/jetbrains/kotlin/config/LanguageFeature; org/jetbrains/kotlin/config/LanguageFeature
staticfield org/jetbrains/kotlin/config/LanguageFeature CheckLambdaAgainstTypeVariableContradictionInResolution Lorg/jetbrains/kotlin/config/LanguageFeature; org/jetbrains/kotlin/config/LanguageFeature
staticfield org/jetbrains/kotlin/config/LanguageFeature ProperUninitializedEnumEntryAccessAnalysis Lorg/jetbrains/kotlin/config/LanguageFeature; org/jetbrains/kotlin/config/LanguageFeature
staticfield org/jetbrains/kotlin/config/LanguageFeature ImprovedCapturedTypeApproximationInInference Lorg/jetbrains/kotlin/config/LanguageFeature; org/jetbrains/kotlin/config/LanguageFeature
staticfield org/jetbrains/kotlin/config/LanguageFeature ImprovedVarianceInCst Lorg/jetbrains/kotlin/config/LanguageFeature; org/jetbrains/kotlin/config/LanguageFeature
staticfield org/jetbrains/kotlin/config/LanguageFeature InferMoreImplicationsFromBooleanExpressions Lorg/jetbrains/kotlin/config/LanguageFeature; org/jetbrains/kotlin/config/LanguageFeature
staticfield org/jetbrains/kotlin/config/LanguageFeature ProhibitSynchronizationByValueClassesAndPrimitives Lorg/jetbrains/kotlin/config/LanguageFeature; org/jetbrains/kotlin/config/LanguageFeature
staticfield org/jetbrains/kotlin/config/LanguageFeature AvoidApproximationOfRecursiveCapturedTypesWithNoReason Lorg/jetbrains/kotlin/config/LanguageFeature; org/jetbrains/kotlin/config/LanguageFeature
staticfield org/jetbrains/kotlin/config/LanguageFeature UnstableSmartcastOnDelegatedProperties Lorg/jetbrains/kotlin/config/LanguageFeature; org/jetbrains/kotlin/config/LanguageFeature
staticfield org/jetbrains/kotlin/config/LanguageFeature ReferencesToSyntheticJavaProperties Lorg/jetbrains/kotlin/config/LanguageFeature; org/jetbrains/kotlin/config/LanguageFeature
staticfield org/jetbrains/kotlin/config/LanguageFeature ExpectActualClasses Lorg/jetbrains/kotlin/config/LanguageFeature; org/jetbrains/kotlin/config/LanguageFeature
staticfield org/jetbrains/kotlin/config/LanguageFeature DataClassCopyRespectsConstructorVisibility Lorg/jetbrains/kotlin/config/LanguageFeature; org/jetbrains/kotlin/config/LanguageFeature
staticfield org/jetbrains/kotlin/config/LanguageFeature IgnoreNullabilityForErasedValueParameters Lorg/jetbrains/kotlin/config/LanguageFeature; org/jetbrains/kotlin/config/LanguageFeature
staticfield org/jetbrains/kotlin/config/LanguageFeature NoBuilderInferenceWithoutAnnotationRestriction Lorg/jetbrains/kotlin/config/LanguageFeature; org/jetbrains/kotlin/config/LanguageFeature
staticfield org/jetbrains/kotlin/config/LanguageFeature ReportErrorsForComparisonOperators Lorg/jetbrains/kotlin/config/LanguageFeature; org/jetbrains/kotlin/config/LanguageFeature
staticfield org/jetbrains/kotlin/config/LanguageFeature NoAdditionalErrorsInK1DiagnosticReporter Lorg/jetbrains/kotlin/config/LanguageFeature; org/jetbrains/kotlin/config/LanguageFeature
staticfield org/jetbrains/kotlin/config/LanguageFeature ProhibitScriptTopLevelInnerClasses Lorg/jetbrains/kotlin/config/LanguageFeature; org/jetbrains/kotlin/config/LanguageFeature
staticfield org/jetbrains/kotlin/config/LanguageFeature BreakContinueInInlineLambdas Lorg/jetbrains/kotlin/config/LanguageFeature; org/jetbrains/kotlin/config/LanguageFeature
staticfield org/jetbrains/kotlin/config/LanguageFeature JsEnableExtensionFunctionInExternals Lorg/jetbrains/kotlin/config/LanguageFeature; org/jetbrains/kotlin/config/LanguageFeature
staticfield org/jetbrains/kotlin/config/LanguageFeature PackagePrivateFileClassesWithAllPrivateMembers Lorg/jetbrains/kotlin/config/LanguageFeature; org/jetbrains/kotlin/config/LanguageFeature
staticfield org/jetbrains/kotlin/config/LanguageFeature BooleanElvisBoundSmartCasts Lorg/jetbrains/kotlin/config/LanguageFeature; org/jetbrains/kotlin/config/LanguageFeature
staticfield org/jetbrains/kotlin/config/LanguageFeature NewDataFlowForTryExpressions Lorg/jetbrains/kotlin/config/LanguageFeature; org/jetbrains/kotlin/config/LanguageFeature
staticfield org/jetbrains/kotlin/config/LanguageFeature AllowResultInReturnType Lorg/jetbrains/kotlin/config/LanguageFeature; org/jetbrains/kotlin/config/LanguageFeature
staticfield org/jetbrains/kotlin/config/LanguageFeature MultiPlatformProjects Lorg/jetbrains/kotlin/config/LanguageFeature; org/jetbrains/kotlin/config/LanguageFeature
staticfield org/jetbrains/kotlin/config/LanguageFeature ProhibitComparisonOfIncompatibleClasses Lorg/jetbrains/kotlin/config/LanguageFeature; org/jetbrains/kotlin/config/LanguageFeature
staticfield org/jetbrains/kotlin/config/LanguageFeature ProhibitAllMultipleDefaultsInheritedFromSupertypes Lorg/jetbrains/kotlin/config/LanguageFeature; org/jetbrains/kotlin/config/LanguageFeature
staticfield org/jetbrains/kotlin/config/LanguageFeature ExplicitBackingFields Lorg/jetbrains/kotlin/config/LanguageFeature; org/jetbrains/kotlin/config/LanguageFeature
staticfield org/jetbrains/kotlin/config/LanguageFeature FunctionalTypeWithExtensionAsSupertype Lorg/jetbrains/kotlin/config/LanguageFeature; org/jetbrains/kotlin/config/LanguageFeature
staticfield org/jetbrains/kotlin/config/LanguageFeature JsAllowValueClassesInExternals Lorg/jetbrains/kotlin/config/LanguageFeature; org/jetbrains/kotlin/config/LanguageFeature
staticfield org/jetbrains/kotlin/config/LanguageFeature ContextReceivers Lorg/jetbrains/kotlin/config/LanguageFeature; org/jetbrains/kotlin/config/LanguageFeature
staticfield org/jetbrains/kotlin/config/LanguageFeature ValueClasses Lorg/jetbrains/kotlin/config/LanguageFeature; org/jetbrains/kotlin/config/LanguageFeature
staticfield org/jetbrains/kotlin/config/LanguageFeature JavaSamConversionEqualsHashCode Lorg/jetbrains/kotlin/config/LanguageFeature; org/jetbrains/kotlin/config/LanguageFeature
staticfield org/jetbrains/kotlin/config/LanguageFeature UnitConversionsOnArbitraryExpressions Lorg/jetbrains/kotlin/config/LanguageFeature; org/jetbrains/kotlin/config/LanguageFeature
staticfield org/jetbrains/kotlin/config/LanguageFeature JsAllowImplementingFunctionInterface Lorg/jetbrains/kotlin/config/LanguageFeature; org/jetbrains/kotlin/config/LanguageFeature
staticfield org/jetbrains/kotlin/config/LanguageFeature CustomEqualsInValueClasses Lorg/jetbrains/kotlin/config/LanguageFeature; org/jetbrains/kotlin/config/LanguageFeature
staticfield org/jetbrains/kotlin/config/LanguageFeature InlineLateinit Lorg/jetbrains/kotlin/config/LanguageFeature; org/jetbrains/kotlin/config/LanguageFeature
staticfield org/jetbrains/kotlin/config/LanguageFeature EnableDfaWarningsInK2 Lorg/jetbrains/kotlin/config/LanguageFeature; org/jetbrains/kotlin/config/LanguageFeature
staticfield org/jetbrains/kotlin/config/LanguageFeature ContractSyntaxV2 Lorg/jetbrains/kotlin/config/LanguageFeature; org/jetbrains/kotlin/config/LanguageFeature
staticfield org/jetbrains/kotlin/config/LanguageFeature ImplicitSignedToUnsignedIntegerConversion Lorg/jetbrains/kotlin/config/LanguageFeature; org/jetbrains/kotlin/config/LanguageFeature
staticfield org/jetbrains/kotlin/config/LanguageFeature ForbidInferringTypeVariablesIntoEmptyIntersection Lorg/jetbrains/kotlin/config/LanguageFeature; org/jetbrains/kotlin/config/LanguageFeature
staticfield org/jetbrains/kotlin/config/LanguageFeature IntrinsicConstEvaluation Lorg/jetbrains/kotlin/config/LanguageFeature; org/jetbrains/kotlin/config/LanguageFeature
staticfield org/jetbrains/kotlin/config/LanguageFeature DisableCheckingChangedProgressionsResolve Lorg/jetbrains/kotlin/config/LanguageFeature; org/jetbrains/kotlin/config/LanguageFeature
staticfield org/jetbrains/kotlin/config/LanguageFeature ContextSensitiveEnumResolutionInWhen Lorg/jetbrains/kotlin/config/LanguageFeature; org/jetbrains/kotlin/config/LanguageFeature
staticfield org/jetbrains/kotlin/config/LanguageFeature ForbidSyntheticPropertiesWithoutBaseJavaGetter Lorg/jetbrains/kotlin/config/LanguageFeature; org/jetbrains/kotlin/config/LanguageFeature
staticfield org/jetbrains/kotlin/config/LanguageFeature JavaTypeParameterDefaultRepresentationWithDNN Lorg/jetbrains/kotlin/config/LanguageFeature; org/jetbrains/kotlin/config/LanguageFeature
staticfield org/jetbrains/kotlin/config/LanguageFeature ForbidUsingExpressionTypesWithInaccessibleContent Lorg/jetbrains/kotlin/config/LanguageFeature; org/jetbrains/kotlin/config/LanguageFeature
staticfield org/jetbrains/kotlin/config/LanguageFeature ProperFieldAccessGenerationForFieldAccessShadowedByKotlinProperty Lorg/jetbrains/kotlin/config/LanguageFeature; org/jetbrains/kotlin/config/LanguageFeature
staticfield org/jetbrains/kotlin/config/LanguageFeature WhenGuards Lorg/jetbrains/kotlin/config/LanguageFeature; org/jetbrains/kotlin/config/LanguageFeature
staticfield org/jetbrains/kotlin/config/LanguageFeature MultiDollarInterpolation Lorg/jetbrains/kotlin/config/LanguageFeature; org/jetbrains/kotlin/config/LanguageFeature
staticfield org/jetbrains/kotlin/config/LanguageFeature $VALUES [Lorg/jetbrains/kotlin/config/LanguageFeature; 289 [Lorg/jetbrains/kotlin/config/LanguageFeature;
staticfield org/jetbrains/kotlin/config/LanguageFeature $ENTRIES Lkotlin/enums/EnumEntries; kotlin/enums/EnumEntriesList
ciInstanceKlass org/jetbrains/kotlin/config/LanguageFeature$State 1 1 111 1 7 1 1 7 1 100 1 1 1 3 3 1 3 1 3 1 1 1 1 1 1 1 1 1 1 1 1 1 1 1 1 100 1 1 1 1 1 1 1 1 1 12 10 12 9 1 1 1 1 1 1 12 9 1 100 1 1 12 10 100 1 1 1 12 10 1 1 1 1 12 9 1 12 9 12 9 12 9 1 1 8 1 8 12 10 8 1 8 8 1 8 12 10 1 7 1 7 1 1 12 10 1 1 1 1 1 1 1 1
staticfield org/jetbrains/kotlin/config/LanguageFeature$State ENABLED Lorg/jetbrains/kotlin/config/LanguageFeature$State; org/jetbrains/kotlin/config/LanguageFeature$State
staticfield org/jetbrains/kotlin/config/LanguageFeature$State ENABLED_WITH_WARNING Lorg/jetbrains/kotlin/config/LanguageFeature$State; org/jetbrains/kotlin/config/LanguageFeature$State
staticfield org/jetbrains/kotlin/config/LanguageFeature$State DISABLED Lorg/jetbrains/kotlin/config/LanguageFeature$State; org/jetbrains/kotlin/config/LanguageFeature$State
staticfield org/jetbrains/kotlin/config/LanguageFeature$State $VALUES [Lorg/jetbrains/kotlin/config/LanguageFeature$State; 3 [Lorg/jetbrains/kotlin/config/LanguageFeature$State;
staticfield org/jetbrains/kotlin/config/LanguageFeature$State $ENTRIES Lkotlin/enums/EnumEntries; kotlin/enums/EnumEntriesList
ciInstanceKlass org/jetbrains/kotlin/protobuf/LazyStringArrayList 1 1 244 1 7 1 1 7 1 100 1 100 1 1 100 1 1 100 1 1 1 1 1 1 1 1 12 10 1 7 10 12 9 1 1 1 1 1 12 11 1 12 10 1 1 12 10 1 1 1 1 12 10 1 1 1 1 7 1 12 11 1 7 1 7 1 1 12 10 1 1 12 10 1 1 12 11 1 100 1 100 1 12 10 1 12 10 1 1 1 1 1 1 1 1 1 11 1 1 1 12 10 1 1 1 12 11 1 12 9 1 1 10 1 12 10 1 1 1 1 1 1 12 11 11 1 1 1 1 1 1 11 1 1 1 1 1 1 12 11 1 12 11 1 1 12 11 1 1 1 1 1 12 10 1 1 1 1 1 12 10 1 1 1 1 12 10 1 1 12 10 1 1 12 10 1 12 10 1 1 100 1 1 12 10 1 1 1 12 11 1 100 1 12 11 1 1 12 11 1 100 1 1 12 10 1 1 1 1 1 12 10 1 1 10 1 1 1 7 12 10 12 10 1 12 10 1 12 10 12 10 1 1 1 10 12 10 12 9 1 1 1 1 1 1 1
staticfield org/jetbrains/kotlin/protobuf/LazyStringArrayList EMPTY Lorg/jetbrains/kotlin/protobuf/LazyStringList; org/jetbrains/kotlin/protobuf/UnmodifiableLazyStringList
instanceKlass org/jetbrains/kotlin/fir/java/FirCliSession
ciInstanceKlass org/jetbrains/kotlin/fir/FirSession 1 1 145 1 7 1 1 7 1 1 1 3 3 1 3 1 3 1 1 1 1 1 1 1 1 1 1 1 1 1 1 1 1 1 1 1 1 1 1 1 1 1 1 1 1 1 1 1 1 1 1 1 7 1 100 1 1 1 1 1 8 1 7 1 1 12 10 1 12 10 12 9 12 9 1 7 10 12 9 12 9 1 7 12 9 1 1 1 1 1 8 8 1 1 12 10 1 8 1 12 10 1 1 1 100 1 1 12 10 1 8 1 100 1 100 10 1 8 1 1 12 10 1 1 12 10 1 12 10 12 10 1 1 1 1 12 10 1 1 1 1 1 1 1 1 1 1
staticfield org/jetbrains/kotlin/fir/FirSession Companion Lorg/jetbrains/kotlin/fir/FirSession$Companion; org/jetbrains/kotlin/fir/FirSession$Companion
ciInstanceKlass org/jetbrains/kotlin/fir/java/FirCliSession 1 1 52 1 100 1 7 1 1 1 3 3 1 3 1 3 1 1 1 1 1 1 1 1 1 1 1 1 1 100 1 1 1 8 1 7 1 1 12 10 8 1 7 1 12 10 1 1 1 1 1 1 1 1
ciInstanceKlass org/jetbrains/kotlin/types/model/KotlinTypeMarker 1 0 22 1 100 1 100 1 1 1 3 3 1 3 1 3 1 1 1 1 1 1 1 1
ciInstanceKlass org/jetbrains/kotlin/types/model/SimpleTypeMarker 1 0 24 1 100 1 100 1 100 1 1 1 3 3 1 3 1 3 1 1 1 1 1 1 1 1
instanceKlass org/jetbrains/kotlin/fir/types/ConeFlexibleType
instanceKlass org/jetbrains/kotlin/fir/types/ConeSimpleKotlinType
ciInstanceKlass org/jetbrains/kotlin/fir/types/ConeKotlinType 1 1 85 1 7 1 7 1 100 1 100 1 1 1 3 3 1 3 1 3 1 1 1 1 1 1 1 1 1 1 1 1 1 1 1 1 1 1 1 1 1 1 1 1 1 1 1 1 1 1 1 1 1 1 1 1 1 12 10 1 1 1 7 1 12 9 1 1 100 1 1 12 10 1 1 1 12 10 1 1 1 1 1 1 1 1 1
instanceKlass org/jetbrains/kotlin/fir/types/ConeIntegerLiteralType
instanceKlass org/jetbrains/kotlin/fir/types/ConeCapturedType
instanceKlass org/jetbrains/kotlin/fir/types/ConeStubType
instanceKlass org/jetbrains/kotlin/fir/types/ConeTypeVariableType
instanceKlass org/jetbrains/kotlin/fir/types/ConeDefinitelyNotNullType
instanceKlass org/jetbrains/kotlin/fir/types/ConeIntersectionType
instanceKlass org/jetbrains/kotlin/fir/types/ConeLookupTagBasedType
ciInstanceKlass org/jetbrains/kotlin/fir/types/ConeSimpleKotlinType 1 1 45 1 7 1 7 1 100 1 1 1 3 3 1 3 1 3 1 1 1 1 1 1 1 1 1 1 1 1 1 1 1 1 1 12 10 1 12 10 1 1 1 1 1 1 1
instanceKlass org/jetbrains/kotlin/fir/types/ConeTypeParameterType
instanceKlass org/jetbrains/kotlin/fir/types/ConeClassLikeType
ciInstanceKlass org/jetbrains/kotlin/fir/types/ConeLookupTagBasedType 1 1 37 1 100 1 7 1 1 1 3 3 1 3 1 3 1 1 1 1 1 1 1 1 1 1 1 1 1 12 10 1 1 1 1 1 1 1 1
instanceKlass org/jetbrains/kotlin/fir/types/ConeErrorType
instanceKlass org/jetbrains/kotlin/fir/types/impl/ConeClassLikeTypeImpl
ciInstanceKlass org/jetbrains/kotlin/fir/types/ConeClassLikeType 1 1 36 1 100 1 7 1 1 1 3 3 1 3 1 3 1 1 1 1 1 1 1 1 1 1 1 1 12 10 1 1 1 1 1 1 1 1
ciInstanceKlass org/jetbrains/kotlin/fir/types/impl/ConeClassLikeTypeImpl 1 1 176 1 7 1 7 1 1 1 3 3 1 3 1 3 1 1 1 1 1 1 1 1 1 1 1 1 1 1 1 1 1 1 1 1 1 1 1 1 1 1 1 1 1 1 1 1 1 1 1 1 1 7 1 7 1 1 7 1 7 1 7 1 7 1 1 1 8 1 7 1 1 12 10 8 8 1 12 10 12 9 12 9 100 1 12 9 1 12 10 12 9 1 12 9 1 1 12 10 12 9 1 1 1 1 12 9 1 12 10 12 10 1 12 9 1 1 1 1 7 1 1 12 10 1 100 1 1 12 10 1 8 1 12 10 12 10 12 10 1 7 1 12 10 12 10 12 10 1 1 12 10 1 1 1 7 12 10 1 12 10 10 1 1 1 1 7 1 1 1 1 1 1 1 1 1 1
ciInstanceKlass org/jetbrains/kotlin/types/model/TypeConstructorMarker 1 0 22 1 100 1 100 1 1 1 3 3 1 3 1 3 1 1 1 1 1 1 1 1
instanceKlass org/jetbrains/kotlin/fir/symbols/ConeClassifierLookupTagWithFixedSymbol
instanceKlass org/jetbrains/kotlin/fir/symbols/ConeClassLikeLookupTag
ciInstanceKlass org/jetbrains/kotlin/fir/symbols/ConeClassifierLookupTag 1 1 56 1 100 1 7 1 100 1 1 1 3 3 1 3 1 3 1 1 1 1 1 1 1 1 1 1 1 1 1 1 12 10 1 1 1 12 10 1 100 1 12 10 1 8 1 100 1 1 12 10 1 1 1 1 1 1
instanceKlass org/jetbrains/kotlin/fir/types/ConeClassLikeErrorLookupTag
instanceKlass org/jetbrains/kotlin/fir/symbols/impl/ConeClassLookupTagWithFixedSymbol
instanceKlass org/jetbrains/kotlin/fir/symbols/impl/ConeClassLikeLookupTagImpl
ciInstanceKlass org/jetbrains/kotlin/fir/symbols/ConeClassLikeLookupTag 1 1 47 1 7 1 7 1 1 1 3 3 1 3 1 3 1 1 1 1 1 1 1 1 1 1 1 1 1 1 1 1 12 10 1 1 12 10 1 7 1 12 10 1 1 1 1 1 1
ciInstanceKlass org/jetbrains/kotlin/fir/symbols/impl/ConeClassLikeLookupTagImpl 1 1 137 1 7 1 7 1 1 1 3 3 1 3 1 3 1 1 1 1 1 1 1 1 1 1 1 1 1 1 1 1 1 1 1 1 1 1 1 1 1 1 1 1 1 1 1 1 8 1 7 1 1 12 10 12 10 12 9 12 10 1 7 1 1 12 10 1 7 1 1 12 9 1 100 10 1 8 1 1 12 10 1 12 10 1 12 10 1 1 12 10 1 100 1 12 10 1 1 1 1 12 9 1 1 1 1 1 7 1 1 12 10 1 100 1 1 12 10 1 8 1 12 10 1 1 12 10 1 1 1 1 1 1 1 1 1 1 1
ciInstanceKlass org/jetbrains/kotlin/fir/types/TypeComponents 1 1 80 1 7 1 7 1 100 1 1 1 3 3 1 3 1 3 1 1 1 1 1 1 1 1 1 1 1 1 1 1 1 1 1 1 1 1 1 7 1 8 1 7 1 1 12 10 1 12 10 12 9 1 12 10 1 7 12 9 1 7 1 7 1 1 12 10 1 12 10 12 9 1 1 1 1 1 1 1 1 1
ciInstanceKlass org/jetbrains/kotlin/types/model/TypeSystemContext 1 1 428 1 7 1 100 1 100 1 1 1 3 3 1 3 1 3 1 1 1 1 1 1 1 1 1 1 1 1 1 1 1 1 1 1 1 1 1 1 1 1 1 1 1 1 1 1 1 1 1 1 1 1 1 1 1 1 1 1 1 1 1 1 1 1 1 1 1 1 1 1 1 1 1 1 1 1 1 1 1 1 1 1 1 1 1 1 1 1 1 1 1 1 1 1 1 1 1 1 1 1 1 1 1 1 1 1 1 1 1 1 1 1 1 1 1 1 1 1 1 1 1 1 1 1 1 1 1 1 1 1 1 1 1 1 1 1 1 1 1 1 1 1 1 1 1 1 1 1 1 1 1 1 1 1 1 100 1 100 1 1 7 1 1 1 1 1 1 1 1 1 1 8 1 7 1 1 12 10 12 11 12 11 1 7 1 100 1 1 1 1 1 12 11 12 11 1 1 1 12 11 1 1 12 11 1 1 1 1 1 1 1 1 1 1 1 1 1 7 12 11 12 11 1 1 1 1 1 1 1 1 1 1 1 1 1 1 1 1 1 1 1 1 1 1 1 1 1 1 100 1 8 1 1 12 10 12 11 1 12 11 12 11 1 1 12 10 1 12 11 1 12 11 12 11 12 11 1 1 12 10 1 12 11 12 11 1 1 12 11 1 7 1 100 1 12 11 12 11 12 11 1 100 12 11 12 11 1 1 1 1 100 1 1 1 1 1 1 12 11 12 11 12 11 1 12 11 1 12 11 12 11 1 1 1 1 1 8 1 12 11 1 1 1 1 1 1 1 100 1 100 1 12 10 1 8 1 12 10 1 100 1 100 1 12 10 1 8 1 1 12 10 1 12 10 1 8 1 1 12 10 1 100 1 1 12 10 1 1 12 10 10 10 1 1 1 12 10 1 1 1 1 12 10 1 7 1 1 1 1 1 1 1 1 1 1 1 1 1 1 1 1 1 1 1 1 1 1 1
ciInstanceKlass org/jetbrains/kotlin/fir/types/ConeTypeContext 1 1 1499 1 7 1 100 1 100 1 100 1 100 1 100 1 1 1 3 3 1 3 1 3 1 1 1 1 1 1 1 1 1 1 1 1 1 1 1 1 1 1 1 1 1 1 1 1 1 1 1 1 1 1 1 1 1 1 1 1 1 1 1 1 1 1 1 1 1 1 1 1 1 1 1 1 1 1 1 1 1 1 1 1 1 1 1 1 1 1 1 1 1 1 1 1 1 1 1 1 1 1 1 1 1 1 1 1 1 1 1 1 1 1 1 1 1 1 1 1 1 1 1 1 1 1 1 1 1 1 1 1 1 1 1 1 1 1 1 1 1 1 1 1 1 1 1 1 1 1 1 1 1 1 1 1 1 1 1 1 1 1 1 1 1 1 1 1 1 1 1 1 1 1 1 1 7 1 100 1 1 100 1 100 1 1 7 1 7 1 1 7 1 1 7 1 7 1 100 1 1 100 1 1 1 1 8 1 7 1 1 12 10 1 7 1 1 1 7 1 1 7 1 1 7 1 7 1 7 1 1 12 10 1 1 12 10 1 1 1 7 1 8 1 100 1 1 12 10 1 1 12 10 1 100 1 1 12 10 1 1 1 1 1 12 10 1 7 1 1 12 10 1 7 1 1 1 8 1 7 12 11 1 7 1 1 12 10 1 7 1 1 12 10 1 1 1 1 1 7 1 1 12 9 1 8 1 100 1 12 10 1 7 1 7 1 1 12 10 1 7 1 7 1 7 1 7 1 100 1 12 10 1 8 1 1 12 10 1 1 12 10 1 100 1 1 12 10 1 12 10 10 1 8 1 100 1 12 10 1 100 1 100 10 8 1 100 1 100 1 1 12 10 1 12 10 1 1 12 11 1 100 1 1 1 1 1 1 1 1 1 1 1 1 1 1 1 1 1 1 1 1 1 7 1 1 1 7 1 12 11 12 11 1 1 12 10 1 7 1 1 12 10 1 1 1 7 1 1 1 12 10 1 1 1 12 10 1 1 12 10 1 1 1 7 1 100 1 1 1 7 1 100 1 1 12 10 1 1 12 10 1 12 10 1 1 1 12 9 1 1 12 10 1 7 1 1 12 10 1 1 12 10 1 8 1 12 10 1 1 1 7 1 1 12 10 1 1 1 12 10 1 7 1 1 1 12 10 1 1 1 1 1 7 1 1 12 10 1 7 1 1 1 1 12 10 1 1 1 7 1 1 12 10 1 7 1 7 1 1 12 9 1 1 1 1 1 12 10 1 1 1 1 12 10 1 1 12 10 1 1 12 11 1 1 1 1 1 1 12 10 1 1 12 9 1 7 1 1 12 10 1 100 1 8 10 1 7 1 12 9 1 12 9 1 12 9 1 100 10 1 1 1 7 1 8 12 10 1 1 1 8 1 100 1 12 10 1 100 10 1 100 10 1 1 1 7 1 7 1 7 1 7 1 1 12 10 1 7 1 1 12 10 1 7 1 12 10 1 7 1 12 11 1 7 1 7 10 1 7 10 1 100 10 1 100 10 1 7 1 12 11 1 1 1 1 12 11 1 1 12 11 1 7 1 1 12 11 1 7 1 1 12 10 1 7 1 7 10 1 8 1 8 1 8 1 100 1 1 12 10 1 1 1 1 1 1 7 1 7 1 1 12 10 1 12 10 1 1 12 11 1 7 1 12 11 1 1 12 11 1 1 12 11 1 1 1 1 1 1 1 1 1 1 1 1 1 1 1 1 1 1 1 1 1 100 1 1 12 10 1 100 1 1 12 10 1 100 1 12 10 1 1 12 10 10 10 1 12 10 1 7 1 7 1 1 12 10 1 7 1 7 1 1 12 9 1 7 1 1 12 10 1 7 10 1 7 1 7 1 1 12 10 1 1 12 10 1 12 10 1 12 10 1 12 10 1 12 10 10 1 1 1 1 1 1 1 1 10 1 7 1 1 12 10 1 7 1 1 12 9 1 1 1 12 10 1 7 1 1 12 10 1 1 1 1 1 1 1 1 1 1 1 1 12 10 1 12 11 1 16 1 1 12 11 15 1 16 1 7 1 1 12 10 15 1 1 12 18 1 1 12 10 1 1 12 10 1 1 1 1 1 1 1 8 8 1 1 100 1 1 12 10 1 100 1 1 12 11 1 100 1 1 12 9 10 1 12 9 1 12 9 1 1 1 1 1 1 1 1 1 1 12 10 1 8 1 1 12 10 1 1 7 1 1 8 8 1 1 12 10 1 7 1 12 9 1 12 10 1 1 12 10 1 1 12 10 1 12 11 1 100 1 7 1 100 12 11 1 1 7 1 12 10 1 1 1 12 10 1 12 10 1 1 1 7 1 1 1 1 12 10 1 12 10 1 1 12 10 1 100 1 12 10 1 1 1 8 1 7 1 12 9 1 8 1 7 1 12 10 1 1 1 1 12 10 1 1 1 1 8 1 100 1 1 12 10 1 12 10 1 12 11 1 12 9 1 12 9 1 12 10 1 1 12 10 1 100 11 1 1 1 1 1 1 1 1 1 1 1 1 8 1 100 1 12 9 1 1 12 10 1 7 12 11 1 100 1 100 1 12 10 1 100 1 1 12 10 1 7 1 100 1 100 1 1 12 10 1 7 1 1 12 10 1 1 1 1 1 1 1 100 1 1 12 10 1 12 9 1 1 12 10 1 100 1 12 10 1 12 11 1 1 12 10 1 100 12 10 1 12 10 1 100 1 100 1 1 12 11 1 100 10 1 100 1 1 12 10 1 100 1 12 10 1 1 1 1 1 1 1 1 1 1 1 1 12 11 1 100 1 1 12 10 1 100 1 1 12 9 1 1 1 1 12 9 1 1 1 7 1 1 12 10 1 100 1 12 10 1 1 1 12 11 1 1 1 1 1 12 10 1 1 100 1 1 12 10 1 1 1 12 10 1 1 1 12 11 1 1 12 9 1 100 1 100 1 1 1 1 12 9 1 1 1 12 10 1 1 12 10 1 1 12 10 1 1 1 12 10 1 1 12 10 1 1 12 10 1 1 1 8 1 1 12 11 15 16 1 12 18 1 1 12 10 1 8 1 1 1 1 12 11 1 12 9 1 7 10 1 1 12 10 1 7 1 1 12 10 1 7 1 1 12 10 1 7 10 1 7 1 12 10 1 12 10 1 7 1 1 12 10 1 12 10 1 12 10 1 1 12 11 1 7 1 1 12 10 1 12 9 1 12 10 1 1 1 1 1 1 1 1 1 1 1 1 1 1 1 8 12 11 1 1 1 12 11 1 100 12 11 1 12 11 1 1 1 1 1 1 1 1 1 1 1 1 1 100 1 8 1 1 12 10 1 1 1 8 1 1 1 8 1 1 1 8 1 1 1 8 1 1 1 8 1 1 1 8 1 1 1 8 1 1 1 8 1 1 8 1 1
ciInstanceKlass org/jetbrains/kotlin/types/model/TypeSystemCommonSuperTypesContext 1 1 609 1 7 1 100 1 100 1 7 1 100 1 1 1 3 3 1 3 1 3 1 1 1 1 1 1 1 1 1 1 1 1 1 1 1 1 1 1 1 1 1 1 1 1 1 1 1 1 1 1 1 7 1 7 1 1 7 1 1 1 1 1 8 1 7 1 1 12 10 8 1 1 12 11 1 1 12 11 1 7 1 1 12 11 1 7 1 1 12 10 1 7 1 1 12 10 1 1 12 10 1 1 12 10 1 1 12 10 1 7 1 12 10 1 7 1 7 1 12 11 1 1 12 11 1 100 1 100 1 12 10 1 8 1 1 12 10 1 12 10 1 8 1 100 1 100 1 1 12 10 1 1 12 10 10 1 12 10 1 1 12 10 1 1 12 11 1 1 12 9 1 7 1 12 9 1 1 12 10 1 1 12 10 1 1 12 11 1 1 12 11 1 1 12 11 1 7 1 12 11 1 12 11 1 7 1 1 12 10 1 12 10 10 1 1 1 1 1 1 1 1 1 1 1 1 1 1 1 1 1 1 1 1 1 1 1 1 1 1 1 1 1 1 12 11 1 100 1 1 12 11 1 12 11 1 100 1 1 12 10 1 8 1 1 1 1 1 1 1 1 1 1 1 1 1 1 1 1 1 1 1 1 1 100 1 8 1 1 12 10 1 1 1 8 1 1 1 8 1 1 1 8 1 1 1 8 1 1 1 8 1 1 1 8 1 1 8 1 1 8 1 1 1 8 1 1 1 8 1 1 1 8 1 1 8 1 1 1 8 1 1 8 1 1 1 8 1 1 8 1 1 8 1 1 1 8 1 1 1 8 1 1 8 1 1 8 1 1 1 8 1 1 1 8 1 1 1 8 1 1 8 1 1 1 8 1 1 1 8 1 1 1 8 1 1 8 1 1 8 1 1 8 1 1 8 1 1 1 8 1 1 8 1 1 1 8 1 1 8 1 1 8 1 1 1 8 1 1 8 1 1 1 8 1 1 1 8 1 1 1 8 1 1 1 8 1 1 1 8 1 1 1 8 1 1 8 1 1 1 8 1 1 1 8 1 1 8 1 1 8 1 1 1 8 1 1 8 1 1 1 8 1 1 1 8 1 1 8 1 1 1 8 1 1 1 8 1 1 1 8 1 1 1 8 1 1 8 1 1 1 8 1 1 1 8 1 1 8 1 1 1 8 1 1 1 8 1 1 1 8 1 1 8 1 1 8 1 1 8 1 1 8 1 1 1 8 1 1 8 1 1 1 8 1 1 1 8 1 1 8 1 1 8 1 1 8 1 1 1 8 1 1 1 8 1 1 1 8 1 1 1 8 1 1 1 8 1 1 1 8 1 1 1 8 1 1 1 8 1 1 1 8 1 1 8 1 1 8 1
ciInstanceKlass org/jetbrains/kotlin/types/model/TypeSystemInferenceExtensionContext 1 1 788 1 7 1 100 1 100 1 100 1 100 1 1 1 3 3 1 3 1 3 1 1 1 1 1 1 1 1 1 1 1 1 1 1 1 1 1 1 1 1 1 1 1 1 1 1 1 1 1 1 1 1 1 1 1 1 1 1 1 1 1 1 1 1 1 1 1 1 1 1 1 1 1 1 1 1 1 1 1 1 1 1 1 1 1 1 1 1 1 1 1 1 1 1 1 1 1 1 1 1 1 1 1 1 1 1 1 1 1 1 1 1 1 1 1 1 1 1 1 1 1 1 1 1 1 1 1 1 1 1 1 1 1 1 1 1 1 1 8 1 7 1 1 12 10 8 1 7 12 11 1 7 1 7 1 1 12 11 1 12 11 1 1 12 11 1 100 1 8 1 1 12 10 1 1 12 10 1 1 1 1 16 1 1 12 11 15 1 16 1 7 1 1 12 10 15 1 1 12 18 1 12 11 1 1 1 1 1 1 1 1 1 1 1 1 1 1 1 1 1 1 12 11 1 1 12 11 1 1 12 11 1 1 12 11 1 1 12 11 1 7 12 11 1 7 1 1 12 11 12 11 1 1 1 1 1 1 1 1 1 1 1 7 1 1 12 10 1 1 12 11 15 16 1 12 18 1 1 12 10 1 1 1 1 1 1 12 11 1 100 1 1 12 11 15 16 1 12 18 1 1 1 1 1 1 1 1 1 8 8 1 1 12 11 1 1 12 11 1 100 1 100 1 100 1 1 12 10 1 12 10 1 100 1 1 12 11 1 7 1 7 1 100 1 12 11 1 1 12 11 1 1 12 11 15 1 12 18 12 11 11 1 100 1 12 11 1 1 12 10 1 100 1 12 9 12 11 1 1 1 1 1 1 1 1 1 1 1 1 1 1 1 1 8 1 7 1 1 12 9 1 1 12 10 1 8 1 1 12 11 1 1 1 1 1 12 10 1 1 1 1 1 1 1 1 1 1 1 1 1 1 1 100 1 8 1 1 12 10 1 1 1 8 1 1 8 1 1 8 1 1 8 1 1 1 8 1 1 1 8 1 1 1 8 1 1 1 8 1 1 1 8 1 1 1 8 1 1 1 8 1 1 1 8 1 1 1 8 1 1 1 8 1 1 1 8 1 1 1 8 1 1 1 8 1 1 1 8 1 1 8 1 8 1 1 1 8 1 1 1 8 1 1 8 1 1 8 1 1 1 8 1 1 8 1 1 1 8 1 1 8 1 1 8 1 1 1 8 1 1 1 8 1 1 8 1 1 8 1 1 1 8 1 1 1 8 1 1 1 8 1 1 8 1 1 1 8 1 1 1 8 1 1 1 8 1 1 8 1 1 8 1 1 8 1 1 8 1 1 1 8 1 1 8 1 1 1 8 1 1 8 1 1 8 1 1 1 8 1 1 8 1 1 1 8 1 1 1 8 1 1 1 8 1 1 1 8 1 1 1 8 1 1 1 8 1 1 8 1 1 1 8 1 1 1 8 1 1 8 1 1 8 1 1 1 8 1 1 8 1 1 1 8 1 1 1 8 1 1 8 1 1 1 8 1 1 1 8 1 1 1 8 1 1 1 8 1 1 8 1 1 1 8 1 1 1 8 1 1 8 1 1 1 8 1 1 1 8 1 1 1 8 1 1 8 1 1 8 1 1 8 1 1 8 1 1 1 8 1 1 8 1 1 1 8 1 1 1 8 1 1 8 1 1 8 1 1 8 1 1 1 8 1 1 1 8 1 1 1 8 1 1 1 8 1 1 1 8 1 1 1 8 1 1 1 8 1 1
ciInstanceKlass org/jetbrains/kotlin/fir/types/ConeInferenceContext 1 1 1489 1 7 1 100 1 7 1 100 1 1 1 3 3 1 3 1 3 1 1 1 1 1 1 1 1 1 1 1 1 1 1 1 1 1 1 1 1 1 1 1 1 1 1 1 1 1 1 1 1 1 1 1 1 1 1 1 1 1 1 1 1 1 1 1 1 1 1 1 1 1 1 1 1 1 1 1 1 1 1 1 1 1 1 1 1 1 1 1 1 1 1 1 1 1 1 1 1 1 1 1 1 1 1 1 1 1 1 1 1 1 1 1 1 1 1 1 1 1 1 1 1 1 1 1 1 1 1 1 1 1 1 1 1 1 1 1 1 1 1 1 1 1 1 1 1 1 1 1 1 1 1 1 1 1 1 1 1 1 1 1 1 100 1 100 1 1 7 1 7 1 1 7 1 7 1 1 7 1 7 1 1 100 1 1 100 1 1 7 1 7 1 7 1 1 100 1 100 1 100 1 7 1 7 1 7 1 7 1 7 1 1 100 1 100 1 1 100 1 1 100 1 1 100 1 1 1 1 12 11 1 100 1 12 10 1 1 1 7 1 1 12 10 1 7 1 1 12 10 1 7 1 12 10 1 12 10 1 12 10 1 12 10 1 8 1 7 1 1 12 10 8 1 7 1 8 1 100 1 1 12 10 1 1 12 10 1 7 1 1 12 10 1 7 1 1 1 8 8 1 7 1 7 1 12 10 1 7 1 7 1 1 12 11 1 7 1 7 1 12 11 1 1 12 11 1 7 1 1 12 11 1 7 1 1 12 9 1 12 9 1 1 12 10 1 1 12 10 1 12 10 1 7 1 7 1 1 12 11 1 7 1 12 10 1 7 1 7 1 100 1 12 10 1 7 1 12 10 1 1 12 10 1 7 1 1 12 10 1 12 10 1 1 12 10 1 1 12 10 1 12 10 1 100 1 8 10 1 1 1 1 1 1 1 1 1 1 1 1 1 1 1 1 1 1 1 1 1 1 1 1 1 1 8 8 1 7 1 1 12 9 1 1 12 10 1 7 1 7 1 12 10 1 7 10 1 100 10 1 8 1 7 1 12 9 1 1 7 1 7 1 7 1 12 10 1 7 1 12 9 1 12 10 1 1 8 1 7 1 7 1 7 1 1 1 7 1 12 10 1 1 1 100 1 7 1 1 12 10 1 100 1 1 12 10 1 7 1 1 12 10 1 100 1 1 1 7 1 12 11 1 7 1 7 1 12 11 12 11 1 7 1 1 12 10 1 100 10 1 8 1 1 12 10 1 1 12 10 1 12 10 10 1 8 1 100 1 12 10 1 100 1 100 10 1 100 1 100 1 1 12 10 1 12 10 1 1 12 11 1 100 1 1 1 1 1 1 1 1 1 1 1 1 1 1 1 1 1 1 1 7 1 7 1 1 12 10 1 1 12 10 1 8 1 12 10 1 7 12 10 12 11 1 1 1 1 1 1 1 8 12 11 1 1 1 7 1 1 12 11 1 7 1 12 10 1 1 12 10 1 12 10 1 7 1 12 10 1 12 11 1 12 10 1 7 1 1 12 10 1 7 1 12 10 1 12 11 1 1 12 11 1 1 12 11 1 12 11 1 1 1 1 1 1 1 1 1 1 1 1 12 10 1 7 1 12 9 1 12 10 1 1 12 10 1 1 1 1 12 11 1 1 12 10 12 11 1 100 1 12 9 1 1 12 10 1 1 1 1 1 1 1 1 1 1 1 1 12 11 12 11 1 7 1 12 10 1 16 1 1 12 11 15 1 16 1 7 1 1 12 10 15 1 12 18 1 12 11 1 1 1 12 9 1 12 10 1 1 12 10 1 1 1 12 10 1 1 1 8 1 1 1 8 8 8 1 100 1 12 10 1 12 10 1 7 1 8 1 8 1 100 1 1 12 10 1 8 1 100 1 1 12 10 1 100 1 12 11 1 7 1 12 11 1 12 11 1 12 10 1 1 1 1 1 8 1 1 12 10 1 1 1 8 1 1 12 11 15 1 16 1 12 18 1 12 10 10 1 1 12 10 1 1 1 12 10 1 1 1 12 11 1 7 1 7 1 7 1 1 12 10 1 7 1 1 12 11 1 7 1 1 12 9 1 1 1 1 1 1 1 1 1 100 1 1 1 1 1 1 12 10 1 1 1 1 12 10 1 1 12 10 1 1 1 12 10 1 12 10 1 1 1 1 1 100 1 1 1 8 1 7 1 1 12 10 1 1 1 12 9 1 1 12 10 1 7 1 1 7 1 12 9 1 1 12 10 1 1 1 12 10 1 1 1 7 1 1 12 10 1 1 8 1 100 1 100 10 1 100 1 12 10 1 1 8 1 1 1 12 10 1 1 1 1 1 12 11 1 7 1 8 1 1 12 10 1 1 12 10 16 1 1 12 11 15 16 1 12 18 1 7 1 1 12 10 1 1 12 11 15 1 16 1 12 18 1 1 12 11 1 7 12 11 1 1 12 11 12 11 1 1 1 1 1 1 1 1 12 11 1 1 12 9 1 1 12 10 1 1 1 100 1 12 10 12 11 1 8 1 8 1 1 1 8 1 12 9 1 7 1 1 12 10 1 1 8 1 100 1 8 10 1 1 12 10 1 1 12 10 1 1 1 1 1 1 1 1 1 1 1 12 9 1 1 12 10 1 7 1 7 1 1 12 10 1 12 11 1 7 1 1 1 1 8 12 11 1 1 12 10 1 1 1 1 1 1 1 1 1 1 1 1 1 1 1 1 1 1 12 10 1 1 7 1 1 12 10 1 1 7 1 1 12 10 1 1 1 16 1 1 12 11 15 1 16 1 1 12 18 10 1 12 10 1 1 12 10 1 1 1 12 11 12 10 1 1 1 12 11 1 8 1 12 10 11 1 12 10 1 1 1 1 12 11 1 7 1 12 9 1 8 1 1 12 10 1 100 1 12 10 1 12 10 1 8 10 1 1 12 11 15 1 16 1 12 18 1 12 11 1 12 9 1 8 1 1 1 1 1 1 1 1 1 1 1 8 1 12 10 1 1 8 1 100 1 1 12 10 1 1 12 10 1 100 1 1 12 10 1 12 10 1 8 8 1 1 12 11 15 16 1 12 18 1 1 12 10 1 1 1 1 7 1 1 12 10 1 7 1 1 12 9 1 7 1 1 12 11 1 12 10 1 1 8 1 100 1 100 1 1 12 10 1 12 9 8 1 1 8 1 1 12 9 1 1 12 10 1 1 1 12 11 1 1 100 1 12 9 12 11 1 12 10 1 1 12 11 1 12 11 1 1 12 11 1 1 1 1 1 1 8 1 1 12 11 12 11 12 11 12 11 1 12 11 12 11 1 1 1 1 1 1 1 1 1 1 1 1 1 1 100 1 8 1 1 12 10 1 1
ciInstanceKlass org/jetbrains/kotlin/fir/types/TypeComponents$typeContext$1 1 1 50 1 7 1 7 1 100 1 1 7 1 1 12 1 1 3 3 1 3 1 3 1 1 1 1 1 1 1 1 1 1 1 1 12 9 1 12 10 1 1 1 12 10 1 1 1 1 1 1 1
ciInstanceKlass org/jetbrains/kotlin/resolve/calls/inference/components/ConstraintIncorporator 1 1 590 1 7 1 7 1 1 1 3 3 1 3 1 3 1 1 1 1 1 1 1 1 1 1 1 1 1 1 1 1 1 1 1 1 1 1 1 1 1 1 1 1 1 1 1 1 1 1 1 1 1 1 1 1 1 1 1 1 1 1 1 1 1 1 1 1 1 1 1 1 1 1 1 1 7 1 7 1 1 7 1 7 1 1 7 1 7 1 1 8 1 7 1 1 12 10 8 8 1 12 10 12 9 12 9 12 9 1 1 8 8 8 1 7 1 12 10 1 12 10 12 10 12 10 1 7 1 1 12 10 1 16 1 1 12 10 15 1 16 1 7 1 1 12 10 15 1 1 12 18 1 1 12 11 1 1 1 12 11 1 7 1 1 12 11 1 1 12 10 1 7 1 12 9 1 1 12 11 1 100 1 7 1 1 12 11 1 1 12 11 1 12 9 1 12 10 1 1 12 11 1 1 12 10 1 7 1 1 12 10 1 7 1 1 12 11 1 1 12 11 1 1 1 1 1 1 1 1 1 1 1 1 1 1 1 1 1 1 12 11 1 1 12 11 1 7 1 1 12 11 1 100 1 7 1 12 11 1 1 12 11 1 7 1 12 11 1 1 12 11 1 12 10 1 1 1 1 1 1 12 11 1 1 12 11 1 1 12 9 1 12 10 1 7 1 1 12 10 1 7 1 1 12 10 1 1 12 11 1 7 1 1 12 9 1 1 12 11 1 7 1 1 12 10 1 7 1 1 12 9 1 1 12 11 1 12 11 1 12 9 1 1 12 10 1 100 10 1 7 1 12 10 1 7 1 12 10 1 12 10 1 12 10 1 1 1 1 12 10 1 1 12 10 15 1 16 1 12 18 1 7 12 11 12 10 1 1 1 1 1 12 10 1 12 11 1 12 10 1 7 1 12 10 1 12 10 1 7 1 1 12 10 1 12 9 1 1 12 10 1 1 12 10 1 1 12 10 10 1 12 10 1 7 1 1 12 10 1 12 11 1 7 1 7 1 12 10 1 1 12 11 1 1 1 1 1 1 1 1 1 1 1 1 1 7 1 7 1 1 12 10 1 7 1 12 11 11 1 7 1 12 11 1 1 12 10 1 1 12 11 1 12 9 1 1 1 1 1 1 1 1 1 12 10 1 12 11 1 1 1 1 1 7 10 1 1 12 11 1 12 11 11 1 1 1 1 1 1 1 1 1 1 1 1 1 7 1 12 10 1 7 1 1 12 10 1 1 12 11 1 1 12 10 1 1 1 1 1 1 12 9 1 7 1 1 12 10 1 12 10 8 1 1 12 10 1 1 1 1 1 1 1 1 1 1 1 1 1 1 1
ciInstanceKlass org/jetbrains/kotlin/resolve/calls/inference/components/ConstraintInjector 1 1 513 1 7 1 7 1 1 1 3 3 1 3 1 3 1 1 1 1 1 1 1 1 1 1 1 1 1 1 1 1 1 1 1 1 1 1 1 1 1 1 1 1 1 1 1 1 1 1 1 1 1 1 1 1 1 1 1 1 1 1 1 1 1 1 1 1 1 1 1 1 1 1 1 1 1 1 1 1 1 100 1 7 1 1 7 1 7 1 7 1 7 1 1 8 1 7 1 1 12 10 8 8 1 12 10 12 9 12 9 12 9 12 9 1 1 8 8 8 8 1 7 1 7 1 1 12 9 1 12 10 1 1 12 11 1 7 1 12 10 1 12 10 1 12 10 1 12 10 1 1 1 1 1 8 8 1 7 1 7 1 1 12 10 1 7 1 7 1 1 12 10 1 100 1 7 1 1 12 10 1 7 1 12 10 1 12 9 1 1 12 11 1 12 11 12 10 12 10 1 1 1 1 1 12 10 1 1 12 10 1 1 12 10 1 1 12 10 1 1 12 11 1 1 1 12 10 1 1 8 1 7 1 1 12 9 1 7 1 1 12 11 1 100 1 1 12 11 1 7 1 1 12 11 1 12 11 1 7 1 7 1 1 12 10 1 12 10 1 1 1 1 1 8 1 12 10 1 1 1 12 10 1 1 12 10 1 100 1 12 11 1 7 11 1 1 12 11 1 12 11 1 12 11 1 1 1 1 1 1 1 1 1 1 1 1 1 12 10 1 12 10 1 1 12 10 1 7 1 1 12 11 1 12 11 1 1 12 11 1 7 11 1 12 11 1 7 1 12 10 11 1 1 12 10 1 1 12 10 1 12 11 1 1 1 1 1 1 1 1 1 1 1 1 1 1 11 1 12 10 1 7 1 7 1 1 12 10 1 1 12 11 1 1 12 10 1 7 1 1 12 10 1 7 1 12 10 10 1 1 12 10 1 12 10 1 7 1 1 12 10 1 1 12 10 1 12 10 1 1 12 10 1 1 1 1 1 1 1 1 7 1 1 12 10 1 1 12 11 1 1 1 12 11 1 1 12 11 1 7 1 1 12 10 1 1 12 11 1 1 1 12 11 1 12 11 1 1 12 11 1 12 11 1 12 9 1 7 1 12 11 1 1 1 1 1 1 1 1 1 12 10 1 1 1 1 1 1 1 1 1 1 1 1
instanceKlass org/jetbrains/kotlin/resolve/calls/inference/components/TypeCheckerStateForConstraintSystem
ciInstanceKlass org/jetbrains/kotlin/types/TypeCheckerState 1 1 391 1 7 1 7 1 1 1 3 3 1 3 1 3 1 1 1 1 1 1 1 1 1 1 1 1 1 1 1 1 1 1 1 1 1 1 1 1 1 1 1 1 1 1 1 1 1 1 1 1 1 1 1 1 1 1 1 1 1 1 1 1 1 1 1 1 1 1 1 1 1 1 1 1 1 1 1 1 1 1 1 1 1 1 1 1 1 1 1 1 1 1 100 1 100 1 1 100 1 100 1 100 1 1 7 1 7 1 1 1 1 1 1 1 1 8 1 7 1 1 12 10 8 8 1 12 10 12 9 12 9 12 9 12 9 12 9 12 9 1 1 8 1 7 12 10 1 7 12 10 1 8 8 12 9 1 1 8 8 1 1 12 10 1 100 1 100 10 1 8 1 1 12 10 1 12 10 1 1 12 10 10 1 12 10 1 100 1 1 12 10 1 1 12 11 1 1 1 1 1 1 12 9 1 1 1 100 1 8 10 12 10 1 1 8 10 1 12 10 1 1 1 1 12 9 1 12 9 12 9 1 7 1 12 9 1 8 1 1 12 10 1 100 1 1 12 10 1 100 1 12 10 1 7 12 10 1 12 9 1 1 12 10 1 7 1 1 12 10 12 10 11 1 1 8 8 8 1 100 1 12 10 12 10 12 10 12 10 1 12 10 1 100 1 12 11 1 12 11 1 8 1 8 1 100 1 100 1 1 12 10 1 1 12 10 1 100 1 1 12 11 1 1 12 9 1 1 12 10 12 10 1 100 1 1 12 11 1 1 12 11 1 1 12 11 1 100 1 12 11 1 12 11 1 100 1 1 12 10 10 10 1 1 1 1 1 1 1 1 1 1 1 1 1 1 12 11 1 1 1 1 1 1 1 1 1 1 1 1 1 1
ciInstanceKlass org/jetbrains/kotlin/types/model/FlexibleTypeMarker 1 0 24 1 100 1 100 1 100 1 1 1 3 3 1 3 1 3 1 1 1 1 1 1 1 1
instanceKlass org/jetbrains/kotlin/fir/types/ConeRawType
instanceKlass org/jetbrains/kotlin/fir/types/ConeDynamicType
ciInstanceKlass org/jetbrains/kotlin/fir/types/ConeFlexibleType 1 1 103 1 7 1 7 1 100 1 1 1 3 3 1 3 1 3 1 1 1 1 1 1 1 1 1 1 1 1 1 1 1 1 1 1 1 1 1 1 1 1 1 1 1 1 1 1 1 1 1 1 1 8 1 7 1 1 12 10 8 1 12 10 12 9 12 9 1 1 7 12 10 12 10 1 7 1 12 9 1 1 1 12 10 1 1 1 1 12 10 1 1 12 10 1 1 1 1 1 1 1 1 1 1
instanceKlass org/jetbrains/kotlin/fir/types/impl/ConeTypeParameterTypeImpl
ciInstanceKlass org/jetbrains/kotlin/fir/types/ConeTypeParameterType 1 1 36 1 100 1 7 1 1 1 3 3 1 3 1 3 1 1 1 1 1 1 1 1 1 1 1 1 12 10 1 1 1 1 1 1 1 1
ciInstanceKlass org/jetbrains/kotlin/fir/types/impl/ConeTypeParameterTypeImpl 1 1 142 1 7 1 7 1 1 1 3 3 1 3 1 3 1 1 1 1 1 1 1 1 1 1 1 1 1 1 1 1 1 1 1 1 1 1 1 1 1 1 1 1 1 1 7 1 7 1 1 7 1 7 1 7 1 7 1 8 1 7 1 1 12 10 8 1 12 10 12 9 12 9 1 12 9 1 1 12 10 12 9 1 1 1 1 12 9 1 12 10 12 10 1 12 9 1 12 10 1 1 1 7 1 1 12 10 1 100 1 1 12 10 1 8 1 12 10 12 10 12 10 1 1 1 7 12 10 10 1 1 1 1 7 1 1 1 1 1 1 1 1 1
ciInstanceKlass org/jetbrains/kotlin/fir/types/ConeErrorType 1 1 162 1 7 1 7 1 1 1 3 3 1 3 1 3 1 1 1 1 1 1 1 1 1 1 1 1 1 1 1 1 1 1 1 1 1 1 1 1 1 1 1 1 1 1 1 1 1 1 1 1 1 1 1 1 7 1 7 1 1 7 1 7 1 7 1 7 1 1 1 8 1 7 1 1 12 10 8 8 1 12 10 12 9 12 9 12 9 12 9 12 9 1 1 1 12 9 1 12 10 1 12 9 1 12 10 12 10 1 7 1 12 9 1 8 1 1 12 10 1 12 10 1 7 1 100 1 12 11 1 100 1 12 9 1 12 9 1 12 9 1 1 1 1 100 1 1 12 10 1 12 10 1 100 1 1 1 1 1 1 1 1 1
ciInstanceKlass org/jetbrains/kotlin/fir/symbols/ConeTypeParameterLookupTag 1 1 108 1 7 1 7 1 100 1 1 1 3 3 1 3 1 3 1 1 1 1 1 1 1 1 1 1 1 1 1 1 1 1 1 1 1 1 1 1 1 1 1 1 1 8 1 7 1 1 12 10 1 12 10 12 9 1 1 7 12 10 1 12 10 1 1 12 10 1 1 100 10 1 8 1 1 12 10 1 12 10 1 12 10 12 10 1 12 10 1 1 1 1 12 10 1 1 12 10 1 7 1 1 1 1 1 1 1 1
ciInstanceKlass org/jetbrains/kotlin/resolve/calls/tower/CandidateApplicability 1 1 154 1 7 1 1 7 1 1 1 3 3 1 3 1 3 1 1 1 1 1 1 1 1 1 1 1 1 1 1 1 1 1 1 1 1 1 1 1 1 1 1 1 1 1 1 1 1 12 10 1 1 1 1 1 1 1 12 9 1 7 1 1 12 10 7 1 1 1 12 10 1 1 1 1 1 12 9 1 12 9 12 9 12 9 12 9 12 9 12 9 12 9 12 9 12 9 12 9 12 9 12 9 12 9 12 9 12 9 12 9 12 9 12 9 12 9 1 8 10 8 8 8 8 8 8 8 8 8 8 8 8 8 8 8 8 8 8 12 10 1 7 1 7 1 1 12 10 1 1 1 1 1 1 1
staticfield org/jetbrains/kotlin/resolve/calls/tower/CandidateApplicability K1_RESOLVED_TO_SAM_WITH_VARARG Lorg/jetbrains/kotlin/resolve/calls/tower/CandidateApplicability; org/jetbrains/kotlin/resolve/calls/tower/CandidateApplicability
staticfield org/jetbrains/kotlin/resolve/calls/tower/CandidateApplicability HIDDEN Lorg/jetbrains/kotlin/resolve/calls/tower/CandidateApplicability; org/jetbrains/kotlin/resolve/calls/tower/CandidateApplicability
staticfield org/jetbrains/kotlin/resolve/calls/tower/CandidateApplicability K2_UNSUPPORTED Lorg/jetbrains/kotlin/resolve/calls/tower/CandidateApplicability; org/jetbrains/kotlin/resolve/calls/tower/CandidateApplicability
staticfield org/jetbrains/kotlin/resolve/calls/tower/CandidateApplicability INAPPLICABLE_WRONG_RECEIVER Lorg/jetbrains/kotlin/resolve/calls/tower/CandidateApplicability; org/jetbrains/kotlin/resolve/calls/tower/CandidateApplicability
staticfield org/jetbrains/kotlin/resolve/calls/tower/CandidateApplicability INAPPLICABLE_ARGUMENTS_MAPPING_ERROR Lorg/jetbrains/kotlin/resolve/calls/tower/CandidateApplicability; org/jetbrains/kotlin/resolve/calls/tower/CandidateApplicability
staticfield org/jetbrains/kotlin/resolve/calls/tower/CandidateApplicability INAPPLICABLE Lorg/jetbrains/kotlin/resolve/calls/tower/CandidateApplicability; org/jetbrains/kotlin/resolve/calls/tower/CandidateApplicability
staticfield org/jetbrains/kotlin/resolve/calls/tower/CandidateApplicability K2_NO_COMPANION_OBJECT Lorg/jetbrains/kotlin/resolve/calls/tower/CandidateApplicability; org/jetbrains/kotlin/resolve/calls/tower/CandidateApplicability
staticfield org/jetbrains/kotlin/resolve/calls/tower/CandidateApplicability K1_IMPOSSIBLE_TO_GENERATE Lorg/jetbrains/kotlin/resolve/calls/tower/CandidateApplicability; org/jetbrains/kotlin/resolve/calls/tower/CandidateApplicability
staticfield org/jetbrains/kotlin/resolve/calls/tower/CandidateApplicability K1_RUNTIME_ERROR Lorg/jetbrains/kotlin/resolve/calls/tower/CandidateApplicability; org/jetbrains/kotlin/resolve/calls/tower/CandidateApplicability
staticfield org/jetbrains/kotlin/resolve/calls/tower/CandidateApplicability K2_VISIBILITY_ERROR Lorg/jetbrains/kotlin/resolve/calls/tower/CandidateApplicability; org/jetbrains/kotlin/resolve/calls/tower/CandidateApplicability
staticfield org/jetbrains/kotlin/resolve/calls/tower/CandidateApplicability UNSAFE_CALL Lorg/jetbrains/kotlin/resolve/calls/tower/CandidateApplicability; org/jetbrains/kotlin/resolve/calls/tower/CandidateApplicability
staticfield org/jetbrains/kotlin/resolve/calls/tower/CandidateApplicability UNSTABLE_SMARTCAST Lorg/jetbrains/kotlin/resolve/calls/tower/CandidateApplicability; org/jetbrains/kotlin/resolve/calls/tower/CandidateApplicability
staticfield org/jetbrains/kotlin/resolve/calls/tower/CandidateApplicability CONVENTION_ERROR Lorg/jetbrains/kotlin/resolve/calls/tower/CandidateApplicability; org/jetbrains/kotlin/resolve/calls/tower/CandidateApplicability
staticfield org/jetbrains/kotlin/resolve/calls/tower/CandidateApplicability RESOLVED_LOW_PRIORITY Lorg/jetbrains/kotlin/resolve/calls/tower/CandidateApplicability; org/jetbrains/kotlin/resolve/calls/tower/CandidateApplicability
staticfield org/jetbrains/kotlin/resolve/calls/tower/CandidateApplicability K2_NOT_FUNCTION_AS_OPERATOR Lorg/jetbrains/kotlin/resolve/calls/tower/CandidateApplicability; org/jetbrains/kotlin/resolve/calls/tower/CandidateApplicability
staticfield org/jetbrains/kotlin/resolve/calls/tower/CandidateApplicability RESOLVED_NEED_PRESERVE_COMPATIBILITY Lorg/jetbrains/kotlin/resolve/calls/tower/CandidateApplicability; org/jetbrains/kotlin/resolve/calls/tower/CandidateApplicability
staticfield org/jetbrains/kotlin/resolve/calls/tower/CandidateApplicability K2_SYNTHETIC_RESOLVED Lorg/jetbrains/kotlin/resolve/calls/tower/CandidateApplicability; org/jetbrains/kotlin/resolve/calls/tower/CandidateApplicability
staticfield org/jetbrains/kotlin/resolve/calls/tower/CandidateApplicability RESOLVED_WITH_ERROR Lorg/jetbrains/kotlin/resolve/calls/tower/CandidateApplicability; org/jetbrains/kotlin/resolve/calls/tower/CandidateApplicability
staticfield org/jetbrains/kotlin/resolve/calls/tower/CandidateApplicability RESOLVED Lorg/jetbrains/kotlin/resolve/calls/tower/CandidateApplicability; org/jetbrains/kotlin/resolve/calls/tower/CandidateApplicability
staticfield org/jetbrains/kotlin/resolve/calls/tower/CandidateApplicability $VALUES [Lorg/jetbrains/kotlin/resolve/calls/tower/CandidateApplicability; 19 [Lorg/jetbrains/kotlin/resolve/calls/tower/CandidateApplicability;
staticfield org/jetbrains/kotlin/resolve/calls/tower/CandidateApplicability $ENTRIES Lkotlin/enums/EnumEntries; kotlin/enums/EnumEntriesList
ciInstanceKlass org/jetbrains/kotlin/fir/types/ConeTypeUtilsKt 1 1 513 1 7 1 100 1 1 1 3 3 1 1 3 1 1 1 1 1 1 1 1 1 1 1 1 1 1 1 1 1 1 1 1 1 1 1 1 1 1 1 1 1 1 1 1 1 1 1 1 1 1 1 1 1 1 1 1 1 1 1 1 1 1 1 1 1 1 7 1 1 100 1 7 1 7 1 1 1 8 1 7 1 1 12 10 1 7 1 1 12 10 1 7 1 1 12 9 1 1 12 9 1 1 1 7 1 1 12 10 1 7 1 12 10 1 100 1 1 1 8 8 1 100 1 1 12 10 1 7 1 100 1 7 1 1 12 11 1 100 1 1 12 10 1 1 12 11 1 7 1 1 12 10 1 1 12 11 1 12 10 1 7 1 12 10 1 7 1 1 12 10 1 1 12 11 1 1 12 10 1 100 1 7 1 1 12 10 1 1 1 1 1 1 1 1 1 1 1 1 1 1 1 1 1 1 12 9 1 1 1 8 1 12 9 1 1 12 10 1 12 10 1 1 12 10 1 7 1 12 10 11 1 100 1 1 12 11 1 100 1 12 11 1 12 11 1 1 1 1 1 1 12 10 1 7 1 100 1 1 12 10 1 1 1 1 1 1 8 1 12 10 1 1 1 8 1 100 1 1 12 10 1 12 10 1 12 10 1 1 1 1 1 1 1 1 8 1 100 10 12 10 1 1 12 10 1 12 10 1 100 1 100 1 100 10 1 8 1 1 12 10 1 1 12 10 1 100 1 1 12 10 1 12 10 1 1 12 10 10 1 12 10 1 1 8 1 1 12 9 1 7 1 1 12 10 1 7 1 7 1 12 10 1 7 10 1 1 8 1 12 9 1 100 10 1 100 1 12 9 1 10 1 100 12 10 1 1 1 1 100 1 12 10 1 12 10 1 8 1 12 10 1 1 1 1 100 16 1 1 12 10 15 16 1 7 1 1 12 10 15 1 12 18 1 12 10 10 1 1 1 1 12 10 15 18 1 12 10 1 1 1 1 12 10 16 1 12 10 15 1 16 1 12 18 12 10 1 1 12 10 15 18 1 1 1 7 1 12 10 1 7 1 7 1 12 10 1 7 1 1 12 10 1 7 1 12 10 12 10 1 7 1 1 100 10 1 100 1 100 10 8 1 1 1 1 1 1 1 1 1 1 1 1
ciInstanceKlass org/jetbrains/kotlin/fir/types/ConeIntersectionType 1 1 185 1 7 1 7 1 100 1 1 1 3 3 1 3 1 3 1 1 1 1 1 1 1 1 1 1 1 1 1 1 1 1 1 1 1 1 1 1 1 1 1 1 1 1 1 1 1 1 1 1 1 1 1 1 7 1 7 1 1 1 1 1 1 1 8 1 7 1 1 12 10 1 12 10 12 9 12 9 1 7 1 1 12 11 1 7 1 1 12 11 1 7 12 10 1 7 1 1 12 11 1 1 12 10 12 9 1 1 1 1 1 1 1 1 1 1 1 1 1 12 10 1 1 12 9 1 12 10 1 7 1 12 9 1 7 11 1 100 1 12 10 12 10 1 7 1 1 12 11 1 1 1 7 1 1 12 10 1 100 1 1 12 10 1 8 1 12 10 1 12 9 12 10 1 1 1 1 1 1 1 1 1 1 1 1
ciInstanceKlass org/jetbrains/kotlin/fir/types/ConeDefinitelyNotNullType 1 1 104 1 7 1 7 1 100 1 1 1 3 3 1 3 1 3 1 1 1 1 1 1 1 1 1 1 1 1 1 1 1 1 1 1 1 1 1 1 1 1 1 1 1 1 1 1 1 1 7 1 1 8 1 7 1 1 12 10 1 12 10 12 9 1 12 10 1 7 1 12 9 12 10 1 12 10 1 1 12 10 1 12 10 1 1 1 1 12 10 1 1 1 10 12 9 1 1 1 1 1 1 1 1 1
staticfield org/jetbrains/kotlin/fir/types/ConeDefinitelyNotNullType Companion Lorg/jetbrains/kotlin/fir/types/ConeDefinitelyNotNullType$Companion; org/jetbrains/kotlin/fir/types/ConeDefinitelyNotNullType$Companion
ciInstanceKlass org/jetbrains/kotlin/util/WeakPair 1 1 64 1 7 1 1 7 1 1 1 3 3 1 3 1 3 1 1 1 1 1 1 1 1 1 1 1 1 1 1 1 1 1 1 1 1 1 1 1 12 10 1 7 1 12 10 12 9 12 9 1 1 1 1 1 12 10 1 1 1 1 1 1 1 1
ciInstanceKlass kotlin/collections/builders/SetBuilder 1 1 178 1 7 1 1 7 1 7 1 100 1 100 1 1 1 1 1 8 1 7 1 1 12 10 1 12 10 1 12 9 1 1 1 7 10 12 10 1 12 10 1 1 1 1 1 1 12 10 1 1 12 10 1 12 9 1 1 1 1 12 10 1 100 1 100 1 12 10 1 100 1 8 1 12 10 1 10 1 12 10 1 1 1 12 10 1 1 1 12 10 1 1 1 1 12 10 1 1 12 10 1 1 1 1 1 12 10 1 7 1 1 1 1 8 1 12 10 12 10 1 1 1 12 10 1 12 10 1 1 7 1 12 10 1 1 12 9 1 12 9 1 7 1 1 12 10 1 1 1 3 3 3 1 1 3 1 1 1 1 1 1 1 1 1 1 100 1 1 1 1 1 1 1 1 1 1 1 1
staticfield kotlin/collections/builders/SetBuilder Companion Lkotlin/collections/builders/SetBuilder$Companion; kotlin/collections/builders/SetBuilder$Companion
staticfield kotlin/collections/builders/SetBuilder Empty Lkotlin/collections/builders/SetBuilder; kotlin/collections/builders/SetBuilder
ciInstanceKlass kotlin/collections/builders/MapBuilder$KeysItr 1 1 99 1 7 1 1 7 1 100 1 100 1 1 1 1 1 8 1 7 1 1 12 10 12 10 1 1 1 1 1 1 1 1 12 10 1 1 12 10 1 1 12 10 1 7 1 1 12 10 1 100 12 10 1 1 12 10 1 12 10 1 1 12 10 1 12 10 1 12 10 1 1 1 1 3 3 3 1 1 3 1 1 1 1 1 1 1 1 1 1 1 1 1 1 1 1 1 1 1 1
instanceKlass org/jetbrains/kotlin/utils/SmartList$SingletonIterator
ciInstanceKlass org/jetbrains/kotlin/utils/SmartList$SingletonIteratorBase 1 1 51 1 7 1 1 7 1 100 1 1 100 1 1 100 1 1 1 1 12 10 1 1 1 1 1 12 9 1 1 1 1 100 10 1 12 10 1 12 10 1 10 1 1 1 1 1 1 1 1 1 1
ciInstanceKlass org/jetbrains/kotlin/utils/SmartList$SingletonIterator 1 1 86 1 7 1 1 7 1 1 7 1 1 1 100 1 1 1 1 1 1 12 9 1 12 10 1 1 12 10 12 9 1 1 1 1 1 1 1 1 12 10 1 1 1 12 10 1 100 1 100 12 10 1 8 1 1 12 10 1 12 10 1 12 10 1 8 1 1 12 10 1 12 10 1 12 10 1 12 10 1 1 1 1 1 1 1 1
ciInstanceKlass org/jetbrains/kotlin/fir/resolve/TypeExpansionUtilsKt 1 1 496 1 7 1 100 1 1 1 3 3 1 1 3 1 1 1 1 1 1 1 1 1 1 1 1 1 1 1 1 1 1 1 1 1 1 1 1 1 1 1 1 1 1 1 1 1 1 1 1 1 1 1 1 1 1 7 1 7 1 7 1 7 1 100 1 100 1 1 7 1 7 1 1 1 1 8 1 7 1 1 12 10 8 8 1 7 1 1 12 10 1 7 1 1 12 10 1 12 10 1 7 12 10 1 7 1 1 12 10 1 1 12 10 1 1 1 1 1 1 1 1 1 1 12 9 1 7 12 10 1 1 1 7 1 7 1 1 12 9 1 7 1 1 12 10 1 7 1 12 10 1 1 1 1 7 1 7 1 7 1 1 12 10 1 12 10 1 12 10 1 12 9 1 1 12 10 1 7 1 12 10 1 100 1 1 1 1 12 9 12 10 1 1 1 12 9 12 10 1 1 7 1 1 12 10 1 7 1 1 12 10 1 7 1 1 12 10 1 7 1 1 12 11 1 12 10 1 12 10 1 1 12 10 1 12 10 1 1 1 1 1 16 1 12 10 15 16 1 7 1 1 12 10 15 1 12 18 1 7 1 1 12 10 1 7 1 1 12 9 1 7 1 1 12 10 1 7 1 7 1 1 12 10 1 1 1 12 10 1 7 1 1 12 10 1 1 12 10 1 1 1 1 1 8 1 1 12 10 1 7 1 7 1 7 1 1 12 10 1 12 10 1 7 1 1 12 11 1 7 1 1 12 11 1 1 12 11 1 7 1 1 12 10 1 12 11 1 7 10 1 1 12 10 1 1 1 1 1 1 1 1 1 1 1 1 1 1 1 8 1 12 10 1 7 1 1 8 12 10 1 7 1 1 12 10 12 10 1 1 12 11 1 12 9 1 12 10 1 12 10 1 7 1 1 12 10 12 10 1 1 12 10 1 12 10 1 1 8 12 10 1 12 10 1 100 10 1 100 1 1 1 8 1 1 12 10 1 100 1 1 12 10 12 10 11 1 100 1 12 10 1 100 1 1 12 10 1 1 12 11 1 100 1 100 1 1 12 10 1 1 1 1 1 1 1 1 1 1 1 1 1 1 1 8 1 1 1 1 1 1 1 1 1 1 1 1
ciInstanceKlass org/jetbrains/kotlin/util/WeakPairKt 1 1 46 1 100 1 100 1 1 1 3 3 1 1 3 1 1 1 1 1 1 1 1 1 1 1 1 1 7 1 1 12 10 1 1 1 12 10 1 1 1 1 1 1 1 1 1 1
ciInstanceKlass org/jetbrains/kotlin/fir/resolve/TypeExpansionUtilsKt$fullyExpandedType$1 1 1 80 1 7 1 1 7 1 100 1 1 7 1 1 12 1 1 3 3 1 3 1 3 1 1 1 1 1 12 10 1 1 1 1 8 1 7 1 1 12 10 1 12 10 1 1 1 1 8 1 8 1 1 1 8 1 100 1 1 12 10 1 1 7 12 10 1 1 1 12 10 12 9 1 1 1 1 1 1 1 1
staticfield org/jetbrains/kotlin/fir/resolve/TypeExpansionUtilsKt$fullyExpandedType$1 INSTANCE Lorg/jetbrains/kotlin/fir/resolve/TypeExpansionUtilsKt$fullyExpandedType$1; org/jetbrains/kotlin/fir/resolve/TypeExpansionUtilsKt$fullyExpandedType$1
ciInstanceKlass org/jetbrains/kotlin/load/java/structure/impl/classFiles/BinaryJavaAnnotation 1 1 189 1 7 1 7 1 100 1 1 1 3 3 1 3 1 3 1 1 1 1 1 1 1 1 1 1 1 1 1 1 1 1 1 1 1 1 1 1 1 1 1 1 1 1 1 1 1 1 7 1 7 1 7 1 1 100 1 100 1 1 1 1 1 1 1 12 10 12 9 12 9 12 9 1 7 1 1 12 9 1 16 1 1 12 10 15 16 1 7 1 1 12 10 15 1 1 12 18 1 7 1 1 12 10 12 9 1 1 1 1 7 1 12 11 12 10 1 1 12 10 1 7 1 7 1 12 10 1 12 9 1 100 1 1 12 10 1 12 10 1 1 12 10 1 1 1 7 1 1 12 10 1 12 10 1 8 1 7 1 1 12 10 1 1 12 10 1 1 1 12 10 1 1 1 1 12 10 12 9 1 1 1 1 1 1 1 1 1 1
staticfield org/jetbrains/kotlin/load/java/structure/impl/classFiles/BinaryJavaAnnotation Companion Lorg/jetbrains/kotlin/load/java/structure/impl/classFiles/BinaryJavaAnnotation$Companion; org/jetbrains/kotlin/load/java/structure/impl/classFiles/BinaryJavaAnnotation$Companion
ciInstanceKlass org/jetbrains/kotlin/fir/types/ConeRawType 1 1 51 1 7 1 7 1 1 1 3 3 1 3 1 3 1 1 1 1 1 1 1 1 1 1 1 1 1 7 1 1 12 10 1 1 10 1 1 1 1 1 12 10 12 9 1 1 1 1 1 1 1
staticfield org/jetbrains/kotlin/fir/types/ConeRawType Companion Lorg/jetbrains/kotlin/fir/types/ConeRawType$Companion; org/jetbrains/kotlin/fir/types/ConeRawType$Companion
ciInstanceKlass org/jetbrains/kotlin/fir/types/ConeTypeVariableType 1 1 114 1 7 1 7 1 1 1 3 3 1 3 1 3 1 1 1 1 1 1 1 1 1 1 1 1 1 1 1 1 1 1 1 1 1 1 1 1 1 1 1 1 1 7 1 7 1 1 7 1 7 1 8 1 7 1 1 12 10 8 8 1 12 10 12 9 12 9 12 9 1 1 1 12 9 1 12 10 12 10 1 12 9 1 12 10 1 1 12 10 1 1 12 10 1 1 1 7 12 10 1 7 10 1 1 1 1 1 1 1 1 1 1 1
ciInstanceKlass org/jetbrains/kotlin/types/AbstractTypeChecker 1 1 940 1 7 1 7 1 1 1 3 3 1 3 1 3 1 1 1 1 1 1 1 1 1 1 1 1 1 1 1 1 1 1 1 1 1 1 1 1 1 1 1 1 1 1 1 1 1 1 1 1 1 1 1 1 1 1 1 1 1 1 1 1 1 1 1 1 1 1 1 1 1 1 1 1 1 1 1 1 7 1 1 100 1 7 1 1 100 1 1 7 1 1 7 1 1 7 1 1 1 1 1 12 10 1 1 8 1 7 1 1 12 10 8 1 7 1 1 12 11 1 12 10 1 1 12 10 1 8 8 1 1 12 10 1 12 10 1 8 8 8 1 1 12 10 1 100 1 1 12 10 1 7 1 12 11 1 7 1 1 12 11 1 7 1 1 12 11 1 1 12 11 1 7 12 9 1 12 11 12 10 1 1 1 8 8 1 12 10 1 12 10 1 1 1 1 12 10 12 10 12 10 1 12 10 1 12 10 1 1 12 11 1 1 12 11 1 7 1 1 12 11 1 1 12 11 1 1 12 11 1 1 1 1 1 1 12 11 12 10 1 7 1 12 10 1 1 12 10 1 12 10 1 1 1 1 1 1 1 1 12 11 1 1 12 10 1 1 12 10 1 1 12 10 1 12 10 1 1 1 1 12 11 1 1 12 11 1 12 11 1 12 10 1 1 12 10 1 1 12 10 1 1 12 10 1 7 1 12 10 1 7 1 12 11 1 1 12 11 1 100 1 100 10 1 8 1 1 12 10 1 12 10 1 8 1 7 1 7 1 1 12 10 1 1 12 10 10 1 12 10 1 12 10 1 1 12 11 1 12 11 1 12 9 1 12 9 1 1 12 10 1 12 10 10 1 1 1 1 1 1 1 1 1 1 1 1 1 1 1 1 1 1 1 1 1 12 9 1 12 11 1 12 11 1 12 10 1 7 1 12 9 1 8 1 100 12 10 1 8 1 7 1 12 9 1 12 10 12 10 1 1 12 10 1 1 12 11 1 12 11 1 12 10 1 7 11 1 100 1 12 11 1 100 10 11 1 12 11 11 1 7 1 1 12 10 1 12 10 11 12 10 1 1 12 10 1 1 12 11 1 12 10 1 100 10 1 1 12 11 1 1 12 11 1 7 1 12 9 1 1 12 11 1 12 11 1 12 9 1 100 1 1 12 11 1 8 1 8 1 8 1 1 12 11 1 1 12 11 10 1 100 1 16 1 1 12 10 15 1 16 1 100 1 1 12 10 15 1 1 12 18 1 1 12 10 1 1 1 1 1 1 1 1 1 1 1 1 1 1 1 1 1 1 1 1 1 1 1 1 1 1 1 1 1 1 1 1 1 7 1 1 12 11 1 12 11 1 1 12 11 1 1 12 11 1 1 12 11 1 7 1 1 12 9 1 7 1 1 12 11 1 1 12 11 1 100 1 1 1 1 1 8 8 1 12 11 1 1 12 11 1 1 12 11 1 8 1 12 10 1 12 10 12 10 1 1 12 10 1 8 1 1 12 10 1 1 12 9 1 12 10 1 100 10 1 1 1 1 1 1 1 1 1 1 1 1 1 1 12 11 1 12 11 1 12 11 1 12 11 1 12 11 1 1 8 8 1 1 1 12 11 1 1 12 11 1 1 1 1 12 11 1 100 1 12 9 1 1 12 11 1 1 12 10 1 12 11 12 10 1 12 10 1 12 11 1 1 12 11 1 1 12 11 1 12 11 1 12 11 1 1 12 10 1 12 9 10 1 8 1 12 10 1 1 1 1 1 1 1 1 1 1 1 1 1 1 1 1 12 11 1 12 11 1 1 1 1 1 1 1 1 1 12 11 1 1 12 10 1 12 11 1 1 12 11 1 1 12 10 1 7 10 11 1 1 12 11 1 1 1 1 1 1 1 12 10 1 12 10 1 10 1 1 12 11 1 1 1 1 1 1 1 1 1 1 1 1 1 1 12 10 1 12 11 10 1 1 12 10 1 1 1 1 1 1 1 1 1 1 1 1 1 1 12 11 1 1 1 1 1 1 1 1 1 7 1 1 12 10 1 1 1 1 1 8 16 12 10 15 1 16 1 12 18 1 1 12 11 1 100 1 12 9 1 1 1 1 10 1 1 1 1 1 1 1 1 1 1 1 1
staticfield org/jetbrains/kotlin/types/AbstractTypeChecker INSTANCE Lorg/jetbrains/kotlin/types/AbstractTypeChecker; org/jetbrains/kotlin/types/AbstractTypeChecker
instanceKlass org/jetbrains/kotlin/fir/types/ConeStubTypeForTypeVariableInSubtyping
ciInstanceKlass org/jetbrains/kotlin/fir/types/ConeStubType 1 1 125 1 7 1 7 1 100 1 1 1 3 3 1 3 1 3 1 1 1 1 1 1 1 1 1 1 1 1 1 1 1 1 1 1 1 1 1 1 1 1 1 1 1 1 1 1 1 7 1 7 1 1 7 1 7 1 1 12 10 12 9 12 9 1 1 12 9 1 12 10 1 12 9 1 12 10 1 1 1 100 1 1 12 10 1 100 1 100 1 1 12 10 1 8 1 1 12 10 12 10 1 1 1 7 12 10 1 7 10 1 1 1 12 10 1 1 1 1 1 1 1 1 1 1 1
ciInstanceKlass org/jetbrains/kotlin/fir/types/ConeCapturedType 1 1 180 1 7 1 7 1 100 1 1 1 3 3 1 3 1 3 1 1 1 1 1 1 1 1 1 1 1 1 1 1 1 1 1 1 1 1 1 1 1 1 1 1 1 1 1 1 1 1 1 1 1 1 1 1 1 1 1 1 1 1 1 1 1 1 1 1 1 7 1 7 1 1 7 1 7 1 1 1 8 1 7 1 1 12 10 8 8 8 1 12 10 12 9 12 9 12 9 12 9 12 9 12 9 1 1 1 7 1 12 9 1 12 9 1 12 10 12 10 8 8 1 7 1 12 10 12 10 1 12 9 1 12 10 1 1 7 1 1 12 10 1 100 1 1 12 10 1 8 1 12 10 12 10 1 1 1 7 12 10 10 1 7 10 10 1 1 1 1 1 12 10 1 1 1 1 1 1 1 1 1
instanceKlass org/jetbrains/kotlin/fir/types/ConeIntegerConstantOperatorType
instanceKlass org/jetbrains/kotlin/fir/types/ConeIntegerLiteralConstantType
ciInstanceKlass org/jetbrains/kotlin/fir/types/ConeIntegerLiteralType 1 1 154 1 7 1 7 1 100 1 1 1 3 3 1 3 1 3 1 1 1 1 1 1 1 1 1 1 1 1 1 1 1 1 1 1 1 1 1 1 1 1 1 1 1 1 1 1 1 1 1 1 1 1 1 1 1 1 1 7 1 7 1 7 1 7 1 7 1 1 1 1 12 10 12 9 12 9 1 1 1 1 12 9 1 12 10 1 12 9 1 12 10 1 1 1 1 1 100 1 8 1 12 10 12 10 1 1 7 1 1 12 10 1 100 1 7 1 1 12 10 1 8 1 1 12 10 12 10 1 1 12 10 1 7 10 1 12 10 1 1 1 1 10 12 9 1 1 1 1 1 1 1 1 1 1
staticfield org/jetbrains/kotlin/fir/types/ConeIntegerLiteralType Companion Lorg/jetbrains/kotlin/fir/types/ConeIntegerLiteralType$Companion; org/jetbrains/kotlin/fir/types/ConeIntegerLiteralType$Companion
ciInstanceKlass org/jetbrains/kotlin/fir/types/ConeCapturedTypeConstructor 1 1 76 1 7 1 7 1 100 1 1 1 3 3 1 3 1 3 1 1 1 1 1 1 1 1 1 1 1 1 1 1 1 1 1 1 1 1 1 1 1 1 1 1 1 1 8 1 7 1 1 12 10 1 12 10 12 9 12 9 12 9 1 1 12 10 1 1 1 1 1 1 1 1 1 1 1 1
ciInstanceKlass org/jetbrains/kotlin/fir/types/ConeTypeVariableTypeConstructor 1 1 107 1 7 1 7 1 100 1 1 1 3 3 1 3 1 3 1 1 1 1 1 1 1 1 1 1 1 1 1 1 1 1 1 1 1 1 1 1 1 1 1 1 1 1 1 8 1 7 1 1 12 10 1 12 10 12 9 12 9 1 1 100 1 1 12 10 1 8 1 12 10 12 9 1 100 10 1 1 12 10 1 100 1 1 12 10 1 100 1 12 11 1 1 12 10 1 12 10 12 10 1 1 1 1 1 1 1
ciInstanceKlass org/jetbrains/kotlin/types/model/MarkerExtensionsKt 1 1 188 1 7 1 100 1 1 1 3 3 1 1 3 1 1 1 1 1 1 1 1 1 1 1 1 1 1 1 1 1 1 1 1 1 1 1 1 1 1 1 1 1 1 8 1 7 1 1 12 10 8 1 7 1 12 11 1 1 1 1 1 8 1 12 11 1 1 1 1 1 12 11 1 1 1 1 1 8 1 16 1 1 12 10 15 1 16 1 7 1 1 12 10 15 1 1 12 18 1 1 12 11 1 1 1 1 1 1 8 1 7 1 7 1 1 12 10 1 7 1 7 1 1 12 11 1 100 1 7 1 1 12 11 1 1 12 11 1 7 1 1 12 11 1 1 12 11 12 10 1 1 1 1 1 1 1 1 1 1 1 1 1 1 12 11 1 1 1 8 1 1 12 11 12 11 1 1 1 1 1 1 1 1 1 1 1 1 1
ciInstanceKlass org/jetbrains/kotlin/fir/types/ConeStubTypeConstructor 1 1 118 1 7 1 7 1 100 1 1 1 3 3 1 3 1 3 1 1 1 1 1 1 1 1 1 1 1 1 1 1 1 1 1 1 1 1 1 1 1 1 1 1 8 1 7 1 1 12 10 1 12 10 12 9 12 9 12 9 1 1 12 10 1 1 100 10 1 8 1 1 12 10 1 7 1 1 12 10 1 100 1 12 10 1 12 10 12 10 1 1 1 12 10 1 12 10 1 7 1 12 10 1 1 1 1 1 1 12 10 1 1 1 1 1 1 1 1 1
ciInstanceKlass org/jetbrains/kotlin/resolve/calls/inference/ConstraintSystemOperation 1 0 86 1 100 1 100 1 1 1 3 3 1 3 1 3 1 1 1 1 1 1 1 1 1 1 1 1 1 1 1 1 1 1 1 1 1 1 1 1 1 1 1 1 1 1 1 1 1 1 1 1 1 1 1 1 1 1 1 1 1 1 1 1 1 1 1 1 1 1 1 1 1 1 1 1 1 1 1 1 1 1 1 1 1 1 1 1
ciInstanceKlass org/jetbrains/kotlin/resolve/calls/inference/components/ConstraintInjector$Context 1 0 584 1 100 1 100 1 100 1 1 1 3 3 1 3 1 3 1 1 1 1 1 1 1 1 1 1 1 1 1 1 1 1 1 1 1 1 1 1 1 1 1 1 1 1 1 1 1 1 1 1 1 1 1 1 1 1 1 1 1 1 1 1 1 1 1 1 100 1 1 1 1 1 1 1 1 1 1 1 1 1 1 1 1 1 1 1 1 100 1 8 1 1 12 10 1 1 1 8 1 1 1 8 1 1 1 8 1 1 1 8 1 1 1 8 1 1 8 1 1 1 8 1 1 1 8 1 1 1 8 1 1 1 8 1 1 1 8 1 1 1 8 1 1 1 8 1 1 8 1 1 8 1 1 8 1 1 8 1 1 1 8 1 1 1 8 1 1 8 1 1 1 8 1 1 8 1 1 8 1 1 8 1 1 8 1 1 1 8 1 1 8 1 1 1 8 1 1 1 8 1 1 8 1 1 8 1 1 8 1 1 1 8 1 1 1 8 1 1 8 1 1 8 1 1 1 8 1 1 8 1 1 8 1 1 1 8 1 1 1 8 1 1 1 8 1 1 1 8 1 1 8 1 1 8 1 1 8 1 1 1 8 1 1 8 1 1 1 8 1 1 1 8 1 1 1 8 1 1 8 1 1 8 1 8 1 1 1 8 1 1 1 8 1 1 1 8 1 1 8 1 1 1 8 1 1 8 1 1 1 8 1 1 8 1 1 8 1 1 1 8 1 1 1 8 1 1 8 1 1 8 1 1 1 8 1 1 1 8 1 1 8 1 1 8 1 1 8 1 1 1 8 1 1 8 1 1 8 1 1 8 1 1 8 1 1 8 1 1 1 8 1 1 8 1 1 1 8 1 1 8 1 1 8 1 1 1 8 1 1 8 1 1 1 8 1 1 1 8 1 1 1 8 1 1 1 8 1 1 1 8 1 1 1 8 1 1 8 1 1 1 8 1 1 1 8 1 1 8 1 1 8 1 1 8 1 1 8 1 1 1 8 1 1 1 8 1 1 8 1 1 1 8 1 1 1 8 1 1 1 8 1 1 1 8 1 1 8 1 1 1 8 1 1 1 8 1 1 8 1 1 1 8 1 1 1 8 1 1 1 8 1 1 8 1 1 8 1 1 8 1 1 8 1 1 1 8 1 1 8 1 1 1 8 1 1 8 1 1 8 1 1 8 1 1 8 1 1 1 8 1 1 1 8 1 1 1 8 1 1 1 8 1 1 1 8 1 1 1 8 1 1 1 8 1 1 1 8 1 1 1 8 1 1 8 1 1 8 1 1 1 8 1 1 8 1 1 1 8 1 1 1 8 1 1
ciInstanceKlass org/jetbrains/kotlin/resolve/calls/inference/model/MutableConstraintStorage 1 1 208 1 7 1 7 1 100 1 1 1 3 3 1 3 1 3 1 1 1 1 1 1 1 1 1 1 1 1 1 1 1 1 1 1 1 1 1 1 1 1 1 1 1 1 1 1 1 1 1 1 1 1 1 1 1 1 1 1 1 1 1 1 1 1 1 1 1 1 1 1 1 1 1 1 1 1 1 1 1 1 1 1 1 1 1 1 1 1 1 1 1 1 1 1 1 1 1 1 1 1 1 12 10 1 7 10 1 7 12 9 12 9 12 9 1 7 10 1 7 12 9 12 9 12 9 12 9 12 9 12 9 12 9 12 9 12 9 1 1 1 1 1 1 1 1 12 10 1 7 1 7 1 12 11 1 1 12 11 1 7 1 12 11 1 1 12 11 1 7 1 1 12 10 1 7 1 1 12 10 1 1 1 1 1 1 1 1 1 1 1 12 9 12 9 12 9 1 1 1 1 1 1 1 1 1 1 1 1
ciInstanceKlass org/jetbrains/kotlin/resolve/calls/inference/model/NewConstraintSystemImpl$State 1 1 98 1 7 1 1 7 1 1 1 3 3 1 3 1 3 1 1 1 1 1 1 1 1 1 1 1 1 1 100 1 1 1 1 1 1 12 10 1 1 1 1 1 1 1 12 9 1 100 1 1 12 10 100 1 1 1 12 10 1 1 1 1 1 12 9 1 12 9 12 9 12 9 12 9 1 8 10 8 8 8 12 10 1 7 1 7 1 1 12 10 1 1 1 1 1 1 1 1
staticfield org/jetbrains/kotlin/resolve/calls/inference/model/NewConstraintSystemImpl$State BUILDING Lorg/jetbrains/kotlin/resolve/calls/inference/model/NewConstraintSystemImpl$State; org/jetbrains/kotlin/resolve/calls/inference/model/NewConstraintSystemImpl$State
staticfield org/jetbrains/kotlin/resolve/calls/inference/model/NewConstraintSystemImpl$State TRANSACTION Lorg/jetbrains/kotlin/resolve/calls/inference/model/NewConstraintSystemImpl$State; org/jetbrains/kotlin/resolve/calls/inference/model/NewConstraintSystemImpl$State
staticfield org/jetbrains/kotlin/resolve/calls/inference/model/NewConstraintSystemImpl$State FREEZED Lorg/jetbrains/kotlin/resolve/calls/inference/model/NewConstraintSystemImpl$State; org/jetbrains/kotlin/resolve/calls/inference/model/NewConstraintSystemImpl$State
staticfield org/jetbrains/kotlin/resolve/calls/inference/model/NewConstraintSystemImpl$State COMPLETION Lorg/jetbrains/kotlin/resolve/calls/inference/model/NewConstraintSystemImpl$State; org/jetbrains/kotlin/resolve/calls/inference/model/NewConstraintSystemImpl$State
staticfield org/jetbrains/kotlin/resolve/calls/inference/model/NewConstraintSystemImpl$State $VALUES [Lorg/jetbrains/kotlin/resolve/calls/inference/model/NewConstraintSystemImpl$State; 4 [Lorg/jetbrains/kotlin/resolve/calls/inference/model/NewConstraintSystemImpl$State;
staticfield org/jetbrains/kotlin/resolve/calls/inference/model/NewConstraintSystemImpl$State $ENTRIES Lkotlin/enums/EnumEntries; kotlin/enums/EnumEntriesList
instanceKlass org/jetbrains/kotlin/resolve/calls/inference/model/NewConstraintSystemImpl
ciInstanceKlass org/jetbrains/kotlin/resolve/calls/inference/components/ConstraintSystemCompletionContext 1 1 926 1 7 1 7 1 100 1 100 1 1 1 3 3 1 3 1 3 1 1 1 1 1 1 1 1 1 1 1 1 1 1 1 1 1 1 1 1 1 1 1 1 1 1 1 1 1 1 1 1 1 1 1 1 1 1 1 1 1 1 1 1 1 1 1 1 1 1 1 1 1 1 1 1 1 1 1 1 1 1 1 1 1 1 1 1 100 1 1 100 12 10 1 1 1 1 1 1 1 1 1 1 1 1 1 8 1 7 1 1 12 10 8 8 1 7 1 1 12 9 1 7 1 1 12 11 12 10 1 7 1 7 12 10 1 7 1 1 12 11 1 1 1 1 1 1 1 8 1 7 1 12 10 12 10 12 10 1 1 1 1 7 1 1 12 11 1 7 1 12 11 1 1 12 11 1 12 11 1 1 1 1 1 1 1 1 1 1 1 16 1 1 12 10 15 16 1 7 1 1 12 10 15 1 12 18 1 1 100 1 1 1 1 1 12 11 1 7 1 12 11 1 7 12 10 1 1 1 1 12 10 1 1 1 1 1 8 1 7 10 1 7 1 1 12 10 1 7 1 1 12 9 1 1 12 10 1 1 12 10 15 1 16 1 12 18 1 1 12 10 1 1 12 11 1 7 1 1 12 10 1 12 10 1 1 1 1 1 1 1 1 1 1 1 1 1 1 1 1 1 1 8 1 7 1 1 12 9 1 1 12 10 1 1 12 10 1 12 10 1 1 1 1 1 1 1 1 1 1 1 1 1 1 100 1 8 1 1 12 10 1 1 1 8 1 1 1 8 1 1 1 8 1 1 1 8 1 1 1 8 1 1 8 1 1 1 8 1 1 8 1 1 1 8 1 1 1 8 1 1 8 1 1 1 8 1 1 1 8 1 1 8 1 1 8 1 1 8 1 1 1 8 1 1 8 1 1 1 8 1 1 1 8 1 1 1 8 1 1 8 1 1 1 8 1 1 8 1 1 8 1 1 8 1 1 1 8 1 1 1 8 1 1 1 8 1 1 1 8 1 1 1 8 1 1 8 1 1 8 1 8 1 1 1 8 1 1 1 8 1 1 1 8 1 1 8 1 1 1 8 1 1 8 1 1 1 8 1 1 8 1 1 8 1 1 1 8 1 1 1 8 1 1 8 1 1 8 1 1 1 8 1 1 1 8 1 1 8 1 1 8 1 1 1 8 1 1 1 8 1 1 1 8 1 1 8 1 1 8 1 1 8 1 1 8 1 1 1 8 1 1 8 1 1 1 8 1 1 8 1 1 8 1 1 1 8 1 1 8 1 1 1 8 1 1 1 8 1 1 1 8 1 1 1 8 1 1 1 8 1 1 1 8 1 1 8 1 1 1 8 1 1 1 8 1 1 8 1 1 8 1 1 1 8 1 1 8 1 1 1 8 1 1 1 8 1 1 8 1 1 1 8 1 1 1 8 1 1 1 8 1 1 1 8 1 1 8 1 1 1 8 1 1 1 8 1 1 8 1 1 1 8 1 1 1 8 1 1 1 8 1 1 8 1 1 8 1 1 8 1 1 8 1 1 1 8 1 1 8 1 1 1 8 1 1 1 8 1 1 8 1 1 8 1 1 8 1 1 1 8 1 1 1 8 1 1 1 8 1 1 8 1 1 1 8 1 1 1 8 1 1 1 8 1 1 1 8 1 1 1 8 1 1 8 1 1 8 1 1 1 8 1 1 8 1 1 1 8 1 1 1 8 1 1 1 8 1 1 1 8 1 1 8 1 1 1 8 1 1 1 8 1 1 8 1 1 1 8 1 1 1 8 1 1 1 8 1 1 8 1 1 8 1 1 1 8 1 1 1 8 1 1 8 1 1 1 8 1 1 8 1 1 8 1 1 8 1 1 8 1 1 8 1 1 8 1 1 1 8 1 1 1 8 1 1 8 1 1 8 1 1 8 1 1 8 1 1 8 1 1 8 1 1 1 8 1 1 8 1 1 1 8 1 1 8 1 1 8 1 1 8 1 1 8 1 1 8 1 1 1 8 1 1 8 1 8 1 1 1 8 1 1 8 1 1 8 1 1 1 8 1 1 1 8 1 1 8 1 1 1 8 1 1 8 1 1
ciInstanceKlass org/jetbrains/kotlin/resolve/calls/inference/model/NewConstraintSystemImpl 1 1 2259 1 7 1 7 1 100 1 7 1 100 1 7 1 100 1 7 1 1 1 3 3 1 3 1 3 1 1 1 1 1 1 1 1 1 1 1 1 1 1 1 1 1 1 1 1 1 1 1 1 1 1 1 1 1 1 1 1 1 1 1 1 1 1 1 1 1 1 1 1 1 1 1 1 1 1 1 1 1 1 1 1 1 1 1 1 1 1 1 1 1 1 1 1 1 1 1 1 1 1 1 1 1 1 1 1 1 1 1 1 1 1 1 1 1 1 1 1 1 1 1 1 1 1 1 1 1 1 1 1 1 1 1 1 1 1 1 1 1 1 1 1 1 1 1 1 1 1 1 1 1 1 1 1 1 1 1 1 1 1 1 1 1 1 1 1 1 1 1 1 1 1 1 1 1 1 1 1 1 1 1 1 1 1 1 1 1 1 1 1 1 1 1 1 1 1 1 1 1 1 1 1 1 1 1 1 1 1 1 1 1 1 1 1 1 1 1 1 1 1 1 1 1 1 1 1 1 1 1 1 1 1 1 1 1 1 1 1 1 1 1 1 1 1 1 1 1 1 1 1 1 1 1 1 1 1 1 1 1 1 1 1 1 1 1 1 1 1 1 1 1 1 1 1 1 1 1 1 1 1 1 1 1 1 1 1 1 1 1 1 1 1 1 1 1 1 1 1 1 1 1 1 1 1 1 1 1 1 1 1 1 1 1 1 1 1 1 1 1 1 1 1 1 1 1 1 1 1 1 1 1 1 1 1 1 1 1 1 1 1 1 1 1 1 1 1 1 1 1 1 1 1 1 1 1 1 1 1 1 1 1 1 1 1 1 1 1 1 1 1 1 1 1 1 1 1 1 1 1 1 1 1 1 1 1 1 1 1 1 1 1 1 1 1 1 1 1 1 1 1 1 1 1 1 1 1 1 1 1 1 1 1 1 1 1 1 1 1 1 1 1 1 1 1 1 1 1 1 1 1 1 1 7 1 7 1 1 100 1 100 1 1 7 1 1 100 1 7 1 7 1 7 1 1 100 1 100 1 7 1 7 1 1 100 1 100 1 1 7 1 7 1 1 1 1 1 1 1 1 1 1 1 1 8 1 7 1 1 12 10 8 8 12 10 12 9 12 9 12 9 1 1 12 10 1 7 1 1 12 10 12 9 1 7 10 1 7 12 9 1 7 10 12 9 1 12 9 12 9 1 7 10 12 9 1 12 9 1 1 12 10 1 7 12 9 12 9 1 7 10 12 9 1 1 1 8 12 11 1 1 1 8 12 11 1 1 12 11 1 1 12 11 1 12 11 1 1 12 11 1 1 1 12 11 1 1 1 12 11 1 12 11 1 1 1 8 8 8 12 11 1 8 12 11 12 11 12 11 1 12 11 1 1 1 8 12 11 1 1 1 8 12 11 1 1 12 11 12 11 1 12 11 12 11 1 12 11 1 12 11 1 1 12 11 1 1 12 11 1 1 12 11 1 1 12 11 1 1 12 11 1 1 12 11 1 1 8 8 12 11 12 11 1 12 11 1 1 12 11 1 12 11 1 12 11 1 1 12 11 1 12 11 1 1 1 12 11 1 12 11 1 1 8 12 11 1 12 11 1 12 11 1 1 1 12 11 1 1 12 11 1 12 11 12 11 1 1 1 12 11 1 1 8 12 11 1 8 12 11 1 1 8 12 11 1 1 7 12 11 1 1 12 11 1 12 11 1 12 11 12 11 1 1 12 11 1 12 11 1 1 12 11 1 12 11 1 1 12 11 1 12 11 1 1 12 11 1 1 12 11 1 1 12 11 1 12 11 1 1 12 11 12 11 1 1 12 11 1 12 11 1 12 11 1 12 11 1 12 11 1 1 12 11 1 12 11 12 11 1 1 12 11 1 12 11 1 1 12 11 1 1 12 11 1 1 12 11 1 1 12 11 1 1 12 11 1 12 11 1 12 11 1 12 11 1 1 12 11 1 1 12 11 1 12 11 1 1 12 11 1 1 12 11 1 1 12 11 1 12 11 1 1 8 12 11 1 1 12 11 1 1 12 11 1 1 1 12 11 1 1 1 12 11 1 12 11 1 12 11 1 12 11 1 12 11 1 12 11 1 12 11 1 12 11 1 12 11 1 1 12 11 1 12 11 1 1 12 11 1 1 12 11 1 1 1 12 11 1 1 12 11 1 1 12 11 1 1 8 8 12 11 12 11 1 12 11 1 12 11 1 12 11 1 12 11 1 12 11 1 12 11 1 12 11 1 12 11 1 1 12 11 1 12 11 1 12 11 1 12 11 1 12 11 1 12 11 1 12 11 1 12 11 1 1 1 8 12 11 1 12 11 1 1 1 12 11 1 12 11 1 1 8 8 12 11 12 11 1 12 11 1 1 12 11 1 1 12 11 1 1 1 12 11 1 12 11 1 12 11 1 12 11 1 12 11 1 12 11 1 1 12 11 12 11 1 12 11 1 1 12 11 1 1 12 11 12 11 1 1 1 8 12 11 12 11 1 12 11 1 1 8 8 1 100 12 11 1 1 7 12 11 12 11 12 11 12 11 1 1 7 12 11 1 12 11 1 12 11 1 1 12 11 1 12 11 1 1 8 12 11 1 12 11 1 1 1 12 11 1 1 8 12 11 1 12 11 1 8 8 1 7 12 11 1 1 8 12 11 1 8 12 11 1 8 12 11 1 8 12 11 1 1 12 11 1 1 7 12 11 1 1 12 11 12 11 1 12 9 1 1 12 9 1 8 8 1 12 10 1 12 11 12 10 1 8 1 100 1 100 1 1 12 10 1 12 10 12 10 1 7 1 1 12 11 1 1 1 1 1 7 1 12 9 12 10 1 1 1 1 100 1 12 10 1 100 1 12 9 1 100 10 1 8 1 1 12 10 1 12 10 1 8 1 1 12 10 10 1 100 1 12 10 1 1 1 12 10 1 1 12 9 1 12 9 12 10 1 1 1 1 12 9 12 10 1 7 1 1 8 8 1 12 10 1 100 1 1 12 10 1 1 12 11 12 10 1 1 1 1 1 8 12 10 12 10 10 1 1 12 11 1 7 1 100 1 8 1 8 10 12 10 1 7 1 12 10 1 1 12 10 1 7 11 12 9 1 12 11 11 1 8 12 10 16 1 1 12 10 15 16 1 7 1 1 12 10 15 1 12 18 1 1 12 10 15 1 16 1 1 12 18 1 1 12 11 1 1 8 8 8 1 12 10 1 8 1 12 10 1 1 1 12 11 1 7 1 8 8 1 1 12 10 1 1 1 12 10 1 1 1 10 10 1 7 1 1 12 10 1 12 10 1 7 1 12 11 1 7 1 12 11 1 12 11 1 7 1 1 12 10 1 7 1 12 9 1 12 10 10 1 12 11 1 7 1 1 1 1 1 1 1 1 1 1 1 1 1 1 1 1 1 7 1 1 12 10 1 1 12 10 12 11 12 10 11 1 7 1 1 12 10 12 10 1 12 11 1 12 11 1 12 11 1 12 10 1 7 1 1 12 10 12 10 1 12 10 1 7 1 1 1 1 1 1 1 1 1 1 1 12 10 12 10 1 1 8 12 10 1 8 1 12 10 11 1 12 10 1 12 10 1 1 12 10 8 1 12 11 11 12 11 1 12 10 12 10 8 1 12 10 1 12 10 11 1 1 12 11 11 12 10 11 1 7 1 12 10 11 1 1 12 10 11 1 1 12 11 11 1 7 1 1 12 10 12 10 11 11 11 11 1 1 1 1 1 1 10 1 8 1 12 10 1 8 1 8 1 12 11 12 10 11 1 16 1 1 12 10 15 1 16 1 12 18 10 1 10 11 1 1 8 1 1 10 1 1 1 10 11 1 1 12 10 11 1 7 1 12 10 1 100 1 12 10 1 12 10 1 100 1 12 10 1 100 1 12 10 1 1 12 11 1 7 1 1 12 10 12 10 1 12 10 1 1 1 1 1 1 1 11 1 1 12 10 1 1 12 10 1 1 12 10 12 10 11 1 1 1 1 1 1 1 1 8 1 1 8 1 12 10 10 1 7 12 10 12 11 1 8 1 8 1 7 1 12 10 1 8 1 8 1 1 12 11 11 1 1 12 10 15 1 16 1 12 18 1 1 12 10 12 10 1 12 10 12 10 1 1 1 1 1 1 1 12 10 1 100 10 1 1 7 10 11 1 100 1 12 11 1 1 12 10 12 10 1 1 12 10 15 1 16 1 12 18 16 1 1 12 10 15 1 1 12 18 1 1 12 11 1 100 1 1 12 9 1 100 1 1 12 11 1 12 10 1 100 1 12 10 1 1 12 9 1 100 1 12 9 1 100 1 1 12 10 1 12 10 1 12 11 1 1 1 1 1 1 1 1 1 12 10 1 1 12 10 1 1 12 10 11 1 100 1 12 10 10 1 100 1 1 12 10 1 1 1 1 1 1 1 1 1 1 1 1 1 1 1 1 1 1 1 1 1 12 10 1 100 10 1 100 1 12 10 1 1 12 11 1 1 1 1 12 10 1 12 11 16 1 1 12 10 15 1 16 1 12 18 1 1 1 1 12 10 15 18 1 7 1 1 12 9 1 12 10 1 12 9 1 1 12 10 1 12 10 1 100 10 1 1 1 1 1 1 1 12 10 1 1 12 10 12 10 1 12 9 1 1 12 10 10 1 100 12 10 1 1 1 1 1 1 1 1 1 12 10 15 18 1 12 10 15 18 1 12 10 15 18 1 12 10 12 10 8 1 7 1 12 10 1 1 12 10 12 11 1 1 1 1 1 12 10 1 7 1 12 10 10 1 1 1 1 1 1 1 1 12 9 1 12 9 10 10 1 8 1 1 12 10 15 1 12 18 1 8 8 1 7 10 1 1 1 1 1 1 8 1 1 1 100 12 11 1 1 1 8 10 10 10 1 100 1 100 10 1 7 1 12 9 10 10 1 100 10 1 1 1 1 7 1 1 12 10 1 1 100 12 11 1 100 1 12 10 12 10 1 7 1 12 9 1 1 1 7 1 12 10 1 1 1 100 10 1 8 12 10 15 1 12 18 1 12 10 1 12 10 1 12 10 1 1 1 1 1 1 1 12 10 1 1 1 1 1 1 1 1 1 1 1 1 1
instanceKlass org/jetbrains/kotlin/resolve/calls/inference/model/SimpleConstraintSystemConstraintPosition
instanceKlass org/jetbrains/kotlin/resolve/calls/inference/model/ExplicitTypeParameterConstraintPosition
instanceKlass org/jetbrains/kotlin/resolve/calls/inference/model/ExpectedTypeConstraintPosition
instanceKlass org/jetbrains/kotlin/resolve/calls/inference/model/FixVariableConstraintPosition
instanceKlass org/jetbrains/kotlin/resolve/calls/inference/model/DeclaredUpperBoundConstraintPosition
instanceKlass org/jetbrains/kotlin/resolve/calls/inference/model/LambdaArgumentConstraintPosition
instanceKlass org/jetbrains/kotlin/resolve/calls/inference/model/IncorporationConstraintPosition
instanceKlass org/jetbrains/kotlin/resolve/calls/inference/model/ArgumentConstraintPosition
instanceKlass org/jetbrains/kotlin/resolve/calls/inference/model/ReceiverConstraintPosition
ciInstanceKlass org/jetbrains/kotlin/resolve/calls/inference/model/ConstraintPosition 1 1 51 1 7 1 7 1 1 1 3 3 1 3 1 3 1 1 1 1 1 1 1 1 1 1 1 1 1 1 1 1 1 1 1 1 1 1 1 1 1 12 10 1 1 10 1 1 1 1 1 1 1
ciInstanceKlass org/jetbrains/kotlin/resolve/calls/inference/model/OnlyInputTypeConstraintPosition 1 0 22 1 100 1 100 1 1 1 3 3 1 3 1 3 1 1 1 1 1 1 1 1
instanceKlass org/jetbrains/kotlin/fir/resolve/inference/model/ConeReceiverConstraintPosition
ciInstanceKlass org/jetbrains/kotlin/resolve/calls/inference/model/ReceiverConstraintPosition 1 1 67 1 7 1 1 7 1 100 1 1 1 3 3 1 3 1 3 1 1 1 1 1 1 1 1 1 1 1 1 1 1 1 1 1 1 1 12 10 12 9 1 1 1 1 1 100 1 12 10 1 8 1 1 12 10 1 12 10 12 10 1 1 1 1 1 1 1
ciInstanceKlass org/jetbrains/kotlin/fir/resolve/inference/model/ConeReceiverConstraintPosition 1 1 80 1 7 1 1 7 1 1 1 3 3 1 3 1 3 1 1 1 1 1 1 1 1 1 1 1 1 1 1 1 1 1 1 8 1 7 1 1 12 10 1 12 10 12 9 1 1 1 100 1 12 10 1 8 1 1 12 10 1 1 12 10 1 100 1 100 1 1 12 10 12 10 1 1 1 1 1 1 1 1
ciInstanceKlass org/jetbrains/kotlin/fir/resolve/inference/model/ConeArgumentConstraintPosition 1 1 73 1 100 1 1 7 1 1 1 3 3 1 3 1 3 1 1 1 1 1 1 1 1 1 1 1 1 1 8 1 7 1 1 12 10 1 12 10 1 1 1 100 1 12 10 1 8 1 1 12 10 1 1 12 10 1 100 1 100 1 1 12 10 12 10 1 1 1 1 1 1 1 1
ciInstanceKlass org/jetbrains/kotlin/resolve/calls/inference/model/ConstraintKind 1 1 113 1 7 1 1 7 1 1 1 3 3 1 3 1 3 1 1 1 1 1 1 1 1 1 1 1 1 1 1 1 1 100 1 1 1 1 1 1 12 10 1 1 1 1 1 1 12 9 12 9 12 9 1 1 1 1 12 9 1 1 12 10 1 100 12 10 1 1 12 9 1 7 1 1 12 10 7 1 1 1 12 10 1 1 1 1 12 9 1 1 8 10 8 8 12 10 1 7 1 7 1 1 12 10 1 1 1 1 1 1 1 1 1
staticfield org/jetbrains/kotlin/resolve/calls/inference/model/ConstraintKind LOWER Lorg/jetbrains/kotlin/resolve/calls/inference/model/ConstraintKind; org/jetbrains/kotlin/resolve/calls/inference/model/ConstraintKind
staticfield org/jetbrains/kotlin/resolve/calls/inference/model/ConstraintKind UPPER Lorg/jetbrains/kotlin/resolve/calls/inference/model/ConstraintKind; org/jetbrains/kotlin/resolve/calls/inference/model/ConstraintKind
staticfield org/jetbrains/kotlin/resolve/calls/inference/model/ConstraintKind EQUALITY Lorg/jetbrains/kotlin/resolve/calls/inference/model/ConstraintKind; org/jetbrains/kotlin/resolve/calls/inference/model/ConstraintKind
staticfield org/jetbrains/kotlin/resolve/calls/inference/model/ConstraintKind $VALUES [Lorg/jetbrains/kotlin/resolve/calls/inference/model/ConstraintKind; 3 [Lorg/jetbrains/kotlin/resolve/calls/inference/model/ConstraintKind;
staticfield org/jetbrains/kotlin/resolve/calls/inference/model/ConstraintKind $ENTRIES Lkotlin/enums/EnumEntries; kotlin/enums/EnumEntriesList
ciInstanceKlass org/jetbrains/kotlin/resolve/calls/inference/model/InitialConstraint 1 1 116 1 7 1 7 1 1 1 3 3 1 3 1 3 1 1 1 1 1 1 1 1 1 1 1 1 1 1 1 1 1 1 1 1 1 1 1 1 1 100 1 1 8 1 7 1 1 12 10 8 8 8 1 12 10 12 9 12 9 12 9 12 9 1 1 1 100 10 12 10 1 1 12 10 1 8 1 12 10 12 10 1 1 12 9 1 100 1 1 12 10 1 8 1 8 1 8 1 100 10 1 100 1 12 10 1 1 1 1 1 1 1 1 1 1 1
ciInstanceKlass org/jetbrains/kotlin/resolve/calls/inference/components/ConstraintIncorporator$Context 1 1 578 1 7 1 100 1 100 1 1 1 3 3 1 3 1 3 1 1 1 1 1 1 1 1 1 1 1 1 1 1 1 1 1 1 1 1 1 1 1 1 1 1 1 1 1 1 1 100 1 1 1 1 1 1 1 1 1 1 1 1 1 100 1 8 1 1 12 10 12 11 1 1 1 1 1 1 1 1 1 1 1 100 1 8 1 1 12 10 1 1 1 8 1 1 1 8 1 1 1 8 1 1 1 8 1 1 1 8 1 1 8 1 1 1 8 1 1 1 8 1 1 1 8 1 1 1 8 1 1 1 8 1 1 1 8 1 1 1 8 1 1 8 1 1 8 1 1 8 1 1 8 1 1 1 8 1 1 1 8 1 1 8 1 1 1 8 1 1 8 1 1 8 1 1 8 1 1 8 1 1 1 8 1 1 8 1 1 1 8 1 1 1 8 1 1 8 1 1 8 1 1 8 1 1 1 8 1 1 1 8 1 1 8 1 1 8 1 1 1 8 1 1 8 1 1 8 1 1 1 8 1 1 1 8 1 1 1 8 1 1 1 8 1 1 8 1 1 8 1 1 8 1 1 1 8 1 1 8 1 1 1 8 1 1 1 8 1 1 1 8 1 1 8 1 1 8 1 8 1 1 1 8 1 1 1 8 1 1 1 8 1 1 8 1 1 1 8 1 1 8 1 1 1 8 1 1 8 1 1 8 1 1 1 8 1 1 1 8 1 1 8 1 1 8 1 1 1 8 1 1 1 8 1 1 8 1 1 8 1 1 8 1 1 1 8 1 1 8 1 1 8 1 1 8 1 1 8 1 1 8 1 1 1 8 1 1 8 1 1 1 8 1 1 8 1 1 8 1 1 1 8 1 1 8 1 1 1 8 1 1 1 8 1 1 1 8 1 1 1 8 1 1 1 8 1 1 1 8 1 1 8 1 1 1 8 1 1 1 8 1 1 8 1 1 8 1 1 8 1 1 8 1 1 1 8 1 1 1 8 1 1 8 1 1 1 8 1 1 1 8 1 1 1 8 1 1 1 8 1 1 8 1 1 1 8 1 1 1 8 1 1 8 1 1 1 8 1 1 1 8 1 1 1 8 1 1 8 1 1 8 1 1 8 1 1 8 1 1 1 8 1 1 8 1 1 1 8 1 1 8 1 1 8 1 1 8 1 1 8 1 1 1 8 1 1 1 8 1 1 1 8 1 1 1 8 1 1 1 8 1 1 1 8 1 1 1 8 1 1 1 8 1 1 1 8 1 1 8 1 1 8 1 1 1 8 1 1 8 1 1 1 8 1 1 1 8 1 1
instanceKlass org/jetbrains/kotlin/resolve/calls/inference/components/ConstraintInjector$TypeCheckerStateForConstraintInjector
ciInstanceKlass org/jetbrains/kotlin/resolve/calls/inference/components/TypeCheckerStateForConstraintSystem 1 1 637 1 7 1 7 1 1 1 3 3 1 3 1 3 1 1 1 1 1 1 1 1 1 1 1 1 1 1 1 1 1 1 1 1 1 1 1 1 1 1 1 1 1 1 1 1 1 1 1 1 1 1 1 1 1 1 1 1 1 1 1 1 1 1 1 1 1 1 1 1 1 1 100 1 100 1 1 100 1 1 7 1 1 8 1 7 1 1 12 10 8 8 1 7 1 12 10 12 9 1 1 1 1 1 1 1 100 1 8 1 12 10 12 10 1 8 8 12 10 1 7 1 1 12 11 1 1 12 11 1 1 12 11 1 1 12 11 1 100 1 1 12 9 1 12 9 1 12 9 1 7 1 7 1 16 1 1 12 10 15 1 16 1 7 1 1 12 10 15 1 1 12 18 1 1 12 11 1 12 9 1 1 1 1 1 1 1 12 10 1 7 1 1 12 10 12 10 1 12 10 1 1 12 11 12 10 1 12 10 1 1 1 1 1 1 1 1 1 1 1 1 1 1 12 11 1 1 12 11 1 7 1 1 12 11 1 1 12 11 1 1 12 11 1 7 1 12 11 1 1 12 11 1 7 1 100 1 1 12 10 1 1 12 11 1 1 12 11 1 100 1 12 10 1 100 1 1 12 9 1 1 12 10 1 1 1 1 1 1 1 1 12 11 1 7 1 1 12 10 1 1 12 11 1 12 11 1 100 1 8 1 100 1 1 12 10 10 1 1 1 1 1 1 1 1 1 1 1 1 12 11 1 1 1 1 1 12 10 1 12 10 1 12 10 1 12 10 12 10 1 1 1 1 1 1 1 12 10 1 12 11 12 10 1 12 9 11 1 1 12 11 1 1 1 12 11 1 12 11 1 1 12 11 1 100 1 1 12 9 1 100 1 1 12 10 1 100 1 12 11 1 7 1 1 12 11 1 12 11 12 10 1 12 11 1 12 11 1 12 10 1 12 11 1 12 11 1 12 11 1 1 12 11 11 1 1 1 1 1 1 1 1 8 11 1 1 12 10 1 7 1 12 9 1 100 10 1 8 1 1 12 10 1 12 10 1 8 10 1 100 1 12 10 1 1 1 1 12 11 1 12 11 1 12 11 12 10 1 12 11 12 10 1 1 1 1 1 1 12 11 1 8 1 7 1 1 12 10 1 12 10 1 1 12 11 1 7 1 12 11 1 1 12 11 1 1 12 11 1 100 10 1 7 1 12 9 1 8 1 12 10 1 12 11 1 1 12 10 1 1 1 1 1 1 1 1 1 1 1 1 1 1 1 1 1 1 1 1 1 1 1 1 1 1 1 1 1 1 1 1 1 1 1 1 8 1 12 10 1 12 9 1 1 12 10 1 8 1 12 10 1 8 1 1 1 1 1 1 1 1 1 1 8 1 1 1 12 11 11 1 12 11 1 12 11 1 1 1 1 1 1 1 1 1 1 1 1
ciInstanceKlass org/jetbrains/kotlin/resolve/calls/inference/components/ConstraintInjector$TypeCheckerStateForConstraintInjector 1 1 1551 1 7 1 7 1 100 1 7 1 1 1 3 3 1 3 1 3 1 1 1 1 1 1 1 1 1 1 1 1 1 1 1 1 1 1 1 1 1 1 1 1 1 1 1 1 1 1 1 1 1 1 1 1 1 1 1 1 1 1 1 1 1 1 1 1 1 1 1 1 1 1 1 1 1 1 1 1 1 1 1 1 1 1 1 1 1 1 1 1 1 1 1 1 1 1 1 1 1 1 1 1 1 1 1 1 1 1 1 1 1 1 1 1 1 1 1 1 1 1 1 1 1 1 1 1 1 1 1 1 1 1 1 1 1 1 1 1 1 1 1 1 1 1 1 1 1 1 1 1 1 1 1 1 1 1 1 1 1 1 1 1 1 1 1 1 1 1 1 1 1 1 1 1 1 1 1 1 1 1 1 1 1 1 1 1 1 1 1 1 1 1 1 1 1 1 1 1 1 1 1 1 1 1 1 1 1 1 1 1 1 1 1 1 1 1 1 1 1 1 1 1 1 1 1 1 1 1 1 1 1 1 1 1 1 1 1 1 1 1 1 1 1 1 1 1 1 1 1 1 1 1 1 1 1 1 1 1 1 1 1 1 1 1 1 1 1 1 1 1 1 1 1 1 1 1 1 1 1 1 1 1 1 1 1 1 1 1 1 1 1 1 1 1 1 1 1 1 1 1 1 1 1 1 1 1 1 1 1 1 1 1 1 1 1 1 1 1 1 1 1 1 1 1 100 1 1 7 1 7 1 1 100 1 7 1 1 7 1 100 1 100 1 1 100 1 7 1 1 100 1 1 1 1 1 1 1 1 1 1 1 8 1 7 1 1 12 10 8 8 12 9 1 1 12 10 1 1 12 10 1 12 10 12 9 12 9 1 1 12 10 1 7 1 1 12 9 1 7 1 1 12 11 12 9 1 7 1 1 12 10 1 7 1 1 12 10 12 9 1 12 10 12 9 1 1 1 1 8 8 12 11 1 1 1 12 11 1 1 12 11 1 12 11 1 1 12 11 1 1 1 12 11 1 1 1 12 11 1 12 11 1 1 1 8 8 8 12 11 1 8 12 11 12 11 12 11 1 12 11 1 1 1 8 12 11 1 1 1 8 12 11 1 1 12 11 12 11 1 12 11 12 11 1 12 11 1 12 11 1 1 12 11 1 1 12 11 1 1 12 11 1 1 12 11 1 1 12 11 1 1 12 11 1 1 8 8 12 11 12 11 1 12 11 1 12 11 1 1 12 11 1 12 11 1 12 11 1 1 12 11 1 12 11 1 1 1 12 11 1 12 11 1 1 8 12 11 1 12 11 1 12 11 1 1 1 12 11 1 1 12 11 1 12 11 12 11 1 1 1 12 11 1 1 8 12 11 1 8 12 11 1 1 8 12 11 1 1 7 12 11 1 1 12 11 1 12 11 1 12 11 12 11 1 1 12 11 1 12 11 1 1 12 11 1 12 11 1 1 12 11 1 12 11 1 1 12 11 1 1 12 11 1 1 12 11 1 12 11 1 1 12 11 12 11 1 1 12 11 1 12 11 1 12 11 1 12 11 1 12 11 1 1 12 11 1 12 11 12 11 1 1 12 11 1 12 11 1 1 12 11 1 1 12 11 1 1 12 11 1 1 12 11 1 1 12 11 1 12 11 1 12 11 1 12 11 1 1 12 11 1 1 12 11 1 12 11 1 1 12 11 1 1 12 11 1 1 12 11 1 12 11 1 1 8 12 11 1 1 12 11 1 1 12 11 1 1 1 12 11 1 1 1 12 11 1 12 11 1 12 11 1 12 11 1 12 11 1 12 11 1 12 11 1 12 11 1 12 11 1 1 12 11 1 12 11 1 1 12 11 1 1 12 11 1 1 1 12 11 1 1 12 11 1 1 12 11 1 1 8 8 12 11 12 11 1 12 11 1 12 11 1 12 11 1 12 11 1 12 11 1 12 11 1 12 11 1 12 11 1 1 12 11 1 12 11 1 12 11 1 12 11 1 12 11 1 12 11 1 12 11 1 12 11 1 1 1 8 12 11 1 12 11 1 1 1 12 11 1 12 11 1 1 8 8 12 11 12 11 1 12 11 1 1 12 11 1 1 12 11 1 1 1 12 11 1 12 11 1 12 11 1 12 11 1 12 11 1 12 11 1 1 12 11 12 11 1 12 11 1 1 12 11 1 1 12 11 12 11 1 1 1 8 12 11 1 12 11 1 12 11 1 1 8 8 1 100 12 11 1 1 7 12 11 12 11 12 11 12 11 1 1 100 12 11 1 12 11 1 12 11 1 1 12 11 1 12 11 1 1 8 12 11 1 12 11 1 1 1 12 11 1 1 8 12 11 1 12 11 1 8 8 1 7 12 11 1 1 8 12 11 1 8 12 11 1 8 12 11 1 8 12 11 1 1 12 11 1 1 100 12 11 1 1 12 11 12 11 1 11 12 10 1 1 12 10 1 1 12 10 1 100 1 12 11 1 1 12 9 1 1 1 12 9 1 1 8 8 12 9 1 7 1 1 12 10 1 7 12 9 1 7 1 7 1 8 1 100 1 100 1 1 12 10 1 12 10 1 7 1 1 12 10 1 1 12 11 1 7 1 12 10 1 1 12 10 1 1 1 1 1 8 12 10 12 10 1 12 10 1 7 1 1 12 11 1 12 10 1 100 1 12 10 1 7 1 12 11 1 12 11 1 100 1 1 12 10 1 12 10 1 1 12 10 1 1 1 1 1 1 8 8 1 1 1 12 10 10 1 100 1 8 1 100 10 10 1 7 1 12 10 1 7 1 1 12 11 1 1 1 12 10 1 1 12 11 10 10 1 7 1 12 11 1 8 1 7 1 12 9 1 1 12 10 1 8 1 12 9 1 12 10 1 12 9 1 7 10 10 1 1 12 9 1 7 1 12 10 1 100 1 100 10 1 8 1 1 12 10 1 12 10 1 12 10 12 10 10 10 1 100 10 1 12 11 1 8 1 8 1 12 11 1 7 1 7 1 1 12 10 1 12 10 1 12 10 1 12 9 1 7 1 12 11 1 10 1 1 12 10 1 1 12 10 16 1 1 12 10 15 1 7 1 1 12 10 15 1 12 18 12 10 8 1 1 12 10 1 12 10 1 1 12 10 1 12 10 10 1 7 1 100 10 1 100 1 12 10 12 10 10 1 1 12 10 1 1 12 9 1 100 1 1 12 10 1 12 10 1 100 1 100 1 12 10 1 1 12 10 1 12 10 12 10 1 1 1 1 1 1 1 1 1 12 11 1 8 1 12 11 1 7 1 7 10 1 12 11 1 7 1 12 11 1 1 12 11 1 7 1 7 11 1 12 10 1 1 1 1 1 1 1 1 1 1 1 1 1 1 1 1 8 1 12 10 1 1 10 1 12 10 1 8 1 8 1 8 1 8 1 8 1 7 1 12 9 1 8 12 10 1 1 12 10 1 1 1 1 1 1 1 1 1 1 1 1 1 12 10 1 1 1 1 1 1 1 1 1 1 1 1
ciInstanceKlass org/jetbrains/kotlin/resolve/calls/inference/model/IncorporationConstraintPosition 1 1 118 1 7 1 7 1 1 1 3 3 1 3 1 3 1 1 1 1 1 1 1 1 1 1 1 1 1 1 1 1 1 1 1 1 1 1 1 1 1 1 1 1 1 8 1 7 1 1 12 10 1 12 10 12 9 12 9 1 1 12 10 1 1 7 1 12 10 1 1 100 1 12 10 1 8 1 1 12 10 1 12 10 1 8 12 10 12 10 1 1 1 12 10 1 12 10 1 100 1 12 10 1 1 1 1 1 1 12 10 1 1 1 1 1 1 1 1 1
ciInstanceKlass org/jetbrains/kotlin/resolve/calls/inference/InferenceUtilsKt 1 1 432 1 7 1 100 1 1 1 3 3 1 1 3 1 1 1 1 1 1 1 1 1 1 1 1 1 1 1 1 1 1 1 1 1 1 1 1 1 1 1 1 1 1 1 1 1 1 1 7 1 7 1 1 1 1 1 8 1 7 1 1 12 10 8 8 1 7 1 1 12 11 1 1 12 11 1 7 1 7 1 1 12 10 1 7 1 1 12 10 1 7 1 1 12 10 1 7 1 1 12 10 1 1 12 11 1 7 1 7 1 1 12 11 1 1 12 11 1 12 11 1 12 11 1 7 1 1 12 10 1 7 1 12 10 1 12 10 1 1 12 11 1 1 12 10 1 1 12 11 1 1 1 1 1 1 1 1 1 1 1 1 1 1 1 1 1 12 11 1 12 11 1 1 12 11 1 12 11 1 100 1 7 1 1 12 11 1 1 12 11 1 1 12 11 1 100 1 1 12 10 1 1 1 1 1 1 1 1 1 1 1 1 12 10 1 1 1 12 11 1 1 12 11 1 1 1 1 1 1 1 1 1 1 1 1 8 1 1 12 11 1 7 11 1 7 1 1 12 11 1 12 11 1 7 1 1 12 11 1 100 1 12 11 12 10 1 1 1 1 1 1 8 1 1 12 11 1 100 1 1 12 11 1 1 1 8 8 1 1 12 11 1 100 11 1 100 1 1 12 11 1 1 12 11 1 100 1 1 12 11 1 1 12 10 12 10 1 1 1 1 1 8 1 100 1 1 12 10 1 1 12 10 1 12 11 1 12 10 1 7 1 1 12 11 1 1 12 10 1 1 1 1 1 7 1 12 10 1 12 10 1 7 1 12 10 1 1 12 10 1 1 1 1 1 1 1 1 1 1 1 16 1 1 12 10 15 1 16 1 7 1 1 12 10 15 1 1 12 18 1 12 11 1 1 8 1 1 12 11 1 1 12 11 1 12 11 1 1 1 1 1 1 1 1 1 1 1 1 1 1 1 1
ciInstanceKlass org/jetbrains/kotlin/fir/types/ConeIntegerLiteralConstantTypeImpl 1 1 184 1 7 1 7 1 1 1 3 3 1 3 1 3 1 1 1 1 1 1 1 1 1 1 1 1 1 1 1 1 1 1 1 1 1 1 1 1 1 1 1 7 1 1 1 1 1 1 1 1 1 1 1 1 8 1 7 1 1 12 10 8 1 12 10 12 9 1 16 1 1 12 10 15 16 1 7 1 1 12 10 15 1 1 12 18 1 7 1 1 12 10 12 9 1 1 1 1 1 1 7 1 12 11 1 7 1 1 1 7 1 1 12 9 1 7 1 1 12 10 1 1 12 10 1 1 1 12 9 1 12 9 1 12 9 1 12 9 1 12 9 1 12 9 1 1 1 12 10 12 9 1 7 5 0 5 0 1 12 10 5 0 5 0 5 0 5 0 5 0 5 0 5 0 1 1 1 1 1 1 1 1 1 1
staticfield org/jetbrains/kotlin/fir/types/ConeIntegerLiteralConstantTypeImpl Companion Lorg/jetbrains/kotlin/fir/types/ConeIntegerLiteralConstantTypeImpl$Companion; org/jetbrains/kotlin/fir/types/ConeIntegerLiteralConstantTypeImpl$Companion
staticfield org/jetbrains/kotlin/fir/types/ConeIntegerLiteralConstantTypeImpl INT_RANGE Lkotlin/ranges/LongRange; kotlin/ranges/LongRange
staticfield org/jetbrains/kotlin/fir/types/ConeIntegerLiteralConstantTypeImpl BYTE_RANGE Lkotlin/ranges/LongRange; kotlin/ranges/LongRange
staticfield org/jetbrains/kotlin/fir/types/ConeIntegerLiteralConstantTypeImpl SHORT_RANGE Lkotlin/ranges/LongRange; kotlin/ranges/LongRange
staticfield org/jetbrains/kotlin/fir/types/ConeIntegerLiteralConstantTypeImpl UBYTE_RANGE Lkotlin/ranges/LongRange; kotlin/ranges/LongRange
staticfield org/jetbrains/kotlin/fir/types/ConeIntegerLiteralConstantTypeImpl USHORT_RANGE Lkotlin/ranges/LongRange; kotlin/ranges/LongRange
staticfield org/jetbrains/kotlin/fir/types/ConeIntegerLiteralConstantTypeImpl UINT_RANGE Lkotlin/ranges/LongRange; kotlin/ranges/LongRange
ciInstanceKlass org/jetbrains/kotlin/types/model/TypeVariableMarker 1 0 22 1 100 1 100 1 1 1 3 3 1 3 1 3 1 1 1 1 1 1 1 1
instanceKlass org/jetbrains/kotlin/fir/resolve/inference/ConeTypeVariableForLambdaReturnType
instanceKlass org/jetbrains/kotlin/fir/resolve/inference/ConeTypeParameterBasedTypeVariable
ciInstanceKlass org/jetbrains/kotlin/fir/types/ConeTypeVariable 1 1 83 1 7 1 7 1 100 1 1 1 3 3 1 3 1 3 1 1 1 1 1 1 1 1 1 1 1 1 1 1 1 1 1 1 1 1 1 1 1 8 1 7 1 1 12 10 1 12 10 1 7 12 10 12 9 1 7 1 7 1 1 12 9 1 12 10 12 9 1 1 1 10 1 12 10 1 1 1 1 1 1 1 1
ciInstanceKlass org/jetbrains/kotlin/fir/resolve/inference/ConeTypeParameterBasedTypeVariable 1 1 76 1 7 1 7 1 1 1 3 3 1 3 1 3 1 1 1 1 1 1 1 1 1 1 1 1 1 8 1 7 1 1 12 10 1 7 1 1 12 10 1 7 1 1 12 10 1 7 1 1 12 10 1 8 1 12 10 1 1 12 10 1 7 1 12 10 12 9 1 1 1 1 1 1 1 1
ciInstanceKlass org/jetbrains/kotlin/resolve/calls/inference/model/MutableVariableWithConstraints 1 1 535 1 7 1 7 1 7 1 1 1 3 3 1 3 1 3 1 1 1 1 1 1 1 1 1 1 1 1 1 1 1 1 1 1 1 1 1 1 1 1 1 1 1 1 1 1 1 1 1 1 1 1 1 1 1 1 1 1 1 1 1 1 1 1 1 1 1 1 1 1 1 1 1 1 1 1 1 1 1 1 1 1 1 1 1 1 1 7 1 1 1 1 1 1 1 1 1 12 10 12 9 12 9 1 7 10 1 7 1 7 1 12 10 12 9 12 9 1 1 8 1 7 1 1 12 10 8 12 10 8 12 11 12 11 1 1 12 10 1 1 12 10 1 1 8 1 7 1 1 12 11 1 7 1 7 1 1 12 11 1 1 12 11 1 7 1 1 12 10 1 7 1 1 12 10 1 7 1 1 12 10 1 1 12 10 1 1 12 11 1 1 12 10 1 7 1 1 12 10 1 100 1 1 12 11 1 1 1 1 1 1 1 1 1 1 1 1 1 1 1 1 1 1 12 9 12 9 1 1 8 1 12 10 1 7 1 1 12 11 1 7 1 12 10 1 1 7 1 12 10 10 11 1 7 1 1 12 10 1 7 11 1 7 1 1 12 11 1 1 12 10 1 1 1 1 1 1 1 1 1 1 1 7 10 1 12 10 1 7 1 1 12 10 1 7 10 11 1 1 1 1 1 1 1 1 1 1 1 12 10 1 1 8 1 12 10 12 10 1 1 12 10 1 12 10 1 12 10 1 7 1 12 10 1 1 12 9 1 7 1 12 10 1 12 10 1 12 10 1 100 10 1 12 9 1 7 1 7 1 1 12 10 1 12 10 10 12 10 12 10 1 12 10 1 1 1 1 1 1 1 1 1 7 1 1 12 10 1 1 8 1 1 12 10 1 1 7 1 12 10 12 10 1 10 1 8 1 12 10 1 12 11 1 1 1 1 1 1 1 12 9 1 7 1 1 12 11 1 1 12 11 1 12 11 1 1 1 1 12 9 1 100 1 100 1 8 1 100 1 12 10 1 12 10 1 12 11 1 1 12 11 1 1 1 1 1 1 1 1 11 1 12 10 1 1 1 1 1 1 1 1 1 1 1 1 1 1 1 1 1 1 1 1 1 12 10 1 12 10 1 1 12 10 1 1 1 1 1 1 1 1 100 10 1 8 1 1 12 10 10 1 12 10 10 1 1 1 1 1 1 1 1 1 1 1
ciInstanceKlass org/jetbrains/kotlin/resolve/calls/inference/model/Constraint 1 1 136 1 7 1 7 1 1 1 3 3 1 3 1 3 1 1 1 1 1 1 1 1 1 1 1 1 1 1 1 1 1 1 1 1 1 1 1 1 1 1 1 1 1 1 1 1 1 1 1 1 1 1 1 1 1 1 1 1 8 1 7 1 1 12 10 8 8 8 1 12 10 12 9 12 9 12 9 12 9 12 9 12 9 12 9 1 1 12 10 12 10 1 1 1 1 12 10 1 100 1 1 12 10 1 8 1 12 10 1 1 1 100 10 1 1 12 10 1 12 10 1 8 1 12 10 12 10 1 1 1 1 1 1 1 1 1
instanceKlass org/jetbrains/kotlin/fir/resolve/inference/model/ConeDeclaredUpperBoundConstraintPosition
ciInstanceKlass org/jetbrains/kotlin/resolve/calls/inference/model/DeclaredUpperBoundConstraintPosition 1 1 64 1 7 1 1 7 1 1 1 3 3 1 3 1 3 1 1 1 1 1 1 1 1 1 1 1 1 1 1 1 1 1 1 12 10 12 9 1 1 1 1 1 100 1 12 10 1 8 1 1 12 10 1 12 10 12 10 1 1 1 1 1 1 1
ciInstanceKlass org/jetbrains/kotlin/resolve/calls/inference/components/VariableFixationFinderKt 1 1 268 1 7 1 100 1 1 1 3 3 1 1 3 1 1 1 1 1 1 1 1 1 1 1 1 1 1 1 1 1 1 1 1 1 1 1 1 8 1 7 1 1 12 10 8 8 8 1 7 1 1 12 11 1 100 1 1 12 11 1 100 1 100 1 1 12 11 1 100 1 1 12 10 1 12 10 1 7 1 7 1 12 11 1 1 12 11 1 100 1 12 11 1 1 12 11 1 1 1 1 1 1 1 1 1 1 1 8 1 1 12 11 1 1 12 11 1 1 12 10 1 7 1 1 12 10 1 1 12 11 1 1 12 11 1 12 11 1 1 12 10 1 1 12 11 1 1 12 11 1 100 1 7 1 1 12 11 1 1 12 11 1 100 1 1 12 11 1 12 11 1 1 12 11 1 7 1 1 12 10 1 7 1 1 12 10 10 1 1 12 11 1 1 1 1 1 1 1 1 1 1 1 1 1 1 1 1 1 1 1 1 8 16 1 1 12 10 15 1 16 1 7 1 1 12 10 15 1 12 18 1 12 11 1 100 1 12 10 15 18 1 1 1 1 1 1 8 1 1 12 11 1 1 12 10 1 1 1 1 1 1 1 1 1 1 1 1 1
ciInstanceKlass org/jetbrains/kotlin/fir/resolve/inference/model/ConeDeclaredUpperBoundConstraintPosition 1 1 38 1 100 1 7 1 1 1 3 3 1 3 1 3 1 1 1 1 1 1 1 1 1 1 1 12 10 1 1 1 1 8 1 1 1 1 1 1
instanceKlass org/jetbrains/kotlin/fir/resolve/inference/model/ConeFixVariableConstraintPosition
ciInstanceKlass org/jetbrains/kotlin/resolve/calls/inference/model/FixVariableConstraintPosition 1 1 78 1 7 1 1 7 1 1 1 3 3 1 3 1 3 1 1 1 1 1 1 1 1 1 1 1 1 1 1 1 1 1 1 1 1 1 1 8 1 7 1 1 12 10 1 12 10 12 9 12 9 1 1 1 1 100 1 12 10 1 8 1 1 12 10 1 12 10 12 10 1 1 1 1 1 1 1 1
ciInstanceKlass org/jetbrains/kotlin/resolve/calls/inference/model/MutableVariableWithConstraints$WhenMappings 1 1 51 1 7 1 100 1 1 1 3 3 1 3 1 3 1 100 1 1 1 1 1 1 100 1 7 1 1 12 10 1 1 12 9 1 1 12 10 100 1 12 9 1 12 9 12 9 1 1 1 1 1
staticfield org/jetbrains/kotlin/resolve/calls/inference/model/MutableVariableWithConstraints$WhenMappings $EnumSwitchMapping$0 [I 3
ciInstanceKlass org/jetbrains/kotlin/fir/types/ConeStubTypeForTypeVariableInSubtyping 1 1 56 1 7 1 7 1 1 1 3 3 1 3 1 3 1 1 1 1 1 1 1 1 1 1 1 1 1 1 1 1 8 1 7 1 1 12 10 8 1 12 10 1 8 1 7 1 12 10 12 10 1 1 1 1 1 1
ciInstanceKlass org/jetbrains/kotlin/fir/resolve/inference/model/ConeFixVariableConstraintPosition 1 1 83 1 100 1 7 1 1 1 3 3 1 3 1 3 1 1 1 1 1 1 1 1 1 1 1 1 1 8 1 7 1 1 12 10 1 12 10 1 1 1 100 1 12 10 1 8 1 1 12 10 1 1 12 10 1 8 1 12 10 1 100 1 1 12 10 1 100 1 1 12 10 1 12 10 12 10 1 1 1 1 1 1 1
instanceKlass org/jetbrains/kotlin/resolve/calls/inference/model/NewConstraintError
ciInstanceKlass org/jetbrains/kotlin/resolve/calls/inference/model/ConstraintSystemError 1 1 56 1 7 1 7 1 1 1 3 3 1 3 1 3 1 1 1 1 1 1 1 1 1 1 1 1 1 1 1 1 1 1 1 1 1 1 1 1 1 1 12 10 12 9 1 1 12 10 1 1 1 1 1 1 1 1
ciInstanceKlass org/jetbrains/kotlin/resolve/calls/inference/model/NewConstraintError 1 1 105 1 7 1 7 1 100 1 1 1 3 3 1 3 1 3 1 1 1 1 1 1 1 1 1 1 1 1 1 1 1 1 1 1 1 1 1 1 8 1 7 1 1 12 10 8 8 1 7 1 1 12 10 1 7 1 7 1 1 12 9 1 12 9 1 100 1 12 10 12 9 12 9 12 9 1 1 1 100 1 12 10 12 10 1 1 12 10 1 8 1 12 10 12 10 12 10 1 1 1 1 1 1 1 1
ciInstanceKlass org/jetbrains/kotlin/utils/SmartList$1 0 0 11 1 100 1 100 1 1 100 1 1 1
ciInstanceKlass org/jetbrains/kotlin/fir/types/ConeIntegerConstantOperatorTypeImpl 1 1 156 1 7 1 7 1 1 1 3 3 1 3 1 3 1 1 1 1 1 1 1 1 1 1 1 1 1 1 1 1 1 1 1 1 1 1 1 1 1 1 1 8 1 7 1 1 12 10 12 10 1 7 1 7 1 1 12 9 1 7 1 12 9 1 1 12 10 1 1 12 10 1 12 10 1 7 1 1 12 10 1 7 1 12 10 1 12 10 1 100 1 12 10 12 9 1 16 1 1 12 10 15 16 1 7 1 1 12 10 15 1 1 12 18 1 7 1 1 12 10 12 9 1 1 1 1 1 7 1 12 11 1 7 1 1 1 7 1 1 12 10 1 1 12 10 1 1 1 1 1 1 1 1 1 1 1
ciInstanceKlass org/jetbrains/kotlin/fir/resolve/inference/ConeTypeVariableForLambdaReturnType 1 1 51 1 7 1 7 1 1 1 3 3 1 3 1 3 1 1 1 1 1 1 1 1 1 1 1 1 1 1 1 8 1 7 1 1 12 10 8 1 12 10 12 9 1 1 1 1 1 1 1 1 1
ciMethodData java/lang/Object <init> ()V 2 4653529 orig 80 0 0 0 0 0 0 0 0 0 0 0 0 0 0 0 0 0 0 0 0 0 0 0 0 0 0 0 0 0 0 0 0 0 0 0 0 0 0 0 0 0 0 0 0 0 0 0 0 0 0 0 0 0 0 0 0 0 0 0 0 0 0 0 0 0 0 0 0 0 0 0 0 0 0 0 0 0 0 0 0 data 4 0x0 0x9 0x1 0x0 oops 0 methods 0
ciMethodData java/util/AbstractCollection <init> ()V 2 1021643 orig 80 0 0 0 0 0 0 0 0 0 0 0 0 147 2 0 0 0 0 0 0 0 0 0 0 0 0 0 0 0 0 0 0 0 0 0 0 0 0 0 0 0 0 0 0 0 0 0 0 0 0 0 0 0 0 0 0 0 0 0 0 0 0 0 0 0 0 0 0 0 0 0 0 0 0 0 0 0 0 0 0 data 7 0x10002 0xf95cb 0x0 0x0 0x9 0x1 0x0 oops 0 methods 0
ciMethodData java/util/HashMap putVal (ILjava/lang/Object;Ljava/lang/Object;ZZ)Ljava/lang/Object; 2 20837 orig 80 2 0 0 0 0 0 0 0 0 0 0 0 147 2 0 0 0 0 0 0 6 0 0 0 0 0 0 0 0 0 0 0 0 0 0 0 0 0 0 3 0 0 0 0 0 0 0 0 0 0 0 0 0 0 0 0 0 0 0 0 0 0 0 0 0 0 0 0 0 0 0 0 0 0 0 0 0 0 0 0 data 198 0x70007 0x1432 0x40 0x3c21 0x100007 0x3c21 0x58 0x0 0x140005 0x1432 0x0 0x0 0x0 0x0 0x0 0x2c0007 0x1754 0xa8 0x38ff 0x380005 0x38 0x0 0x293d09946d0 0x97e 0x293d0994620 0x2f49 0x3b0004 0x0 0x0 0x293d0995690 0x9b6 0x293ca8f0e70 0x2f49 0x3c0003 0x38ff 0x410 0x450007 0x1258 0xd0 0x4fc 0x510007 0x1b 0x98 0x4e1 0x550007 0x0 0x90 0x4e1 0x80000004005b0005 0xec 0x0 0x293ff59efe0 0x3ea 0x293ca8f0f20 0xf 0x80000006005e0007 0x2 0x38 0x4e4 0x650003 0x4ff 0x2a8 0x6a0004 0xffffffffffffeda6 0x0 0x293d0995690 0x53 0x293ca8f0e70 0x35 0x6d0007 0x125a 0xa8 0x0 0x720004 0x0 0x0 0x0 0x0 0x0 0x0 0x7b0005 0x0 0x0 0x0 0x0 0x0 0x0 0x800003 0x0 0x1c8 0x8e0007 0x57a 0xc8 0x10ea 0x980005 0x2b 0x0 0x293d09946d0 0x27c 0x293d0994620 0xe43 0xa20007 0x10ea 0x158 0x0 0xa90005 0x0 0x0 0x0 0x0 0x0 0x0 0xac0003 0x0 0x100 0xb50007 0x40a 0xd0 0x170 0x8000000600c10007 0x2 0xc8 0x16f 0xc50007 0x0 0x90 0x16f 0x8000000400cb0005 0x4d 0x0 0x293ff59efe0 0x113 0x293ca8f0f20 0x11 0xce0007 0x0 0x38 0x171 0xd10003 0x171 0x30 0xdb0003 0x40a 0xfffffffffffffe68 0xe00007 0x10ea 0x98 0x672 0x8000000600ec0007 0x672 0x40 0x1 0xf10007 0x1 0x20 0x0 0xfd0005 0x0 0x0 0x293d09946d0 0x46 0x293d0994620 0x62d 0x11c0007 0x48c2 0x58 0x127 0x1200005 0x127 0x0 0x0 0x0 0x0 0x0 0x1270005 0x63 0x0 0x293d09946d0 0xbfa 0x293d0994620 0x3d8c 0x0 0x0 0x0 0x0 0x0 0x0 0x0 0x0 0x0 0x9 0x6 0x0 0x0 0x0 0x0 0x0 0x0 oops 16 22 java/util/HashMap 24 java/util/LinkedHashMap 29 java/util/HashMap$Node 31 java/util/LinkedHashMap$Entry 51 java/lang/String 53 org/jetbrains/kotlin/name/FqName 65 java/util/HashMap$Node 67 java/util/LinkedHashMap$Entry 97 java/util/HashMap 99 java/util/LinkedHashMap 130 java/lang/String 132 org/jetbrains/kotlin/name/FqName 159 java/util/HashMap 161 java/util/LinkedHashMap 177 java/util/HashMap 179 java/util/LinkedHashMap methods 0
ciMethodData java/util/HashMap hash (Ljava/lang/Object;)I 2 54712 orig 80 1 0 0 0 2 0 0 0 0 0 0 0 0 0 0 0 0 0 0 0 0 0 0 0 0 0 0 0 0 0 0 0 0 0 0 0 0 0 0 4 0 0 0 0 0 0 0 0 0 0 0 0 0 0 0 0 0 0 0 0 0 0 0 0 0 0 0 0 0 0 0 0 0 0 0 0 0 0 0 0 data 23 0x8000000600010007 0xd392 0x38 0x2b 0x50003 0x2b 0x50 0x90005 0x9f01 0x0 0x293ff5a0610 0x17c 0x293ff59efe0 0x3315 0x0 0x0 0x0 0x0 0x0 0x0 0x9 0x1 0xffffffffffffffff oops 2 10 java/lang/Module 12 java/lang/String methods 0
ciMethodData java/util/HashMap resize ()[Ljava/util/HashMap$Node; 2 26586 orig 80 0 0 0 0 0 0 0 0 0 0 0 0 147 2 0 0 0 0 0 0 0 0 0 0 0 0 0 0 0 0 0 0 0 0 0 0 0 0 0 0 0 0 0 0 0 0 0 0 0 0 0 0 0 0 0 0 0 0 0 0 0 0 0 0 0 0 0 0 0 0 0 0 0 0 0 0 0 0 0 0 data 171 0x60007 0x17f 0x38 0xace 0xa0003 0xace 0x18 0x190007 0xace 0x98 0x17f 0x1f0007 0x17f 0x20 0x0 0x320007 0x0 0x90 0x17f 0x380007 0x8c 0x70 0xf3 0x400003 0xf3 0x50 0x440007 0x547 0x38 0x587 0x4a0003 0x587 0x18 0x570007 0x63a 0x78 0x613 0x680007 0x0 0x58 0x613 0x700007 0x0 0x38 0x613 0x760003 0x613 0x18 0x910007 0xace 0x378 0x17f 0x9a0007 0x17f 0x358 0x542b 0xa40007 0x26e3 0x320 0x2d48 0xab0104 0x0 0x0 0x0 0x0 0x0 0x0 0xb10007 0xf52 0x70 0x1df6 0xc20004 0x0 0x0 0x293d0995690 0x5dd 0x293ca8f0e70 0x1819 0xc30003 0x1df6 0x270 0xc80004 0xfffffffffffff0ae 0x0 0x293d0995690 0x56 0x0 0x0 0xcb0007 0xf52 0xa8 0x0 0xd00004 0x0 0x0 0x0 0x0 0x0 0x0 0xd90005 0x0 0x0 0x0 0x0 0x0 0x0 0xdc0003 0x0 0x190 0xf90007 0x108a 0x70 0x11e0 0xfe0007 0x599 0x38 0xc47 0x1050003 0xc47 0x18 0x1130003 0x11e0 0x50 0x1180007 0x50b 0x38 0xb7f 0x11f0003 0xb7f 0x18 0x1320007 0x1318 0xffffffffffffff58 0xf52 0x1370007 0x30b 0x58 0xc47 0x1460004 0x0 0x0 0x293d0995690 0x25f 0x293ca8f0e70 0x9e8 0x1490007 0x3d3 0x58 0xb7f 0x15a0004 0x0 0x0 0x293d0995690 0x248 0x293ca8f0e70 0x937 0x15e0003 0x542b 0xfffffffffffffcc0 0x0 0x0 0x0 0x0 0x0 0x0 0x0 0x0 0x0 0x9 0x1 0x0 oops 7 74 java/util/HashMap$Node 76 java/util/LinkedHashMap$Entry 84 java/util/HashMap$Node 141 java/util/HashMap$Node 143 java/util/LinkedHashMap$Entry 152 java/util/HashMap$Node 154 java/util/LinkedHashMap$Entry methods 0
ciMethodData java/util/HashMap newNode (ILjava/lang/Object;Ljava/lang/Object;Ljava/util/HashMap$Node;)Ljava/util/HashMap$Node; 2 5395 orig 80 0 0 0 0 0 0 0 0 0 0 0 0 147 2 0 0 0 0 0 0 0 0 0 0 0 0 0 0 0 0 0 0 0 0 0 0 0 0 0 0 0 0 0 0 0 0 0 0 0 0 0 0 0 0 0 0 0 0 0 0 0 0 0 0 0 0 0 0 0 0 0 0 0 0 0 0 0 0 0 0 data 11 0x90002 0x1400 0x0 0x0 0x9 0x5 0x0 0x0 0x0 0x0 0x0 oops 0 methods 0
ciMethodData java/util/HashMap afterNodeAccess (Ljava/util/HashMap$Node;)V 1 199 orig 80 0 0 0 0 0 0 0 0 0 0 0 0 147 2 0 0 0 0 0 0 0 0 0 0 0 0 0 0 0 0 0 0 0 0 0 0 0 0 0 0 0 0 0 0 0 0 0 0 0 0 0 0 0 0 0 0 0 0 0 0 0 0 0 0 0 0 0 0 0 0 0 0 0 0 0 0 0 0 0 0 data 5 0x0 0x9 0x2 0x0 0x0 oops 0 methods 0
ciMethodData java/util/HashMap afterNodeInsertion (Z)V 2 1326 orig 80 0 0 0 0 0 0 0 0 0 0 0 0 147 2 0 0 0 0 0 0 0 0 0 0 0 0 0 0 0 0 0 0 0 0 0 0 0 0 0 0 0 0 0 0 0 0 0 0 0 0 0 0 0 0 0 0 0 0 0 0 0 0 0 0 0 0 0 0 0 0 0 0 0 0 0 0 0 0 0 0 data 5 0x0 0x9 0x2 0x0 0x0 oops 0 methods 0
ciMethodData java/util/HashMap$Node <init> (ILjava/lang/Object;Ljava/lang/Object;Ljava/util/HashMap$Node;)V 2 13852 orig 80 0 0 0 0 0 0 0 0 0 0 0 0 0 0 0 0 0 0 0 0 0 0 0 0 0 0 0 0 0 0 0 0 0 0 0 0 0 0 0 0 0 0 0 0 0 0 0 0 0 0 0 0 0 0 0 0 0 0 0 0 0 0 0 0 0 0 0 0 0 0 0 0 0 0 0 0 0 0 0 0 data 13 0x10002 0x341d 0x0 0x0 0x0 0x0 0x9 0x5 0xe 0x0 0x0 0x0 0x0 oops 0 methods 0
ciMethodData java/util/HashMap put (Ljava/lang/Object;Ljava/lang/Object;)Ljava/lang/Object; 2 23042 orig 80 4 0 0 0 0 0 0 0 0 0 0 0 0 0 0 0 0 0 0 0 0 0 0 0 0 0 0 0 0 0 0 0 0 0 0 0 0 0 0 0 0 0 0 0 0 0 0 0 0 0 0 0 0 0 0 0 0 0 0 0 0 0 0 0 0 0 0 0 0 0 0 0 0 0 0 0 0 0 0 0 data 20 0x20002 0x5803 0x90005 0x5804 0x0 0x0 0x0 0x0 0x0 0x0 0x0 0x0 0x0 0x0 0x0 0x9 0x3 0xffffffffffffffff 0xffffffffffffffff 0xffffffffffffffff oops 0 methods 0
ciMethodData java/util/HashMap get (Ljava/lang/Object;)Ljava/lang/Object; 2 50668 orig 80 1 0 0 0 0 0 0 0 0 0 0 0 0 0 0 0 0 0 0 0 0 0 0 0 0 0 0 0 0 0 0 0 0 0 0 0 0 0 0 0 0 0 0 0 0 0 0 0 0 0 0 0 0 0 0 0 0 0 0 0 0 0 0 0 0 0 0 0 0 0 0 0 0 0 0 0 0 0 0 0 data 24 0x20005 0xc3ed 0x0 0x0 0x0 0x0 0x0 0x70007 0x83ae 0x38 0x4040 0xb0003 0x4040 0x18 0x0 0x0 0x0 0x0 0x0 0x0 0x9 0x2 0x0 0xffffffffffffffff oops 0 methods 0
ciMethodData java/util/HashMap getNode (Ljava/lang/Object;)Ljava/util/HashMap$Node; 2 19995 orig 80 2 0 0 0 1 0 0 0 0 0 0 0 0 0 0 0 0 0 0 0 6 0 0 2 0 0 0 0 0 0 0 0 0 0 0 0 0 0 0 1 0 0 0 0 0 0 0 0 0 0 0 0 0 0 0 0 0 0 0 0 0 0 0 0 0 0 0 0 0 0 0 0 0 0 0 0 0 0 0 0 data 103 0x60007 0x729 0x2e8 0x3d9e 0xe0007 0x0 0x2c8 0x3d9e 0x170002 0x3d9e 0x210007 0x1477 0x298 0x2929 0x2a0007 0xa8a 0xb8 0x1e9f 0x350007 0xcdf 0x98 0x11c0 0x390007 0x0 0x78 0x11c0 0x4003f0005 0xb54 0x0 0x293ff59efe0 0x66c 0x293ca8f0dc0 0x2 0x8000000600420007 0xec 0x20 0x10d7 0x4e0007 0x571 0x1c0 0x605 0x520004 0xfffffffffffff9fb 0x0 0x293d0995690 0x3e 0x293ca8f0e70 0x8 0x550007 0x605 0x90 0x0 0x590004 0x0 0x0 0x0 0x0 0x0 0x0 0x5f0005 0x0 0x0 0x0 0x0 0x0 0x0 0x6a0007 0x242 0xb8 0x49e 0x760007 0x1ee 0x98 0x2b0 0x7a0007 0x0 0x78 0x2b0 0xffffffff00800005 0x118 0x0 0x293ff59efe0 0x159 0x293ca8f0f20 0x45 0x830007 0x0 0x20 0x2b6 0x910007 0xdb 0xffffffffffffff48 0x167 0x0 0x0 0x0 0x0 0x0 0x0 0x9 0x2 0x0 0xffffffffffffffff oops 6 29 java/lang/String 31 java/util/zip/ZipFile$Source$Key 44 java/util/HashMap$Node 46 java/util/LinkedHashMap$Entry 81 java/lang/String 83 org/jetbrains/kotlin/name/FqName methods 0
ciMethodData java/util/HashSet add (Ljava/lang/Object;)Z 2 14939 orig 80 0 0 0 0 0 0 0 0 0 0 0 0 147 2 0 0 0 0 0 0 0 0 0 0 0 0 0 0 0 0 0 0 0 0 0 0 0 0 0 0 0 0 0 0 0 0 0 0 0 0 0 0 0 0 0 0 0 0 0 0 0 0 0 0 0 0 0 0 0 0 0 0 0 0 0 0 0 0 0 0 data 24 0x80005 0x0 0x0 0x293d09946d0 0x116f 0x293d0994620 0x276c 0xb0007 0x929 0x38 0x2fb2 0xf0003 0x2fb2 0x18 0x0 0x0 0x0 0x0 0x0 0x0 0x9 0x2 0x0 0xffffffffffffffff oops 2 3 java/util/HashMap 5 java/util/LinkedHashMap methods 0
ciMethodData java/util/AbstractMap <init> ()V 2 224080 orig 80 0 0 0 0 0 0 0 0 0 0 0 0 147 2 0 0 0 0 0 0 0 0 0 0 0 0 0 0 0 0 0 0 0 0 0 0 0 0 0 0 0 0 0 0 0 0 0 0 0 0 0 0 0 0 0 0 0 0 0 0 0 0 0 0 0 0 0 0 0 0 0 0 0 0 0 0 0 0 0 0 data 7 0x10002 0x36a21 0x0 0x0 0x9 0x1 0x0 oops 0 methods 0
ciMethodData java/util/LinkedHashMap get (Ljava/lang/Object;)Ljava/lang/Object; 2 79514 orig 80 2 0 0 0 0 0 0 0 0 0 0 0 147 2 0 0 0 0 0 0 0 0 0 0 0 0 0 0 0 0 0 0 0 0 0 0 0 0 0 0 0 0 0 0 0 0 0 0 0 0 0 0 0 0 0 0 0 0 0 0 0 0 0 0 0 0 0 0 0 0 0 0 0 0 0 0 0 0 0 0 data 32 0x20005 0x12e9a 0x0 0x0 0x0 0x0 0x0 0x70007 0x490c 0x20 0xe593 0x100007 0x490c 0x58 0x0 0x150005 0x0 0x0 0x0 0x0 0x0 0x0 0x0 0x0 0x0 0x0 0x0 0x0 0x9 0x2 0x0 0x0 oops 0 methods 0
ciMethodData java/util/LinkedHashMap afterNodeAccess (Ljava/util/HashMap$Node;)V 2 2362 orig 80 0 0 0 0 0 0 0 0 0 0 0 0 147 2 0 0 0 0 0 0 0 0 0 0 0 0 0 0 0 0 0 0 0 0 0 0 0 0 0 0 0 0 0 0 0 0 0 0 0 0 0 0 0 0 0 0 0 0 0 0 0 0 0 0 0 0 0 0 0 0 0 0 0 0 0 0 0 0 0 0 data 46 0x40007 0x93a 0x120 0x0 0xe0007 0x0 0x100 0x0 0x120004 0x0 0x0 0x0 0x0 0x0 0x0 0x290007 0x0 0x38 0x0 0x320003 0x0 0x18 0x3e0007 0x0 0x38 0x0 0x480003 0x0 0x18 0x4f0007 0x0 0x38 0x0 0x570003 0x0 0x18 0x0 0x0 0x0 0x0 0x0 0x0 0x9 0x2 0xc8 0x18 oops 0 methods 0
ciMethodData java/util/AbstractSet <init> ()V 2 91662 orig 80 0 0 0 0 0 0 0 0 0 0 0 0 147 2 0 0 0 0 0 0 0 0 0 0 0 0 0 0 0 0 0 0 0 0 0 0 0 0 0 0 0 0 0 0 0 0 0 0 0 0 0 0 0 0 0 0 0 0 0 0 0 0 0 0 0 0 0 0 0 0 0 0 0 0 0 0 0 0 0 0 data 7 0x10002 0x1651a 0x0 0x0 0x9 0x1 0x0 oops 0 methods 0
ciMethodData java/util/LinkedHashMap newNode (ILjava/lang/Object;Ljava/lang/Object;Ljava/util/HashMap$Node;)Ljava/util/HashMap$Node; 2 8457 orig 80 0 0 0 0 0 0 0 0 0 0 0 0 147 2 0 0 0 0 0 0 0 0 0 0 0 0 0 0 0 0 0 0 0 0 0 0 0 0 0 0 0 0 0 0 0 0 0 0 0 0 0 0 0 0 0 0 0 0 0 0 0 0 0 0 0 0 0 0 0 0 0 0 0 0 0 0 0 0 0 0 data 22 0x90002 0x2009 0x110005 0x2009 0x0 0x0 0x0 0x0 0x0 0x0 0x0 0x0 0x0 0x0 0x0 0x9 0x5 0xc0 0x0 0x0 0x0 0x0 oops 0 methods 0
ciMethodData java/util/LinkedHashMap$Entry <init> (ILjava/lang/Object;Ljava/lang/Object;Ljava/util/HashMap$Node;)V 2 8457 orig 80 0 0 0 0 0 0 0 0 0 0 0 0 147 2 0 0 0 0 0 0 0 0 0 0 0 0 0 0 0 0 0 0 0 0 0 0 0 0 0 0 0 0 0 0 0 0 0 0 0 0 0 0 0 0 0 0 0 0 0 0 0 0 0 0 0 0 0 0 0 0 0 0 0 0 0 0 0 0 0 0 data 11 0x60002 0x2009 0x0 0x0 0x9 0x5 0xe 0x0 0x0 0x0 0x0 oops 0 methods 0
ciMethodData java/util/LinkedHashMap linkNodeLast (Ljava/util/LinkedHashMap$Entry;)V 2 8457 orig 80 0 0 0 0 0 0 0 0 0 0 0 0 147 2 0 0 0 0 0 0 0 0 0 0 0 0 0 0 0 0 0 0 0 0 0 0 0 0 0 0 0 0 0 0 0 0 0 0 0 0 0 0 0 0 0 0 0 0 0 0 0 0 0 0 0 0 0 0 0 0 0 0 0 0 0 0 0 0 0 0 data 17 0xb0007 0x19a5 0x38 0x664 0x130003 0x664 0x18 0x0 0x0 0x0 0x0 0x0 0x0 0x9 0x2 0xc0 0x18 oops 0 methods 0
ciMethodData java/util/LinkedHashMap afterNodeInsertion (Z)V 2 7477 orig 80 0 0 0 0 0 0 0 0 0 0 0 0 147 2 0 0 0 0 0 0 0 0 0 0 0 0 0 0 0 0 0 0 0 0 0 0 0 0 0 0 0 0 0 0 0 0 0 0 0 0 0 0 0 0 0 0 0 0 0 0 0 0 0 0 0 0 0 0 0 0 0 0 0 0 0 0 0 0 0 0 data 38 0x10007 0x991 0xe0 0x1224 0xa0007 0x0 0xc0 0x1224 0xf0005 0x0 0x0 0x293d0994620 0x1224 0x0 0x0 0x120007 0x1224 0x68 0x0 0x1c0002 0x0 0x230005 0x0 0x0 0x0 0x0 0x0 0x0 0x0 0x0 0x0 0x0 0x0 0x0 0x9 0x2 0x0 0x0 oops 1 11 java/util/LinkedHashMap methods 0
ciMethodData java/util/LinkedHashMap removeEldestEntry (Ljava/util/Map$Entry;)Z 2 4772 orig 80 0 0 0 0 0 0 0 0 0 0 0 0 147 2 0 0 0 0 0 0 0 0 0 0 0 0 0 0 0 0 0 0 0 0 0 0 0 0 0 0 0 0 0 0 0 0 0 0 0 0 0 0 0 0 0 0 0 0 0 0 0 0 0 0 0 0 0 0 0 0 0 0 0 0 0 0 0 0 0 0 data 5 0x0 0x9 0x2 0x0 0x0 oops 0 methods 0
ciMethodData java/lang/Object equals (Ljava/lang/Object;)Z 2 1067976 orig 80 0 0 0 0 0 0 0 0 0 0 0 0 147 2 0 0 0 0 0 0 0 0 0 0 0 0 0 0 0 0 0 0 0 0 0 0 0 0 0 0 0 0 0 0 0 0 0 0 0 0 0 0 0 0 0 0 0 0 0 0 0 0 0 0 0 0 0 0 0 0 0 0 0 0 0 0 0 0 0 0 data 17 0x20007 0xd9432 0x38 0x2b696 0x60003 0x2b696 0x18 0x0 0x0 0x0 0x0 0x0 0x0 0x9 0x2 0x0 0x0 oops 0 methods 0
ciMethodData java/util/ArrayList$Itr hasNext ()Z 2 99303 orig 80 0 0 0 0 0 0 0 0 0 0 0 0 147 2 0 0 0 0 0 0 0 0 0 0 0 0 0 0 0 0 0 0 0 0 0 0 0 0 0 0 0 0 0 0 0 0 0 0 0 0 0 0 0 0 0 0 0 0 0 0 0 0 0 0 0 0 0 0 0 0 0 0 0 0 0 0 0 0 0 0 data 14 0xb0007 0x7fde 0x38 0x10309 0xf0003 0x10309 0x18 0x0 0x0 0x0 0x0 0x9 0x1 0x0 oops 0 methods 0
ciMethodData java/util/HashMap <init> (IF)V 2 5190 orig 80 0 0 0 0 0 0 0 0 0 0 0 0 147 2 0 0 0 0 0 0 0 0 0 0 0 0 0 0 0 0 0 0 0 0 0 0 0 0 0 0 0 0 0 0 0 0 0 0 0 0 0 0 0 0 0 0 0 0 0 0 0 0 0 0 0 0 0 0 0 0 0 0 0 0 0 0 0 0 0 0 data 83 0x10002 0x1418 0x50007 0x1418 0xe8 0x0 0x100002 0x0 0x150005 0x0 0x0 0x0 0x0 0x0 0x0 0x190005 0x0 0x0 0x0 0x0 0x0 0x0 0x1c0005 0x0 0x0 0x0 0x0 0x0 0x0 0x1f0002 0x0 0x260007 0x1418 0x20 0x0 0x2f0007 0x0 0x50 0x1418 0x330002 0x1418 0x360007 0x1418 0xe8 0x0 0x410002 0x0 0x460005 0x0 0x0 0x0 0x0 0x0 0x0 0x4a0005 0x0 0x0 0x0 0x0 0x0 0x0 0x4d0005 0x0 0x0 0x0 0x0 0x0 0x0 0x500002 0x0 0x5b0002 0x1418 0x0 0x0 0x0 0x0 0x0 0x0 0x9 0x3 0x18 0x0 0x0 oops 0 methods 0
ciMethodData java/util/ArrayList$Itr next ()Ljava/lang/Object; 2 21434 orig 80 0 0 0 0 0 0 0 0 0 0 0 0 147 2 0 0 0 0 0 0 0 0 0 0 0 0 0 0 0 0 0 0 0 0 0 0 0 0 0 0 0 0 0 0 0 0 0 0 0 0 0 0 0 0 0 0 0 0 0 0 0 0 0 0 0 0 0 0 0 0 0 0 0 0 0 0 0 0 0 0 data 28 0x10005 0x52ba 0x0 0x0 0x0 0x0 0x0 0x110007 0x52ba 0x30 0x0 0x180002 0x0 0x270007 0x52ba 0x30 0x0 0x2e0002 0x0 0x0 0x0 0x0 0x0 0x0 0x0 0x9 0x1 0x6 oops 0 methods 0
ciMethodData java/util/ArrayList$Itr checkForComodification ()V 2 27626 orig 80 0 0 0 0 0 0 0 0 0 0 0 0 147 2 0 0 0 0 0 0 0 0 0 0 0 0 0 0 0 0 0 0 0 0 0 0 0 0 0 0 0 0 0 0 0 0 0 0 0 0 0 0 0 0 0 0 0 0 0 0 0 0 0 0 0 0 0 0 0 0 0 0 0 0 0 0 0 0 0 0 data 13 0xb0007 0x6aeb 0x30 0x0 0x120002 0x0 0x0 0x0 0x0 0x0 0x9 0x1 0x0 oops 0 methods 0
ciMethodData java/util/ArrayList iterator ()Ljava/util/Iterator; 2 78203 orig 80 0 0 0 0 0 0 0 0 0 0 0 0 147 2 0 0 0 0 0 0 0 0 0 0 0 0 0 0 0 0 0 0 0 0 0 0 0 0 0 0 0 0 0 0 0 0 0 0 0 0 0 0 0 0 0 0 0 0 0 0 0 0 0 0 0 0 0 0 0 0 0 0 0 0 0 0 0 0 0 0 data 8 0x50002 0x1307b 0x0 0x0 0x0 0x9 0x1 0x0 oops 0 methods 0
ciMethodData java/util/ArrayList$Itr <init> (Ljava/util/ArrayList;)V 2 90477 orig 80 0 0 0 0 0 0 0 0 0 0 0 0 147 2 0 0 0 0 0 0 0 0 0 0 0 0 0 0 0 0 0 0 0 0 0 0 0 0 0 0 0 0 0 0 0 0 0 0 0 0 0 0 0 0 0 0 0 0 0 0 0 0 0 0 0 0 0 0 0 0 0 0 0 0 0 0 0 0 0 0 data 10 0x60002 0x15f5a 0x0 0x0 0x0 0x0 0x9 0x2 0xc 0x0 oops 0 methods 0
ciMethodData java/util/HashMap tableSizeFor (I)I 2 8758 orig 80 0 0 0 0 0 0 0 0 0 0 0 0 147 2 0 0 0 0 0 0 0 0 0 0 0 0 0 0 0 0 0 0 0 0 0 0 0 0 0 0 0 0 0 0 0 0 0 0 0 0 0 0 0 0 0 0 0 0 0 0 0 0 0 0 0 0 0 0 0 0 0 0 0 0 0 0 0 0 0 0 data 25 0x40002 0x2136 0xa0007 0x1432 0x38 0xd04 0xe0003 0xd04 0x50 0x140007 0x1432 0x38 0x0 0x190003 0x0 0x18 0x0 0x0 0x0 0x0 0x0 0x0 0x9 0x1 0x0 oops 0 methods 0
ciMethod java/util/AbstractList$Itr <init> (Ljava/util/AbstractList;)V 766 0 12834 0 352
ciMethod java/util/AbstractList$Itr hasNext ()Z 870 0 6033 0 128
ciMethod java/util/AbstractList$Itr next ()Ljava/lang/Object; 650 0 5785 0 224
ciMethod java/util/AbstractList$Itr checkForComodification ()V 650 0 7793 0 128
ciMethodData java/lang/Float isNaN (F)Z 2 5214 orig 80 0 0 0 0 0 0 0 0 0 0 0 0 147 2 0 0 0 0 0 0 0 0 0 0 0 0 0 0 0 0 0 0 0 0 0 0 0 0 0 0 0 0 0 0 0 0 0 0 0 0 0 0 0 0 0 0 0 0 0 0 0 0 0 0 0 0 0 0 0 0 0 0 0 0 0 0 0 0 0 0 data 11 0x30007 0x135e 0x38 0x0 0x70003 0x0 0x18 0x0 0x9 0x1 0x0 oops 0 methods 0
ciMethodData java/util/AbstractList$Itr hasNext ()Z 2 6033 orig 80 0 0 0 0 0 0 0 0 0 0 0 0 147 2 0 0 0 0 0 0 0 0 0 0 0 0 0 0 0 0 0 0 0 0 0 0 0 0 0 0 0 0 0 0 0 0 0 0 0 0 0 0 0 0 0 0 0 0 0 0 0 0 0 0 0 0 0 0 0 0 0 0 0 0 0 0 0 0 0 0 data 23 0x80005 0xcc1 0x0 0x293d04c8be0 0x23b 0x293d04c8c90 0x6e2 0xb0007 0x3c7 0x38 0x1217 0xf0003 0x1217 0x18 0x0 0x0 0x0 0x0 0x0 0x0 0x9 0x1 0x0 oops 2 3 org/jetbrains/kotlin/protobuf/LazyStringArrayList 5 org/jetbrains/kotlin/com/intellij/util/SmartList methods 0
ciMethodData java/util/AbstractList$Itr next ()Ljava/lang/Object; 2 5785 orig 80 0 0 0 0 0 0 0 0 0 0 0 0 147 2 0 0 0 0 0 0 0 0 0 0 0 0 0 0 0 0 0 0 0 0 0 0 0 0 0 0 0 0 0 0 0 0 0 0 0 0 0 0 0 0 0 0 0 0 0 0 0 0 0 0 0 0 0 0 0 0 0 0 0 0 0 0 0 0 0 0 data 32 0x10005 0x1554 0x0 0x0 0x0 0x0 0x0 0xe0005 0xd2f 0x0 0x293d04c8be0 0x16b 0x293d04c8c90 0x6ba 0x220005 0x0 0x0 0x0 0x0 0x0 0x0 0x2a0002 0x0 0x0 0x0 0x0 0x0 0x0 0x0 0x9 0x1 0xffffffffffffffff oops 2 10 org/jetbrains/kotlin/protobuf/LazyStringArrayList 12 org/jetbrains/kotlin/com/intellij/util/SmartList methods 0
ciMethodData java/util/AbstractList$Itr checkForComodification ()V 2 7793 orig 80 0 0 0 0 0 0 0 0 0 0 0 0 147 2 0 0 0 0 0 0 0 0 0 0 0 0 0 0 0 0 0 0 0 0 0 0 0 0 0 0 0 0 0 0 0 0 0 0 0 0 0 0 0 0 0 0 0 0 0 0 0 0 0 0 0 0 0 0 0 0 0 0 0 0 0 0 0 0 0 0 data 13 0xb0007 0x1d2c 0x30 0x0 0x120002 0x0 0x0 0x0 0x0 0x0 0x9 0x1 0x0 oops 0 methods 0
ciMethodData java/util/HashSet <init> (IFZ)V 2 5504 orig 80 0 0 0 0 0 0 0 0 0 0 0 0 147 2 0 0 0 0 0 0 0 0 0 0 0 0 0 0 0 0 0 0 0 0 0 0 0 0 0 0 0 0 0 0 0 0 0 0 0 0 0 0 0 0 0 0 0 0 0 0 0 0 0 0 0 0 0 0 0 0 0 0 0 0 0 0 0 0 0 0 data 14 0x10002 0x1400 0xb0002 0x1400 0x0 0x0 0x0 0x0 0x9 0x4 0x6 0x0 0x0 0x0 oops 0 methods 0
ciMethodData java/util/LinkedHashMap <init> (IF)V 2 5504 orig 80 0 0 0 0 0 0 0 0 0 0 0 0 147 2 0 0 0 0 0 0 0 0 0 0 0 0 0 0 0 0 0 0 0 0 0 0 0 0 0 0 0 0 0 0 0 0 0 0 0 0 0 0 0 0 0 0 0 0 0 0 0 0 0 0 0 0 0 0 0 0 0 0 0 0 0 0 0 0 0 0 data 11 0x30002 0x1400 0x0 0x0 0x0 0x0 0x9 0x3 0x78 0x0 0x0 oops 0 methods 0
ciMethodData java/util/LinkedHashSet <init> ()V 2 54232 orig 80 0 0 0 0 0 0 0 0 0 0 0 0 147 2 0 0 0 0 0 0 0 0 0 0 0 0 0 0 0 0 0 0 0 0 0 0 0 0 0 0 0 0 0 0 0 0 0 0 0 0 0 0 0 0 0 0 0 0 0 0 0 0 0 0 0 0 0 0 0 0 0 0 0 0 0 0 0 0 0 0 data 8 0x60002 0xd2d8 0x0 0x0 0x0 0x9 0x1 0x6 oops 0 methods 0
ciMethodData java/lang/Enum equals (Ljava/lang/Object;)Z 2 1301 orig 80 0 0 0 0 0 0 0 0 0 0 0 0 147 2 0 0 0 0 0 0 0 0 0 0 0 0 0 0 0 0 0 0 0 0 0 0 0 0 0 0 0 0 0 0 0 0 0 0 0 0 0 0 0 0 0 0 0 0 0 0 0 0 0 0 0 0 0 0 0 0 0 0 0 0 0 0 0 0 0 0 data 17 0x20007 0x38f 0x38 0x86 0x60003 0x86 0x18 0x0 0x0 0x0 0x0 0x0 0x0 0x9 0x2 0x0 0x0 oops 0 methods 0
ciMethodData java/lang/Enum compareTo (Ljava/lang/Enum;)I 2 6636 orig 80 0 0 0 0 0 0 0 0 0 0 0 0 147 2 0 0 0 0 0 0 0 0 0 0 0 0 0 0 0 0 0 0 0 0 0 0 0 0 0 0 0 0 0 0 0 0 0 0 0 0 0 0 0 0 0 0 0 0 0 0 0 0 0 0 0 0 0 0 0 0 0 0 0 0 0 0 0 0 0 0 data 48 0x50005 0x1916 0x0 0x0 0x0 0x0 0x0 0x90005 0x1916 0x0 0x0 0x0 0x0 0x0 0xc0007 0x1916 0xc0 0x0 0x100005 0x0 0x0 0x0 0x0 0x0 0x0 0x140005 0x0 0x0 0x0 0x0 0x0 0x0 0x170007 0x0 0x30 0x0 0x1e0002 0x0 0x0 0x0 0x0 0x0 0x0 0x0 0x9 0x2 0xffffffffffffffff 0xffffffffffffffff oops 0 methods 0
ciMethodData java/lang/Enum hashCode ()I 2 29454 orig 80 0 0 0 0 0 0 0 0 0 0 0 0 0 0 0 0 0 0 0 0 0 0 0 0 0 0 0 0 0 0 0 0 0 0 0 0 0 0 0 0 0 0 0 0 0 0 0 0 0 0 0 0 0 0 0 0 0 0 0 0 0 0 0 0 0 0 0 0 0 0 0 0 0 0 0 0 0 0 0 0 data 7 0x10002 0x710f 0x0 0x0 0x9 0x1 0x0 oops 0 methods 0
ciMethodData java/util/Collections$UnmodifiableMap get (Ljava/lang/Object;)Ljava/lang/Object; 2 5795 orig 80 0 0 0 0 0 0 0 0 0 0 0 0 147 2 0 0 0 0 0 0 0 0 0 0 0 0 0 0 0 0 0 0 0 0 0 0 0 0 0 0 0 0 0 0 0 0 0 0 0 0 0 0 0 0 0 0 0 0 0 0 0 0 0 0 0 0 0 0 0 0 0 0 0 0 0 0 0 0 0 0 data 17 0x50005 0x0 0x0 0x293d0994620 0x399 0x293d09946d0 0x120a 0x0 0x0 0x0 0x0 0x0 0x0 0x9 0x2 0x0 0x0 oops 2 3 java/util/LinkedHashMap 5 java/util/HashMap methods 0
ciMethodData java/util/AbstractList iterator ()Ljava/util/Iterator; 2 5208 orig 80 0 0 0 0 0 0 0 0 0 0 0 0 147 2 0 0 0 0 0 0 0 0 0 0 0 0 0 0 0 0 0 0 0 0 0 0 0 0 0 0 0 0 0 0 0 0 0 0 0 0 0 0 0 0 0 0 0 0 0 0 0 0 0 0 0 0 0 0 0 0 0 0 0 0 0 0 0 0 0 0 data 8 0x50002 0x12d8 0x0 0x0 0x0 0x9 0x1 0x0 oops 0 methods 0
ciMethodData java/util/AbstractList$Itr <init> (Ljava/util/AbstractList;)V 2 12834 orig 80 0 0 0 0 0 0 0 0 0 0 0 0 147 2 0 0 0 0 0 0 0 0 0 0 0 0 0 0 0 0 0 0 0 0 0 0 0 0 0 0 0 0 0 0 0 0 0 0 0 0 0 0 0 0 0 0 0 0 0 0 0 0 0 0 0 0 0 0 0 0 0 0 0 0 0 0 0 0 0 0 data 10 0x60002 0x30a3 0x0 0x0 0x0 0x0 0x9 0x2 0xe 0x0 oops 0 methods 0
ciMethodData java/math/BigInteger compareTo (Ljava/math/BigInteger;)I 2 3173 orig 80 0 0 0 0 0 0 0 0 0 0 0 0 147 2 0 0 0 0 0 0 0 0 0 0 0 0 0 0 0 0 0 0 0 0 0 0 0 0 0 0 0 0 0 0 0 0 0 0 0 0 0 0 0 0 0 0 0 0 0 0 0 0 0 0 0 0 0 0 0 0 0 0 0 0 0 0 0 0 0 0 data 49 0x80007 0x0 0x100 0xae6 0xf0008 0x6 0x0 0xe0 0x0 0x90 0xae6 0x40 0x2a0005 0xae6 0x0 0x0 0x0 0x0 0x0 0x2d0003 0xae6 0x68 0x320005 0x0 0x0 0x0 0x0 0x0 0x0 0x350003 0x0 0x18 0x420007 0x0 0x38 0x0 0x460003 0x0 0x18 0x0 0x0 0x0 0x0 0x0 0x0 0x9 0x2 0x0 0x0 oops 0 methods 0
ciMethodData java/math/BigInteger compareMagnitude (Ljava/math/BigInteger;)I 2 3173 orig 80 0 0 0 0 0 0 0 0 0 0 0 0 147 2 0 0 0 0 0 0 0 0 0 0 0 0 0 0 0 0 0 0 0 0 0 0 0 0 0 0 0 0 0 0 0 0 0 0 0 0 0 0 0 0 0 0 0 0 0 0 0 0 0 0 0 0 0 0 0 0 0 0 0 0 0 0 0 0 0 0 data 34 0x160007 0xae5 0x20 0x0 0x1e0007 0xae5 0x20 0x0 0x290007 0x0 0x90 0xae5 0x3d0007 0x0 0x58 0xae5 0x4f0007 0xa7d 0x38 0x68 0x530003 0x68 0x18 0x5b0003 0x0 0xffffffffffffff88 0x0 0x0 0x0 0x0 0x9 0x2 0x0 0x0 oops 0 methods 0
ciMethod kotlin/jvm/internal/Intrinsics checkNotNull (Ljava/lang/Object;)V 512 0 442762 0 96
ciMethod kotlin/jvm/internal/Intrinsics checkNotNull (Ljava/lang/Object;Ljava/lang/String;)V 546 0 312940 0 96
ciMethod kotlin/jvm/internal/Intrinsics throwJavaNpe ()V 0 0 1 0 -1
ciMethod kotlin/jvm/internal/Intrinsics throwJavaNpe (Ljava/lang/String;)V 0 0 1 0 -1
ciMethod kotlin/jvm/internal/Intrinsics checkNotNullParameter (Ljava/lang/Object;Ljava/lang/String;)V 512 0 14844310 0 96
ciMethod kotlin/jvm/internal/Intrinsics throwParameterIsNullNPE (Ljava/lang/String;)V 0 0 1 0 -1
ciMethod kotlin/jvm/internal/Intrinsics areEqual (Ljava/lang/Object;Ljava/lang/Object;)Z 520 0 1592755 0 128
ciMethod org/jetbrains/kotlin/utils/SmartList add (Ljava/lang/Object;)Z 512 0 5415 0 1760
ciMethod org/jetbrains/kotlin/utils/SmartList iterator ()Ljava/util/Iterator; 512 0 5376 0 352
ciMethod org/jetbrains/kotlin/utils/SmartList access$100 (Lorg/jetbrains/kotlin/utils/SmartList;)I 246 0 123 0 0
ciMethod org/jetbrains/kotlin/utils/SmartList access$200 (Lorg/jetbrains/kotlin/utils/SmartList;)Ljava/lang/Object; 256 0 128 0 0
ciMethod org/jetbrains/kotlin/utils/SmartList access$300 (Lorg/jetbrains/kotlin/utils/SmartList;)I 256 0 128 0 0
ciMethod org/jetbrains/kotlin/utils/SmartList $$$reportNull$$$0 (I)V 0 0 1 0 -1
ciMethodData kotlin/jvm/internal/Intrinsics checkNotNullParameter (Ljava/lang/Object;Ljava/lang/String;)V 2 14844310 orig 80 0 0 0 0 0 0 0 0 0 0 0 0 147 2 0 0 0 0 0 0 0 0 0 0 0 0 0 0 0 0 0 0 0 0 0 0 0 0 0 0 0 0 0 0 0 0 0 0 0 0 0 0 0 0 0 0 0 0 0 0 0 0 0 0 0 0 0 0 0 0 0 0 0 0 0 0 0 0 0 0 data 16 0x10007 0xe28096 0x30 0x0 0x50002 0x0 0x0 0x0 0x0 0x0 0x0 0x0 0x9 0x2 0x0 0xffffffffffffffff oops 0 methods 0
ciMethodData kotlin/jvm/internal/Intrinsics checkNotNull (Ljava/lang/Object;)V 2 442762 orig 80 0 0 0 0 0 0 0 0 0 0 0 0 147 2 0 0 0 0 0 0 0 0 0 0 0 0 0 0 0 0 0 0 0 0 0 0 0 0 0 0 0 0 0 0 0 0 0 0 0 0 0 0 0 0 0 0 0 0 0 0 0 0 0 0 0 0 0 0 0 0 0 0 0 0 0 0 0 0 0 0 data 15 0x10007 0x6c08a 0x30 0x0 0x40002 0x0 0x0 0x0 0x0 0x0 0x0 0x0 0x9 0x1 0x0 oops 0 methods 0
ciMethodData kotlin/jvm/internal/Intrinsics checkNotNull (Ljava/lang/Object;Ljava/lang/String;)V 2 312940 orig 80 0 0 0 0 0 0 0 0 0 0 0 0 147 2 0 0 0 0 0 0 0 0 0 0 0 0 0 0 0 0 0 0 0 0 0 0 0 0 0 0 0 0 0 0 0 0 0 0 0 0 0 0 0 0 0 0 0 0 0 0 0 0 0 0 0 0 0 0 0 0 0 0 0 0 0 0 0 0 0 0 data 16 0x10007 0x4c55b 0x30 0x0 0x50002 0x0 0x0 0x0 0x0 0x0 0x0 0x0 0x9 0x2 0x0 0x0 oops 0 methods 0
ciMethod kotlin/collections/builders/MapBuilder keysIterator$kotlin_stdlib ()Lkotlin/collections/builders/MapBuilder$KeysItr; 796 0 36635 0 0
ciMethod kotlin/collections/builders/MapBuilder access$getModCount$p (Lkotlin/collections/builders/MapBuilder;)I 256 0 128 0 0
ciMethod kotlin/collections/builders/MapBuilder access$getLength$p (Lkotlin/collections/builders/MapBuilder;)I 256 0 128 0 0
ciMethod kotlin/collections/builders/MapBuilder access$getPresenceArray$p (Lkotlin/collections/builders/MapBuilder;)[I 310 0 155 0 0
ciMethod kotlin/collections/builders/MapBuilder access$getKeysArray$p (Lkotlin/collections/builders/MapBuilder;)[Ljava/lang/Object; 442 0 221 0 0
ciMethod kotlin/collections/builders/MapBuilder$Itr <init> (Lkotlin/collections/builders/MapBuilder;)V 768 0 20356 0 448
ciMethod kotlin/collections/builders/MapBuilder$Itr getMap$kotlin_stdlib ()Lkotlin/collections/builders/MapBuilder; 276 0 138 0 0
ciMethod kotlin/collections/builders/MapBuilder$Itr getIndex$kotlin_stdlib ()I 256 0 128 0 0
ciMethod kotlin/collections/builders/MapBuilder$Itr setIndex$kotlin_stdlib (I)V 440 0 220 0 0
ciMethod kotlin/collections/builders/MapBuilder$Itr getLastIndex$kotlin_stdlib ()I 442 0 221 0 0
ciMethod kotlin/collections/builders/MapBuilder$Itr setLastIndex$kotlin_stdlib (I)V 442 0 221 0 0
ciMethod kotlin/collections/builders/MapBuilder$Itr initNext$kotlin_stdlib ()V 512 0 5386 0 160
ciMethod kotlin/collections/builders/MapBuilder$Itr hasNext ()Z 512 0 7394 0 96
ciMethod kotlin/collections/builders/MapBuilder$Itr checkForComodification$kotlin_stdlib ()V 636 0 7333 0 0
ciMethod org/jetbrains/kotlin/config/LanguageVersionSettings getFeatureSupport (Lorg/jetbrains/kotlin/config/LanguageFeature;)Lorg/jetbrains/kotlin/config/LanguageFeature$State; 0 0 1 0 -1
ciMethod org/jetbrains/kotlin/config/LanguageVersionSettings supportsFeature (Lorg/jetbrains/kotlin/config/LanguageFeature;)Z 368 0 5308 0 2464
ciMethodData kotlin/jvm/internal/Intrinsics areEqual (Ljava/lang/Object;Ljava/lang/Object;)Z 2 1592755 orig 80 0 0 0 0 0 0 0 0 0 0 0 0 147 2 0 0 0 0 0 0 0 0 0 0 0 0 0 0 0 0 0 0 0 0 0 0 0 0 0 0 0 0 0 0 0 0 0 0 0 0 0 0 0 0 0 0 0 0 0 0 0 0 0 0 0 0 0 0 0 0 0 0 0 0 0 0 0 0 0 0 data 31 0x10007 0x17cf21 0x70 0x7d8e 0x50007 0x4642 0x38 0x374c 0x90003 0x374c 0x68 0xd0003 0x4642 0x50 0x120005 0x172c59 0x0 0x293ff59efe0 0x30b1 0x293ff59f070 0x7217 0x0 0x0 0x0 0x0 0x0 0x0 0x9 0x2 0xffffffffffffffff 0xffffffffffffffff oops 2 17 java/lang/String 19 java/lang/Class methods 0
ciMethod org/jetbrains/kotlin/utils/SmartList$EmptyIterator getInstance ()Lorg/jetbrains/kotlin/utils/SmartList$EmptyIterator; 264 0 1666 0 0
ciMethod org/jetbrains/kotlin/config/ApiVersion compareTo (Lorg/jetbrains/kotlin/config/ApiVersion;)I 40 0 3070 0 0
ciMethod org/jetbrains/kotlin/config/MavenComparableVersion compareTo (Lorg/jetbrains/kotlin/config/MavenComparableVersion;)I 66 0 3173 0 0
ciMethod org/jetbrains/kotlin/config/MavenComparableVersion$Item compareTo (Lorg/jetbrains/kotlin/config/MavenComparableVersion$Item;)I 0 0 1 0 -1
ciMethod org/jetbrains/kotlin/config/MavenComparableVersion$Item getType ()I 0 0 1 0 -1
ciMethod org/jetbrains/kotlin/config/MavenComparableVersion$ListItem getType ()I 256 0 128 0 0
ciMethod org/jetbrains/kotlin/config/MavenComparableVersion$ListItem compareTo (Lorg/jetbrains/kotlin/config/MavenComparableVersion$Item;)I 66 4 3173 0 0
ciMethod org/jetbrains/kotlin/config/MavenComparableVersion$IntegerItem getType ()I 256 0 128 0 0
ciMethod org/jetbrains/kotlin/config/MavenComparableVersion$IntegerItem compareTo (Lorg/jetbrains/kotlin/config/MavenComparableVersion$Item;)I 768 0 3173 0 0
ciMethod org/jetbrains/kotlin/config/LanguageVersionSettingsImpl getLanguageVersion ()Lorg/jetbrains/kotlin/config/LanguageVersion; 158 0 79 0 0
ciMethod org/jetbrains/kotlin/config/LanguageVersionSettingsImpl getApiVersion ()Lorg/jetbrains/kotlin/config/ApiVersion; 242 0 121 0 0
ciMethod org/jetbrains/kotlin/config/LanguageVersionSettingsImpl getFeatureSupport (Lorg/jetbrains/kotlin/config/LanguageFeature;)Lorg/jetbrains/kotlin/config/LanguageFeature$State; 512 0 5308 0 0
ciMethod kotlin/Pair component1 ()Ljava/lang/Object; 268 0 134 0 0
ciMethod kotlin/Pair component2 ()Ljava/lang/Object; 328 0 164 0 0
ciMethod kotlin/TuplesKt to (Ljava/lang/Object;Ljava/lang/Object;)Lkotlin/Pair; 538 0 200835 0 -1
ciMethod org/jetbrains/kotlin/progress/ProgressIndicatorAndCompilationCanceledStatus checkCanceled ()V 768 0 7241 0 -1
ciMethod kotlin/collections/SetsKt__SetsJVMKt createSetBuilder ()Ljava/util/Set; 16 0 31826 0 -1
ciMethod kotlin/collections/SetsKt__SetsJVMKt build (Ljava/util/Set;)Ljava/util/Set; 16 0 31826 0 -1
ciMethod org/jetbrains/kotlin/config/LanguageFeature getSinceVersion ()Lorg/jetbrains/kotlin/config/LanguageVersion; 256 0 128 0 0
ciMethod org/jetbrains/kotlin/config/LanguageFeature getSinceApiVersion ()Lorg/jetbrains/kotlin/config/ApiVersion; 10 0 5 0 0
ciMethod org/jetbrains/kotlin/config/LanguageFeature isEnabledWithWarning$util ()Z 10 0 5 0 0
ciMethod org/jetbrains/kotlin/fir/types/impl/ConeClassLikeTypeImpl getLookupTag ()Lorg/jetbrains/kotlin/fir/symbols/ConeClassLikeLookupTag; 264 0 132 0 0
ciMethod org/jetbrains/kotlin/fir/types/impl/ConeClassLikeTypeImpl getCachedExpandedType ()Lorg/jetbrains/kotlin/util/WeakPair; 256 0 128 0 -1
ciMethod org/jetbrains/kotlin/fir/types/impl/ConeClassLikeTypeImpl setCachedExpandedType (Lorg/jetbrains/kotlin/util/WeakPair;)V 264 0 132 0 -1
ciMethod org/jetbrains/kotlin/fir/types/impl/ConeClassLikeTypeImpl getLookupTag ()Lorg/jetbrains/kotlin/fir/symbols/ConeClassifierLookupTag; 520 0 6431 0 64
ciMethod org/jetbrains/kotlin/fir/types/ConeLookupTagBasedType getLookupTag ()Lorg/jetbrains/kotlin/fir/symbols/ConeClassifierLookupTag; 0 0 1 0 -1
ciMethod org/jetbrains/kotlin/fir/types/TypeComponents getSession ()Lorg/jetbrains/kotlin/fir/FirSession; 282 0 141 0 0
ciMethod org/jetbrains/kotlin/types/model/TypeSystemContext asSimpleType (Lorg/jetbrains/kotlin/types/model/KotlinTypeMarker;)Lorg/jetbrains/kotlin/types/model/SimpleTypeMarker; 0 0 1 0 -1
ciMethod org/jetbrains/kotlin/types/model/TypeSystemContext asFlexibleType (Lorg/jetbrains/kotlin/types/model/KotlinTypeMarker;)Lorg/jetbrains/kotlin/types/model/FlexibleTypeMarker; 0 0 1 0 -1
ciMethod org/jetbrains/kotlin/types/model/TypeSystemContext lowerBound (Lorg/jetbrains/kotlin/types/model/FlexibleTypeMarker;)Lorg/jetbrains/kotlin/types/model/SimpleTypeMarker; 0 0 1 0 -1
ciMethod org/jetbrains/kotlin/types/model/TypeSystemContext isMarkedNullable (Lorg/jetbrains/kotlin/types/model/SimpleTypeMarker;)Z 0 0 1 0 -1
ciMethod org/jetbrains/kotlin/types/model/TypeSystemContext typeConstructor (Lorg/jetbrains/kotlin/types/model/SimpleTypeMarker;)Lorg/jetbrains/kotlin/types/model/TypeConstructorMarker; 0 0 1 0 -1
ciMethod org/jetbrains/kotlin/types/model/TypeSystemContext lowerBoundIfFlexible (Lorg/jetbrains/kotlin/types/model/KotlinTypeMarker;)Lorg/jetbrains/kotlin/types/model/SimpleTypeMarker; 522 0 5404 0 480
ciMethod org/jetbrains/kotlin/types/model/TypeSystemContext upperBoundIfFlexible (Lorg/jetbrains/kotlin/types/model/KotlinTypeMarker;)Lorg/jetbrains/kotlin/types/model/SimpleTypeMarker; 516 0 6402 0 -1
ciMethod org/jetbrains/kotlin/types/model/TypeSystemContext typeConstructor (Lorg/jetbrains/kotlin/types/model/KotlinTypeMarker;)Lorg/jetbrains/kotlin/types/model/TypeConstructorMarker; 530 0 29214 0 1280
ciMethod org/jetbrains/kotlin/types/model/TypeSystemContext isNullableAny (Lorg/jetbrains/kotlin/types/model/KotlinTypeMarker;)Z 512 0 780 0 -1
ciMethod org/jetbrains/kotlin/fir/types/ConeTypeContext getSession ()Lorg/jetbrains/kotlin/fir/FirSession; 0 0 1 0 -1
ciMethod org/jetbrains/kotlin/fir/types/ConeTypeContext asSimpleType (Lorg/jetbrains/kotlin/types/model/KotlinTypeMarker;)Lorg/jetbrains/kotlin/types/model/SimpleTypeMarker; 512 0 7590 0 384
ciMethod org/jetbrains/kotlin/fir/types/ConeTypeContext asFlexibleType (Lorg/jetbrains/kotlin/types/model/KotlinTypeMarker;)Lorg/jetbrains/kotlin/types/model/FlexibleTypeMarker; 598 0 5460 0 128
ciMethod org/jetbrains/kotlin/fir/types/ConeTypeContext lowerBound (Lorg/jetbrains/kotlin/types/model/FlexibleTypeMarker;)Lorg/jetbrains/kotlin/types/model/SimpleTypeMarker; 516 0 6994 0 0
ciMethod org/jetbrains/kotlin/fir/types/ConeTypeContext typeConstructor (Lorg/jetbrains/kotlin/types/model/SimpleTypeMarker;)Lorg/jetbrains/kotlin/types/model/TypeConstructorMarker; 522 0 18693 0 512
ciMethod org/jetbrains/kotlin/types/model/TypeSystemCommonSuperTypesContext typeDepth (Lorg/jetbrains/kotlin/types/model/KotlinTypeMarker;)I 0 0 1 0 -1
ciMethod org/jetbrains/kotlin/types/model/TypeSystemInferenceExtensionContext freshTypeConstructor (Lorg/jetbrains/kotlin/types/model/TypeVariableMarker;)Lorg/jetbrains/kotlin/types/model/TypeConstructorMarker; 0 0 1 0 -1
ciMethod org/jetbrains/kotlin/fir/types/ConeInferenceContext freshTypeConstructor (Lorg/jetbrains/kotlin/types/model/TypeVariableMarker;)Lorg/jetbrains/kotlin/types/model/TypeConstructorMarker; 782 0 17055 0 160
ciMethod org/jetbrains/kotlin/fir/types/TypeComponents$typeContext$1 getSession ()Lorg/jetbrains/kotlin/fir/FirSession; 544 0 97934 0 96
ciMethod org/jetbrains/kotlin/resolve/calls/inference/components/ConstraintIncorporator incorporate (Lorg/jetbrains/kotlin/resolve/calls/inference/components/ConstraintIncorporator$Context;Lorg/jetbrains/kotlin/types/model/TypeVariableMarker;Lorg/jetbrains/kotlin/resolve/calls/inference/model/Constraint;)V 512 0 5595 0 0
ciMethod org/jetbrains/kotlin/resolve/calls/inference/components/ConstraintIncorporator areThereRecursiveConstraints (Lorg/jetbrains/kotlin/resolve/calls/inference/components/ConstraintIncorporator$Context;Lorg/jetbrains/kotlin/types/model/TypeVariableMarker;Lorg/jetbrains/kotlin/resolve/calls/inference/model/Constraint;)Z 512 0 5595 0 -1
ciMethod org/jetbrains/kotlin/resolve/calls/inference/components/ConstraintIncorporator directWithVariable (Lorg/jetbrains/kotlin/resolve/calls/inference/components/ConstraintIncorporator$Context;Lorg/jetbrains/kotlin/types/model/TypeVariableMarker;Lorg/jetbrains/kotlin/resolve/calls/inference/model/Constraint;)V 510 1270 2345 0 -1
ciMethod org/jetbrains/kotlin/resolve/calls/inference/components/ConstraintIncorporator insideOtherConstraint (Lorg/jetbrains/kotlin/resolve/calls/inference/components/ConstraintIncorporator$Context;Lorg/jetbrains/kotlin/types/model/TypeVariableMarker;Lorg/jetbrains/kotlin/resolve/calls/inference/model/Constraint;)V 510 164 3629 0 -1
ciMethod org/jetbrains/kotlin/resolve/calls/inference/components/ConstraintInjector addInitialSubtypeConstraint (Lorg/jetbrains/kotlin/resolve/calls/inference/components/ConstraintInjector$Context;Lorg/jetbrains/kotlin/types/model/KotlinTypeMarker;Lorg/jetbrains/kotlin/types/model/KotlinTypeMarker;Lorg/jetbrains/kotlin/resolve/calls/inference/model/ConstraintPosition;)V 512 0 8530 0 0
ciMethod org/jetbrains/kotlin/resolve/calls/inference/components/ConstraintInjector addSubTypeConstraintAndIncorporateIt (Lorg/jetbrains/kotlin/resolve/calls/inference/components/ConstraintInjector$Context;Lorg/jetbrains/kotlin/types/model/KotlinTypeMarker;Lorg/jetbrains/kotlin/types/model/KotlinTypeMarker;Lorg/jetbrains/kotlin/resolve/calls/inference/components/ConstraintInjector$TypeCheckerStateForConstraintInjector;)V 512 0 7457 0 2016
ciMethod org/jetbrains/kotlin/resolve/calls/inference/components/ConstraintInjector processConstraints (Lorg/jetbrains/kotlin/resolve/calls/inference/components/ConstraintInjector$Context;Lorg/jetbrains/kotlin/resolve/calls/inference/components/ConstraintInjector$TypeCheckerStateForConstraintInjector;Z)Ljava/util/List; 512 0 10311 0 0
ciMethod org/jetbrains/kotlin/resolve/calls/inference/components/ConstraintInjector processConstraints$default (Lorg/jetbrains/kotlin/resolve/calls/inference/components/ConstraintInjector;Lorg/jetbrains/kotlin/resolve/calls/inference/components/ConstraintInjector$Context;Lorg/jetbrains/kotlin/resolve/calls/inference/components/ConstraintInjector$TypeCheckerStateForConstraintInjector;ZILjava/lang/Object;)Ljava/util/List; 512 0 10249 0 0
ciMethod org/jetbrains/kotlin/resolve/calls/inference/components/ConstraintInjector processConstraintsIgnoringForksData (Lorg/jetbrains/kotlin/resolve/calls/inference/components/ConstraintInjector$TypeCheckerStateForConstraintInjector;Lorg/jetbrains/kotlin/resolve/calls/inference/components/ConstraintInjector$Context;Z)Ljava/util/List; 772 342 10311 0 0
ciMethod org/jetbrains/kotlin/resolve/calls/inference/components/ConstraintInjector processGivenConstraints (Lorg/jetbrains/kotlin/resolve/calls/inference/components/ConstraintInjector$Context;Lorg/jetbrains/kotlin/resolve/calls/inference/components/ConstraintInjector$TypeCheckerStateForConstraintInjector;Ljava/util/Collection;)V 342 422 4791 0 0
ciMethod org/jetbrains/kotlin/resolve/calls/inference/components/ConstraintInjector recordReferencesOfOtherTypeVariableInConstraint (Lorg/jetbrains/kotlin/resolve/calls/inference/components/ConstraintInjector$Context;Lorg/jetbrains/kotlin/resolve/calls/inference/model/Constraint;Lorg/jetbrains/kotlin/types/model/TypeConstructorMarker;)V 768 98 4498 0 0
ciMethod org/jetbrains/kotlin/resolve/calls/inference/components/ConstraintInjector updateAllowedTypeDepth (Lorg/jetbrains/kotlin/resolve/calls/inference/components/ConstraintInjector$Context;Lorg/jetbrains/kotlin/types/model/KotlinTypeMarker;)V 778 0 8408 0 10304
ciMethod org/jetbrains/kotlin/resolve/calls/inference/components/ConstraintInjector shouldWeSkipConstraint (Lorg/jetbrains/kotlin/resolve/calls/inference/components/ConstraintInjector$Context;Lorg/jetbrains/kotlin/types/model/TypeVariableMarker;Lorg/jetbrains/kotlin/resolve/calls/inference/model/Constraint;)Z 774 0 6589 0 0
ciMethod org/jetbrains/kotlin/types/TypeCheckerState getTypeSystemContext ()Lorg/jetbrains/kotlin/types/model/TypeSystemContext; 282 0 141 0 -1
ciMethod org/jetbrains/kotlin/types/TypeCheckerState refineType (Lorg/jetbrains/kotlin/types/model/KotlinTypeMarker;)Lorg/jetbrains/kotlin/types/model/KotlinTypeMarker; 512 0 24622 0 -1
ciMethod org/jetbrains/kotlin/types/TypeCheckerState prepareType (Lorg/jetbrains/kotlin/types/model/KotlinTypeMarker;)Lorg/jetbrains/kotlin/types/model/KotlinTypeMarker; 524 0 33343 0 -1
ciMethod org/jetbrains/kotlin/types/TypeCheckerState customIsSubtypeOf (Lorg/jetbrains/kotlin/types/model/KotlinTypeMarker;Lorg/jetbrains/kotlin/types/model/KotlinTypeMarker;)Z 458 0 8269 0 0
ciMethod org/jetbrains/kotlin/types/TypeCheckerState addSubtypeConstraint (Lorg/jetbrains/kotlin/types/model/KotlinTypeMarker;Lorg/jetbrains/kotlin/types/model/KotlinTypeMarker;Z)Ljava/lang/Boolean; 768 0 4789 0 -1
ciMethod org/jetbrains/kotlin/fir/types/ConeFlexibleType getLowerBound ()Lorg/jetbrains/kotlin/fir/types/ConeSimpleKotlinType; 264 0 132 0 0
ciMethod org/jetbrains/kotlin/fir/types/impl/ConeTypeParameterTypeImpl getLookupTag ()Lorg/jetbrains/kotlin/fir/symbols/ConeTypeParameterLookupTag; 256 0 128 0 0
ciMethod org/jetbrains/kotlin/fir/types/impl/ConeTypeParameterTypeImpl getLookupTag ()Lorg/jetbrains/kotlin/fir/symbols/ConeClassifierLookupTag; 512 0 3399 0 0
ciMethod org/jetbrains/kotlin/fir/types/ConeTypeUtilsKt getConstructor (Lorg/jetbrains/kotlin/fir/types/ConeSimpleKotlinType;)Lorg/jetbrains/kotlin/types/model/TypeConstructorMarker; 606 0 17711 0 416
ciMethod org/jetbrains/kotlin/fir/types/ConeDefinitelyNotNullType getOriginal ()Lorg/jetbrains/kotlin/fir/types/ConeSimpleKotlinType; 260 0 130 0 0
ciMethod org/jetbrains/kotlin/util/WeakPair <init> (Ljava/lang/Object;Ljava/lang/Object;)V 512 0 7549 0 -1
ciMethod kotlin/collections/builders/SetBuilder iterator ()Ljava/util/Iterator; 796 0 36635 0 288
ciMethod kotlin/collections/builders/MapBuilder$KeysItr <init> (Lkotlin/collections/builders/MapBuilder;)V 796 0 36635 0 0
ciMethod kotlin/collections/builders/MapBuilder$KeysItr next ()Ljava/lang/Object; 512 0 7084 0 320
ciMethodData kotlin/collections/builders/MapBuilder$Itr initNext$kotlin_stdlib ()V 2 5386 orig 80 0 0 0 0 0 0 0 0 0 0 0 0 147 2 0 0 0 0 0 0 0 0 0 0 0 0 0 0 0 0 0 0 0 0 0 0 0 0 0 0 0 0 0 0 0 0 0 0 0 0 0 0 0 0 0 0 0 0 0 0 0 0 0 0 0 0 0 0 0 0 0 0 0 0 0 0 0 0 0 0 data 24 0x80002 0x140a 0xb0007 0x195 0x68 0x1275 0x120002 0x1275 0x1a0007 0x1275 0x38 0x0 0x290003 0x0 0xffffffffffffffa0 0x0 0x0 0x0 0x0 0x0 0x0 0x9 0x1 0x6 oops 0 methods 0
ciMethodData kotlin/collections/builders/MapBuilder$Itr hasNext ()Z 2 7394 orig 80 0 0 0 0 0 0 0 0 0 0 0 0 147 2 0 0 0 0 0 0 0 0 0 0 0 0 0 0 0 0 0 0 0 0 0 0 0 0 0 0 0 0 0 0 0 0 0 0 0 0 0 0 0 0 0 0 0 0 0 0 0 0 0 0 0 0 0 0 0 0 0 0 0 0 0 0 0 0 0 0 data 18 0x80002 0x1be2 0xb0007 0x1ab 0x38 0x1a37 0xf0003 0x1a37 0x18 0x0 0x0 0x0 0x0 0x0 0x0 0x9 0x1 0x0 oops 0 methods 0
ciMethodData kotlin/collections/builders/MapBuilder$Itr checkForComodification$kotlin_stdlib ()V 2 7333 orig 80 0 0 0 0 0 0 0 0 0 0 0 0 147 2 0 0 0 0 0 0 0 0 0 0 0 0 0 0 0 0 0 0 0 0 0 0 0 0 0 0 0 0 0 0 0 0 0 0 0 0 0 0 0 0 0 0 0 0 0 0 0 0 0 0 0 0 0 0 0 0 0 0 0 0 0 0 0 0 0 0 data 17 0x40002 0x1b67 0xb0007 0x1b67 0x30 0x0 0x120002 0x0 0x0 0x0 0x0 0x0 0x0 0x0 0x9 0x1 0x0 oops 0 methods 0
ciMethodData kotlin/collections/builders/MapBuilder$KeysItr next ()Ljava/lang/Object; 2 7084 orig 80 0 0 0 0 0 0 0 0 0 0 0 0 147 2 0 0 0 0 0 0 0 0 0 0 0 0 0 0 0 0 0 0 0 0 0 0 0 0 0 0 0 0 0 0 0 0 0 0 0 0 0 0 0 0 0 0 0 0 0 0 0 0 0 0 0 0 0 0 0 0 0 0 0 0 0 0 0 0 0 0 data 82 0x10005 0x1aac 0x0 0x0 0x0 0x0 0x0 0x50005 0x1aac 0x0 0x0 0x0 0x0 0x0 0x90005 0x1aac 0x0 0x0 0x0 0x0 0x0 0xc0002 0x1aac 0xf0007 0x1aac 0x30 0x0 0x160002 0x0 0x1c0005 0x1aac 0x0 0x0 0x0 0x0 0x0 0x240005 0x1aac 0x0 0x0 0x0 0x0 0x0 0x280005 0x1aac 0x0 0x0 0x0 0x0 0x0 0x2c0005 0x1aac 0x0 0x0 0x0 0x0 0x0 0x2f0002 0x1aac 0x330005 0x1aac 0x0 0x0 0x0 0x0 0x0 0x390005 0x1aac 0x0 0x0 0x0 0x0 0x0 0x0 0x0 0x0 0x0 0x0 0x0 0x9 0x1 0x6 oops 0 methods 0
ciMethod org/jetbrains/kotlin/utils/SmartList$SingletonIterator <init> (Lorg/jetbrains/kotlin/utils/SmartList;)V 246 0 2540 0 0
ciMethod org/jetbrains/kotlin/utils/SmartList$SingletonIterator getElement ()Ljava/lang/Object; 512 0 5378 0 0
ciMethod org/jetbrains/kotlin/utils/SmartList$SingletonIterator checkCoModification ()V 512 0 5378 0 128
ciMethod org/jetbrains/kotlin/utils/SmartList$SingletonIteratorBase <init> ()V 246 0 5249 0 0
ciMethod org/jetbrains/kotlin/utils/SmartList$SingletonIteratorBase hasNext ()Z 512 0 6401 0 64
ciMethod org/jetbrains/kotlin/utils/SmartList$SingletonIteratorBase next ()Ljava/lang/Object; 512 0 5378 0 160
ciMethod org/jetbrains/kotlin/utils/SmartList$SingletonIteratorBase checkCoModification ()V 0 0 1 0 -1
ciMethod org/jetbrains/kotlin/utils/SmartList$SingletonIteratorBase getElement ()Ljava/lang/Object; 0 0 1 0 -1
ciMethod org/jetbrains/kotlin/utils/SmartList$SingletonIteratorBase <init> (Lorg/jetbrains/kotlin/utils/SmartList$1;)V 246 0 5249 0 64
ciMethod org/jetbrains/kotlin/fir/resolve/TypeExpansionUtilsKt fullyExpandedType (Lorg/jetbrains/kotlin/fir/types/ConeClassLikeType;Lorg/jetbrains/kotlin/fir/FirSession;Lkotlin/jvm/functions/Function1;)Lorg/jetbrains/kotlin/fir/types/ConeClassLikeType; 512 0 6964 0 10464
ciMethod org/jetbrains/kotlin/fir/resolve/TypeExpansionUtilsKt fullyExpandedType$default (Lorg/jetbrains/kotlin/fir/types/ConeClassLikeType;Lorg/jetbrains/kotlin/fir/FirSession;Lkotlin/jvm/functions/Function1;ILjava/lang/Object;)Lorg/jetbrains/kotlin/fir/types/ConeClassLikeType; 514 0 47946 0 128
ciMethod org/jetbrains/kotlin/fir/resolve/TypeExpansionUtilsKt fullyExpandedTypeNoCache (Lorg/jetbrains/kotlin/fir/types/ConeClassLikeType;Lorg/jetbrains/kotlin/fir/FirSession;Lkotlin/jvm/functions/Function1;)Lorg/jetbrains/kotlin/fir/types/ConeClassLikeType; 420 0 1337 0 -1
ciMethod org/jetbrains/kotlin/util/WeakPairKt component1 (Lorg/jetbrains/kotlin/util/WeakPair;)Ljava/lang/Object; 518 0 6964 0 -1
ciMethod org/jetbrains/kotlin/util/WeakPairKt component2 (Lorg/jetbrains/kotlin/util/WeakPair;)Ljava/lang/Object; 860 0 6964 0 -1
ciMethodData org/jetbrains/kotlin/utils/SmartList add (Ljava/lang/Object;)Z 2 5415 orig 80 0 0 0 0 0 0 0 0 0 0 0 0 147 2 0 0 0 0 0 0 0 0 0 0 0 0 0 0 0 0 0 0 0 0 0 0 0 0 0 0 0 0 0 0 0 0 0 0 0 0 0 0 0 0 0 0 0 0 0 0 0 0 0 0 0 0 0 0 0 0 0 0 0 0 0 0 0 0 0 0 data 72 0x40007 0x332 0x38 0x10f5 0xc0003 0x10f5 0x1b8 0x140007 0x184 0xa8 0x1ae 0x220004 0x0 0x0 0x293d395cfb0 0x2b 0x293d395d060 0x175 0x260004 0x0 0x0 0x293d395cfb0 0x2b 0x293d395d060 0x175 0x2c0003 0x1ae 0x110 0x330004 0x0 0x0 0x293d395be60 0x184 0x0 0x0 0x360004 0x0 0x0 0x0 0x0 0x0 0x0 0x420007 0x78 0x50 0x10c 0x5a0007 0x10c 0x20 0x0 0x750002 0x10c 0x7e0004 0x0 0x0 0x293d395cfb0 0x14 0x293d395d060 0x160 0x0 0x0 0x0 0x0 0x0 0x0 0x0 0x0 0x0 0x9 0x2 0xe 0x0 oops 7 14 org/jetbrains/kotlin/load/java/structure/impl/classFiles/BinaryJavaAnnotation 16 org/jetbrains/kotlin/fir/types/impl/ConeClassLikeTypeImpl 21 org/jetbrains/kotlin/load/java/structure/impl/classFiles/BinaryJavaAnnotation 23 org/jetbrains/kotlin/fir/types/impl/ConeClassLikeTypeImpl 31 [Ljava/lang/Object; 55 org/jetbrains/kotlin/load/java/structure/impl/classFiles/BinaryJavaAnnotation 57 org/jetbrains/kotlin/fir/types/impl/ConeClassLikeTypeImpl methods 0
ciMethodData org/jetbrains/kotlin/fir/types/impl/ConeClassLikeTypeImpl getLookupTag ()Lorg/jetbrains/kotlin/fir/symbols/ConeClassifierLookupTag; 2 6431 orig 80 0 0 0 0 0 0 0 0 0 0 0 0 147 2 0 0 0 0 0 0 0 0 0 0 0 0 0 0 0 0 0 0 0 0 0 0 0 0 0 0 0 0 0 0 0 0 0 0 0 0 0 0 0 0 0 0 0 0 0 0 0 0 0 0 0 0 0 0 0 0 0 0 0 0 0 0 0 0 0 0 data 23 0x10005 0x181b 0x0 0x0 0x0 0x0 0x0 0x40004 0x0 0x0 0x0 0x0 0x0 0x0 0x0 0x0 0x0 0x0 0x0 0x0 0x9 0x1 0x0 oops 0 methods 0
ciMethodData org/jetbrains/kotlin/utils/SmartList iterator ()Ljava/util/Iterator; 2 5376 orig 80 0 0 0 0 0 0 0 0 0 0 0 0 147 2 0 0 0 0 0 0 0 0 0 0 0 0 0 0 0 0 0 0 0 0 0 0 0 0 0 0 0 0 0 0 0 0 0 0 0 0 0 0 0 0 0 0 0 0 0 0 0 0 0 0 0 0 0 0 0 0 0 0 0 0 0 0 0 0 0 0 data 35 0x40007 0xe02 0x60 0x5fe 0x70002 0x5fe 0xb0007 0x5fe 0x30 0x0 0xf0002 0x0 0x180007 0x491 0x30 0x971 0x200002 0x971 0x250002 0x491 0x290007 0x491 0x30 0x0 0x2d0002 0x0 0x0 0x0 0x0 0x0 0x0 0x0 0x9 0x1 0x0 oops 0 methods 0
ciMethodData org/jetbrains/kotlin/utils/SmartList$EmptyIterator getInstance ()Lorg/jetbrains/kotlin/utils/SmartList$EmptyIterator; 2 1666 orig 80 0 0 0 0 0 0 0 0 0 0 0 0 147 2 0 0 0 0 0 0 0 0 0 0 0 0 0 0 0 0 0 0 0 0 0 0 0 0 0 0 0 0 0 0 0 0 0 0 0 0 0 0 0 0 0 0 0 0 0 0 0 0 0 0 0 0 0 0 0 0 0 0 0 0 0 0 0 0 0 0 data 4 0x0 0x0 0x9 0x0 oops 0 methods 0
ciMethodData org/jetbrains/kotlin/utils/SmartList$SingletonIterator <init> (Lorg/jetbrains/kotlin/utils/SmartList;)V 2 2540 orig 80 0 0 0 0 0 0 0 0 0 0 0 0 147 2 0 0 0 0 0 0 0 0 0 0 0 0 0 0 0 0 0 0 0 0 0 0 0 0 0 0 0 0 0 0 0 0 0 0 0 0 0 0 0 0 0 0 0 0 0 0 0 0 0 0 0 0 0 0 0 0 0 0 0 0 0 0 0 0 0 0 data 14 0x70002 0x971 0xc0002 0x971 0x0 0x0 0x0 0x0 0x0 0x0 0x9 0x2 0xc 0x0 oops 0 methods 0
ciMethodData org/jetbrains/kotlin/utils/SmartList$SingletonIteratorBase <init> (Lorg/jetbrains/kotlin/utils/SmartList$1;)V 2 5249 orig 80 0 0 0 0 0 0 0 0 0 0 0 0 147 2 0 0 0 0 0 0 0 0 0 0 0 0 0 0 0 0 0 0 0 0 0 0 0 0 0 0 0 0 0 0 0 0 0 0 0 0 0 0 0 0 0 0 0 0 0 0 0 0 0 0 0 0 0 0 0 0 0 0 0 0 0 0 0 0 0 0 data 8 0x10002 0x1406 0x0 0x0 0x9 0x2 0x0 0x0 oops 0 methods 0
ciMethodData org/jetbrains/kotlin/utils/SmartList$SingletonIteratorBase <init> ()V 2 5249 orig 80 0 0 0 0 0 0 0 0 0 0 0 0 147 2 0 0 0 0 0 0 0 0 0 0 0 0 0 0 0 0 0 0 0 0 0 0 0 0 0 0 0 0 0 0 0 0 0 0 0 0 0 0 0 0 0 0 0 0 0 0 0 0 0 0 0 0 0 0 0 0 0 0 0 0 0 0 0 0 0 0 data 7 0x10002 0x1406 0x0 0x0 0x9 0x1 0x0 oops 0 methods 0
ciMethodData org/jetbrains/kotlin/utils/SmartList$SingletonIteratorBase hasNext ()Z 2 6401 orig 80 0 0 0 0 0 0 0 0 0 0 0 0 147 2 0 0 0 0 0 0 0 0 0 0 0 0 0 0 0 0 0 0 0 0 0 0 0 0 0 0 0 0 0 0 0 0 0 0 0 0 0 0 0 0 0 0 0 0 0 0 0 0 0 0 0 0 0 0 0 0 0 0 0 0 0 0 0 0 0 0 data 13 0x40007 0xbd9 0x38 0xc28 0x80003 0xc28 0x18 0x0 0x0 0x0 0x9 0x1 0x0 oops 0 methods 0
ciMethodData org/jetbrains/kotlin/fir/resolve/TypeExpansionUtilsKt fullyExpandedType (Lorg/jetbrains/kotlin/fir/types/ConeClassLikeType;Lorg/jetbrains/kotlin/fir/FirSession;Lkotlin/jvm/functions/Function1;)Lorg/jetbrains/kotlin/fir/types/ConeClassLikeType; 2 6964 orig 80 1 0 0 0 0 0 0 0 0 0 0 0 147 2 0 0 0 0 0 0 2 0 0 0 0 0 0 0 0 0 0 0 0 0 0 0 0 0 0 0 0 0 0 0 0 0 0 0 0 0 0 0 0 0 0 0 0 0 0 0 0 0 0 0 0 0 0 0 0 0 0 0 0 0 0 0 0 0 0 0 data 81 0x30002 0x1a34 0x90002 0x1a34 0xf0002 0x1a34 0x400130004 0xfffffffffffffffe 0x0 0x293d395d060 0x1a34 0x293d0661d60 0x2 0x160007 0x2 0x1b8 0x1a34 0x1a0004 0x0 0x0 0x293d395d060 0x1a34 0x0 0x0 0x1d0005 0x1a34 0x0 0x0 0x0 0x0 0x0 0x220002 0x1a34 0x280002 0x1a34 0x2b0104 0x0 0x0 0x293d395d060 0x15ec 0x0 0x0 0x330007 0x467 0x40 0x15cd 0x380007 0x0 0x20 0x15cd 0x410002 0x467 0x470004 0x0 0x0 0x293d395d060 0x46b 0x0 0x0 0x510002 0x46b 0x540005 0x46b 0x0 0x0 0x0 0x0 0x0 0x5d0002 0x2 0x0 0x0 0x0 0x0 0x0 0x0 0x9 0x3 0xffffffffffffffff 0xffffffffffffffff 0xffffffffffffffff oops 5 9 org/jetbrains/kotlin/fir/types/impl/ConeClassLikeTypeImpl 11 org/jetbrains/kotlin/fir/types/ConeErrorType 20 org/jetbrains/kotlin/fir/types/impl/ConeClassLikeTypeImpl 38 org/jetbrains/kotlin/fir/types/impl/ConeClassLikeTypeImpl 55 org/jetbrains/kotlin/fir/types/impl/ConeClassLikeTypeImpl methods 0
ciMethodData org/jetbrains/kotlin/fir/types/impl/ConeTypeParameterTypeImpl getLookupTag ()Lorg/jetbrains/kotlin/fir/symbols/ConeClassifierLookupTag; 2 3399 orig 80 0 0 0 0 0 0 0 0 0 0 0 0 147 2 0 0 0 0 0 0 0 0 0 0 0 0 0 0 0 0 0 0 0 0 0 0 0 0 0 0 0 0 0 0 0 0 0 0 0 0 0 0 0 0 0 0 0 0 0 0 0 0 0 0 0 0 0 0 0 0 0 0 0 0 0 0 0 0 0 0 data 23 0x10005 0xc47 0x0 0x0 0x0 0x0 0x0 0x40004 0x0 0x0 0x0 0x0 0x0 0x0 0x0 0x0 0x0 0x0 0x0 0x0 0x9 0x1 0x0 oops 0 methods 0
ciMethodData org/jetbrains/kotlin/utils/SmartList$SingletonIteratorBase next ()Ljava/lang/Object; 2 5378 orig 80 0 0 0 0 0 0 0 0 0 0 0 0 147 2 0 0 0 0 0 0 0 0 0 0 0 0 0 0 0 0 0 0 0 0 0 0 0 0 0 0 0 0 0 0 0 0 0 0 0 0 0 0 0 0 0 0 0 0 0 0 0 0 0 0 0 0 0 0 0 0 0 0 0 0 0 0 0 0 0 0 data 29 0x40007 0x1402 0x30 0x0 0xb0002 0x0 0x150005 0x0 0x0 0x293d37d2150 0x1402 0x0 0x0 0x190005 0x0 0x0 0x293d37d2150 0x1402 0x0 0x0 0x0 0x0 0x0 0x0 0x0 0x0 0x9 0x1 0x0 oops 2 9 org/jetbrains/kotlin/utils/SmartList$SingletonIterator 16 org/jetbrains/kotlin/utils/SmartList$SingletonIterator methods 0
ciMethodData org/jetbrains/kotlin/utils/SmartList$SingletonIterator checkCoModification ()V 2 5378 orig 80 0 0 0 0 0 0 0 0 0 0 0 0 147 2 0 0 0 0 0 0 0 0 0 0 0 0 0 0 0 0 0 0 0 0 0 0 0 0 0 0 0 0 0 0 0 0 0 0 0 0 0 0 0 0 0 0 0 0 0 0 0 0 0 0 0 0 0 0 0 0 0 0 0 0 0 0 0 0 0 0 data 56 0x40002 0x1402 0xb0007 0x1402 0x168 0x0 0x160002 0x0 0x1b0005 0x0 0x0 0x0 0x0 0x0 0x0 0x220002 0x0 0x250005 0x0 0x0 0x0 0x0 0x0 0x0 0x2a0005 0x0 0x0 0x0 0x0 0x0 0x0 0x310005 0x0 0x0 0x0 0x0 0x0 0x0 0x340005 0x0 0x0 0x0 0x0 0x0 0x0 0x370002 0x0 0x0 0x0 0x0 0x0 0x0 0x0 0x9 0x1 0x0 oops 0 methods 0
ciMethodData org/jetbrains/kotlin/utils/SmartList$SingletonIterator getElement ()Ljava/lang/Object; 2 5378 orig 80 0 0 0 0 0 0 0 0 0 0 0 0 147 2 0 0 0 0 0 0 0 0 0 0 0 0 0 0 0 0 0 0 0 0 0 0 0 0 0 0 0 0 0 0 0 0 0 0 0 0 0 0 0 0 0 0 0 0 0 0 0 0 0 0 0 0 0 0 0 0 0 0 0 0 0 0 0 0 0 0 data 11 0x40002 0x1402 0x0 0x0 0x0 0x0 0x0 0x0 0x9 0x1 0x0 oops 0 methods 0
ciMethodData org/jetbrains/kotlin/fir/resolve/TypeExpansionUtilsKt fullyExpandedType$default (Lorg/jetbrains/kotlin/fir/types/ConeClassLikeType;Lorg/jetbrains/kotlin/fir/FirSession;Lkotlin/jvm/functions/Function1;ILjava/lang/Object;)Lorg/jetbrains/kotlin/fir/types/ConeClassLikeType; 2 47946 orig 80 0 0 0 0 0 0 0 0 0 0 0 0 147 2 0 0 0 0 0 0 0 0 0 0 0 0 0 0 0 0 0 0 0 0 0 0 0 0 0 0 0 0 0 0 0 0 0 0 0 0 0 0 0 0 0 0 0 0 0 0 0 0 0 0 0 0 0 0 0 0 0 0 0 0 0 0 0 0 0 0 data 26 0x30007 0x0 0x58 0xba49 0x90004 0x0 0x0 0x293d2060f00 0x9 0x0 0x0 0x100002 0xba49 0x0 0x0 0x0 0x0 0x0 0x0 0x9 0x5 0xffffffffffffffff 0xffffffffffffffff 0xffffffffffffffff 0x0 0x0 oops 1 7 org/jetbrains/kotlin/fir/resolve/TypeExpansionUtilsKt$fullyExpandedType$1 methods 0
ciMethod org/jetbrains/kotlin/fir/types/ConeTypeVariableType getTypeConstructor ()Lorg/jetbrains/kotlin/fir/types/ConeTypeVariableTypeConstructor; 256 0 128 0 0
ciMethod org/jetbrains/kotlin/types/AbstractTypeChecker isSubtypeOf (Lorg/jetbrains/kotlin/types/TypeCheckerState;Lorg/jetbrains/kotlin/types/model/KotlinTypeMarker;Lorg/jetbrains/kotlin/types/model/KotlinTypeMarker;Z)Z 512 0 8476 0 224
ciMethod org/jetbrains/kotlin/types/AbstractTypeChecker completeIsSubTypeOf (Lorg/jetbrains/kotlin/types/TypeCheckerState;Lorg/jetbrains/kotlin/types/model/KotlinTypeMarker;Lorg/jetbrains/kotlin/types/model/KotlinTypeMarker;Z)Z 4310 0 9587 0 14048
ciMethod org/jetbrains/kotlin/types/AbstractTypeChecker isSubtypeOfForSingleClassifierType (Lorg/jetbrains/kotlin/types/TypeCheckerState;Lorg/jetbrains/kotlin/types/model/SimpleTypeMarker;Lorg/jetbrains/kotlin/types/model/SimpleTypeMarker;)Z 4406 1370 8491 0 -1
ciMethod org/jetbrains/kotlin/types/AbstractTypeChecker checkSubtypeForSpecialCases (Lorg/jetbrains/kotlin/types/TypeCheckerState;Lorg/jetbrains/kotlin/types/model/SimpleTypeMarker;Lorg/jetbrains/kotlin/types/model/SimpleTypeMarker;)Ljava/lang/Boolean; 720 0 15935 0 -1
ciMethodData org/jetbrains/kotlin/fir/types/TypeComponents$typeContext$1 getSession ()Lorg/jetbrains/kotlin/fir/FirSession; 2 97934 orig 80 0 0 0 0 0 0 0 0 0 0 0 0 147 2 0 0 0 0 0 0 0 0 0 0 0 0 0 0 0 0 0 0 0 0 0 0 0 0 0 0 0 0 0 0 0 0 0 0 0 0 0 0 0 0 0 0 0 0 0 0 0 0 0 0 0 0 0 0 0 0 0 0 0 0 0 0 0 0 0 0 data 16 0x40005 0x17d7e 0x0 0x0 0x0 0x0 0x0 0x0 0x0 0x0 0x0 0x0 0x0 0x9 0x1 0x0 oops 0 methods 0
ciMethod org/jetbrains/kotlin/fir/types/ConeStubType getConstructor ()Lorg/jetbrains/kotlin/fir/types/ConeStubTypeConstructor; 4 0 2 0 0
ciMethod org/jetbrains/kotlin/fir/types/ConeCapturedType getConstructor ()Lorg/jetbrains/kotlin/fir/types/ConeCapturedTypeConstructor; 256 0 128 0 0
ciMethodData org/jetbrains/kotlin/fir/types/ConeTypeContext asSimpleType (Lorg/jetbrains/kotlin/types/model/KotlinTypeMarker;)Lorg/jetbrains/kotlin/types/model/SimpleTypeMarker; 2 7590 orig 80 0 0 0 0 0 0 0 0 0 0 0 0 147 2 0 0 0 0 0 0 0 0 0 0 0 0 0 0 0 0 0 0 0 0 0 0 0 0 0 0 0 0 0 0 0 0 0 0 0 0 0 0 0 0 0 0 0 0 0 0 0 0 0 0 0 0 0 0 0 0 0 0 0 0 0 0 0 0 0 0 data 188 0x30002 0x1ca6 0x70004 0x0 0x0 0x293d395d060 0x18ce 0x293caa66f40 0x16e 0xe0007 0x1ca6 0x50 0x0 0x120007 0x0 0x30 0x0 0x1e0002 0x0 0x250004 0xfffffffffffffc28 0x0 0x293d395d060 0x18ce 0x293caa66f40 0x3 0x280007 0x3d8 0xf0 0x18ce 0x2c0004 0x0 0x0 0x293d395d060 0x18ce 0x0 0x0 0x300005 0x0 0x0 0x293caa62c20 0x18ce 0x0 0x0 0x380002 0x18ce 0x3b0004 0x0 0x0 0x293d395d060 0x9 0x0 0x0 0x3e0003 0x18ce 0x3e8 0x420004 0xfffffffffffffe90 0x0 0x293caa66f40 0x3 0x293caa68920 0x28 0x450007 0x170 0x70 0x268 0x490004 0x0 0x0 0x293caa68920 0x28 0x293caa689d0 0x240 0x4c0003 0x268 0x340 0x500004 0x0 0x0 0x293caa66f40 0x16e 0x293caa68a80 0x2 0x530007 0x0 0x38 0x170 0x570003 0x170 0x2d0 0x5e0002 0x0 0x640005 0x0 0x0 0x0 0x0 0x0 0x0 0x680005 0x0 0x0 0x0 0x0 0x0 0x0 0x6b0002 0x0 0x6e0005 0x0 0x0 0x0 0x0 0x0 0x0 0x710005 0x0 0x0 0x0 0x0 0x0 0x0 0x8a0002 0x0 0x910004 0x0 0x0 0x0 0x0 0x0 0x0 0xa10002 0x0 0xbe0004 0x0 0x0 0x0 0x0 0x0 0x0 0xc10007 0x0 0x70 0x0 0xc50004 0x0 0x0 0x0 0x0 0x0 0x0 0xc80003 0x0 0x18 0xcc0002 0x0 0xd70005 0x0 0x0 0x0 0x0 0x0 0x0 0xda0005 0x0 0x0 0x0 0x0 0x0 0x0 0xe20004 0x0 0x0 0x0 0x0 0x0 0x0 0x0 0x0 0x0 0x0 0x0 0x0 0x9 0x2 0x0 0x0 oops 13 5 org/jetbrains/kotlin/fir/types/impl/ConeClassLikeTypeImpl 7 org/jetbrains/kotlin/fir/types/ConeFlexibleType 22 org/jetbrains/kotlin/fir/types/impl/ConeClassLikeTypeImpl 24 org/jetbrains/kotlin/fir/types/ConeFlexibleType 33 org/jetbrains/kotlin/fir/types/impl/ConeClassLikeTypeImpl 40 org/jetbrains/kotlin/fir/types/TypeComponents$typeContext$1 49 org/jetbrains/kotlin/fir/types/impl/ConeClassLikeTypeImpl 59 org/jetbrains/kotlin/fir/types/ConeFlexibleType 61 org/jetbrains/kotlin/fir/types/ConeCapturedType 70 org/jetbrains/kotlin/fir/types/ConeCapturedType 72 org/jetbrains/kotlin/fir/types/impl/ConeTypeParameterTypeImpl 80 org/jetbrains/kotlin/fir/types/ConeFlexibleType 82 org/jetbrains/kotlin/fir/types/ConeRawType methods 0
ciMethodData org/jetbrains/kotlin/fir/types/ConeTypeContext typeConstructor (Lorg/jetbrains/kotlin/types/model/SimpleTypeMarker;)Lorg/jetbrains/kotlin/types/model/TypeConstructorMarker; 2 18693 orig 80 4 0 0 0 0 0 0 0 0 0 0 0 147 2 0 0 0 0 0 0 0 0 0 0 0 0 0 0 0 0 0 0 0 0 0 0 0 0 0 0 0 0 0 0 0 0 0 0 0 0 0 0 0 0 0 0 0 0 0 0 0 0 0 0 0 0 0 0 0 0 0 0 0 0 0 0 0 0 0 0 data 41 0x30002 0x4800 0x70004 0x0 0x0 0x293d395d060 0x3a99 0x293caa68920 0xac 0xa0007 0x4800 0x68 0x0 0x150005 0x0 0x0 0x0 0x0 0x0 0x0 0x180002 0x0 0x1d0004 0x0 0x0 0x293d395d060 0x3a99 0x293caa68920 0xac 0x200002 0x4800 0x0 0x0 0x0 0x0 0x0 0x0 0x9 0x2 0x0 0xffffffffffffffff oops 4 5 org/jetbrains/kotlin/fir/types/impl/ConeClassLikeTypeImpl 7 org/jetbrains/kotlin/fir/types/ConeCapturedType 25 org/jetbrains/kotlin/fir/types/impl/ConeClassLikeTypeImpl 27 org/jetbrains/kotlin/fir/types/ConeCapturedType methods 0
ciMethodData org/jetbrains/kotlin/fir/types/ConeTypeUtilsKt getConstructor (Lorg/jetbrains/kotlin/fir/types/ConeSimpleKotlinType;)Lorg/jetbrains/kotlin/types/model/TypeConstructorMarker; 2 17711 orig 80 1 0 0 0 2 0 0 0 0 0 0 0 147 2 0 0 0 0 0 0 6 0 0 0 0 0 2 0 0 0 0 0 0 0 0 0 0 0 0 4 0 0 0 0 0 0 0 0 0 0 0 0 0 0 0 0 0 0 0 0 0 0 0 0 0 0 0 0 0 0 0 0 0 0 0 0 0 0 0 0 data 225 0x30002 0x4400 0x90004 0xfffffffffffff66f 0x0 0x293d395d060 0x37b4 0x293caa689d0 0x2bb 0xc0007 0x991 0xe0 0x3a6f 0x100004 0x0 0x0 0x293d395d060 0x37b4 0x293caa689d0 0x2bb 0x130005 0x0 0x0 0x293d395d060 0x37b4 0x293caa689d0 0x2bb 0x160004 0x0 0x0 0x293d2b7f780 0xe6 0x293d2b7f830 0x4 0x190003 0x3a6f 0x5b0 0x80000004001d0004 0xfffffffffffff717 0x0 0x293caa68920 0xac 0x293d202e460 0x4 0x200007 0x8e9 0xe0 0xac 0x240004 0x0 0x0 0x293caa68920 0xac 0x0 0x0 0x270005 0x70 0x0 0x293caa68920 0x3c 0x0 0x0 0x2a0004 0x0 0x0 0x0 0x0 0x0 0x0 0x2d0003 0xac 0x498 0x310004 0xfffffffffffffd11 0x0 0x293d202e460 0x4 0x293d202d8c0 0x5fa 0x340007 0x2ef 0xe0 0x5fa 0x380004 0x0 0x0 0x293d202d8c0 0x5fa 0x0 0x0 0x3b0005 0x5fc 0x0 0x0 0x0 0x0 0x0 0x3e0004 0x0 0x0 0x293d202f760 0x39 0x0 0x0 0x410003 0x5fc 0x380 0x450004 0xfffffffffffffe01 0x0 0x293d202e460 0x4 0x293d2b7f8e0 0x1c 0x8000000600480007 0x1ff 0x70 0xf4 0x4c0004 0x0 0x0 0x293d202dca0 0xf4 0x0 0x0 0x4f0003 0xf4 0x2d8 0x530004 0xfffffffffffffe07 0x0 0x293d202e460 0x4 0x293d2b7f8e0 0x1c 0x560007 0x1f9 0xe0 0x6 0x5a0004 0x0 0x0 0x293d2b7f990 0x6 0x0 0x0 0x5d0005 0x6 0x0 0x0 0x0 0x0 0x0 0x600004 0x0 0x0 0x293d202f3b0 0x2 0x0 0x0 0x630003 0x6 0x1c0 0x670004 0xfffffffffffffe14 0x0 0x293d202e460 0xd 0x293d2b7f8e0 0x1c 0x6a0007 0x1ec 0xb8 0xd 0x6e0004 0x0 0x0 0x293d202e460 0xd 0x0 0x0 0x710005 0xd 0x0 0x0 0x0 0x0 0x0 0x740002 0xd 0x770003 0xd 0xd0 0x80000004007b0004 0x0 0x0 0x293d2b7f8e0 0x1ec 0x293d2b7fa40 0x2 0x7e0007 0x0 0x70 0x1ee 0x820004 0x0 0x0 0x293d2b7f8e0 0x1ec 0x293d2b7fa40 0x2 0x850003 0x1ee 0x28 0x8c0002 0x0 0x0 0x0 0x0 0x0 0x0 0x0 0x9 0x1 0xffffffffffffffff oops 30 5 org/jetbrains/kotlin/fir/types/impl/ConeClassLikeTypeImpl 7 org/jetbrains/kotlin/fir/types/impl/ConeTypeParameterTypeImpl 16 org/jetbrains/kotlin/fir/types/impl/ConeClassLikeTypeImpl 18 org/jetbrains/kotlin/fir/types/impl/ConeTypeParameterTypeImpl 23 org/jetbrains/kotlin/fir/types/impl/ConeClassLikeTypeImpl 25 org/jetbrains/kotlin/fir/types/impl/ConeTypeParameterTypeImpl 30 org/jetbrains/kotlin/fir/symbols/impl/ConeClassLikeLookupTagImpl 32 org/jetbrains/kotlin/fir/symbols/ConeTypeParameterLookupTag 40 org/jetbrains/kotlin/fir/types/ConeCapturedType 42 org/jetbrains/kotlin/fir/types/ConeDefinitelyNotNullType 51 org/jetbrains/kotlin/fir/types/ConeCapturedType 58 org/jetbrains/kotlin/fir/types/ConeCapturedType 75 org/jetbrains/kotlin/fir/types/ConeDefinitelyNotNullType 77 org/jetbrains/kotlin/fir/types/ConeTypeVariableType 86 org/jetbrains/kotlin/fir/types/ConeTypeVariableType 100 org/jetbrains/kotlin/fir/types/ConeTypeVariableTypeConstructor 110 org/jetbrains/kotlin/fir/types/ConeDefinitelyNotNullType 112 org/jetbrains/kotlin/fir/types/ConeIntegerLiteralConstantTypeImpl 121 org/jetbrains/kotlin/fir/types/ConeIntersectionType 131 org/jetbrains/kotlin/fir/types/ConeDefinitelyNotNullType 133 org/jetbrains/kotlin/fir/types/ConeIntegerLiteralConstantTypeImpl 142 org/jetbrains/kotlin/fir/types/ConeStubTypeForTypeVariableInSubtyping 156 org/jetbrains/kotlin/fir/types/ConeStubTypeConstructor 166 org/jetbrains/kotlin/fir/types/ConeDefinitelyNotNullType 168 org/jetbrains/kotlin/fir/types/ConeIntegerLiteralConstantTypeImpl 177 org/jetbrains/kotlin/fir/types/ConeDefinitelyNotNullType 196 org/jetbrains/kotlin/fir/types/ConeIntegerLiteralConstantTypeImpl 198 org/jetbrains/kotlin/fir/types/ConeIntegerConstantOperatorTypeImpl 207 org/jetbrains/kotlin/fir/types/ConeIntegerLiteralConstantTypeImpl 209 org/jetbrains/kotlin/fir/types/ConeIntegerConstantOperatorTypeImpl methods 0
ciMethodData org/jetbrains/kotlin/fir/types/ConeTypeContext asFlexibleType (Lorg/jetbrains/kotlin/types/model/KotlinTypeMarker;)Lorg/jetbrains/kotlin/types/model/FlexibleTypeMarker; 2 5460 orig 80 0 0 0 0 0 0 0 0 0 0 0 0 147 2 0 0 0 0 0 0 0 0 0 0 0 0 0 0 0 0 0 0 0 0 0 0 0 0 0 0 0 0 0 0 0 0 0 0 0 0 0 0 0 0 0 0 0 0 0 0 0 0 0 0 0 0 0 0 0 0 0 0 0 0 0 0 0 0 0 0 data 57 0x30002 0x1429 0x70004 0x0 0x0 0x293caa66f40 0x2bb 0x293d395d060 0xfce 0xe0007 0x1429 0x50 0x0 0x120007 0x0 0x30 0x0 0x1e0002 0x0 0x230004 0xffffffffffffee94 0x0 0x293caa66f40 0x2bb 0x293caa68a80 0x2 0x260007 0x116c 0x70 0x2bd 0x2a0004 0x0 0x0 0x293caa66f40 0x2bb 0x293caa68a80 0x2 0x2d0003 0x2bd 0x18 0x310104 0x0 0x0 0x293caa66f40 0x2bb 0x293caa68a80 0x2 0x0 0x0 0x0 0x0 0x0 0x0 0x9 0x2 0x0 0x0 oops 8 5 org/jetbrains/kotlin/fir/types/ConeFlexibleType 7 org/jetbrains/kotlin/fir/types/impl/ConeClassLikeTypeImpl 22 org/jetbrains/kotlin/fir/types/ConeFlexibleType 24 org/jetbrains/kotlin/fir/types/ConeRawType 33 org/jetbrains/kotlin/fir/types/ConeFlexibleType 35 org/jetbrains/kotlin/fir/types/ConeRawType 43 org/jetbrains/kotlin/fir/types/ConeFlexibleType 45 org/jetbrains/kotlin/fir/types/ConeRawType methods 0
ciMethodData org/jetbrains/kotlin/types/model/TypeSystemContext typeConstructor (Lorg/jetbrains/kotlin/types/model/KotlinTypeMarker;)Lorg/jetbrains/kotlin/types/model/TypeConstructorMarker; 2 29214 orig 80 2 0 0 0 0 0 0 0 0 0 0 0 147 2 0 0 0 0 0 0 0 0 0 0 0 0 0 0 0 0 0 0 0 0 0 0 0 0 0 0 0 0 0 0 0 0 0 0 0 0 0 0 0 0 0 0 0 0 0 0 0 0 0 0 0 0 0 0 0 0 0 0 0 0 0 0 0 0 0 0 data 37 0x30002 0x7115 0x90005 0x0 0x0 0x293caa62c20 0x7115 0x0 0x0 0xf0007 0x6df0 0x58 0x325 0x150005 0x0 0x0 0x293caa62c20 0x325 0x0 0x0 0x1a0005 0x0 0x0 0x293caa62c20 0x7117 0x0 0x0 0x0 0x0 0x0 0x0 0x0 0x0 0x9 0x2 0x0 0x0 oops 3 5 org/jetbrains/kotlin/fir/types/TypeComponents$typeContext$1 16 org/jetbrains/kotlin/fir/types/TypeComponents$typeContext$1 23 org/jetbrains/kotlin/fir/types/TypeComponents$typeContext$1 methods 0
ciMethodData org/jetbrains/kotlin/types/model/TypeSystemContext lowerBoundIfFlexible (Lorg/jetbrains/kotlin/types/model/KotlinTypeMarker;)Lorg/jetbrains/kotlin/types/model/SimpleTypeMarker; 2 5404 orig 80 0 0 0 0 0 0 0 0 0 0 0 0 147 2 0 0 0 0 0 0 0 0 0 0 0 0 0 0 0 0 0 0 0 0 0 0 0 0 0 0 0 0 0 0 0 0 0 0 0 0 0 0 0 0 0 0 0 0 0 0 0 0 0 0 0 0 0 0 0 0 0 0 0 0 0 0 0 0 0 0 data 43 0x30002 0x1417 0x80005 0x0 0x0 0x293caa62c20 0x1417 0x0 0x0 0xe0007 0x1280 0x78 0x197 0x130005 0x0 0x0 0x293caa62c20 0x197 0x0 0x0 0x190007 0x199 0x68 0x0 0x1f0005 0x0 0x0 0x293caa62c20 0x1280 0x0 0x0 0x250002 0x1280 0x0 0x0 0x0 0x0 0x0 0x0 0x9 0x2 0xffffffffffffffff 0xffffffffffffffff oops 3 5 org/jetbrains/kotlin/fir/types/TypeComponents$typeContext$1 16 org/jetbrains/kotlin/fir/types/TypeComponents$typeContext$1 27 org/jetbrains/kotlin/fir/types/TypeComponents$typeContext$1 methods 0
ciMethod org/jetbrains/kotlin/types/model/MarkerExtensionsKt freshTypeConstructor (Lorg/jetbrains/kotlin/types/model/TypeVariableMarker;Lorg/jetbrains/kotlin/types/model/TypeSystemInferenceExtensionContext;)Lorg/jetbrains/kotlin/types/model/TypeConstructorMarker; 518 0 57815 0 0
ciMethodData org/jetbrains/kotlin/fir/types/ConeTypeContext lowerBound (Lorg/jetbrains/kotlin/types/model/FlexibleTypeMarker;)Lorg/jetbrains/kotlin/types/model/SimpleTypeMarker; 2 6994 orig 80 0 0 0 0 0 0 0 0 0 0 0 0 147 2 0 0 0 0 0 0 2 0 0 0 0 0 0 0 0 0 0 0 0 0 0 0 0 0 0 0 0 0 0 0 0 0 0 0 0 0 0 0 0 0 0 0 0 0 0 0 0 0 0 0 0 0 0 0 0 0 0 0 0 0 0 0 0 0 0 0 data 53 0x30002 0x1a50 0x400070004 0x0 0x0 0x293caa66f40 0x1a3e 0x293caa68a80 0x14 0xa0007 0x1a52 0x68 0x0 0x150005 0x0 0x0 0x0 0x0 0x0 0x0 0x180002 0x0 0x1d0004 0x0 0x0 0x293caa66f40 0x1a3e 0x293caa68a80 0x14 0x200005 0x1a52 0x0 0x0 0x0 0x0 0x0 0x230004 0x0 0x0 0x293d395d060 0x6 0x0 0x0 0x0 0x0 0x0 0x0 0x0 0x0 0x9 0x2 0x0 0x0 oops 5 5 org/jetbrains/kotlin/fir/types/ConeFlexibleType 7 org/jetbrains/kotlin/fir/types/ConeRawType 25 org/jetbrains/kotlin/fir/types/ConeFlexibleType 27 org/jetbrains/kotlin/fir/types/ConeRawType 39 org/jetbrains/kotlin/fir/types/impl/ConeClassLikeTypeImpl methods 0
ciMethodData org/jetbrains/kotlin/config/LanguageVersionSettings supportsFeature (Lorg/jetbrains/kotlin/config/LanguageFeature;)Z 2 5308 orig 80 0 0 0 0 0 0 0 0 0 0 0 0 147 2 0 0 0 0 0 0 0 0 0 0 0 0 0 0 0 0 0 0 0 0 0 0 0 0 0 0 0 0 0 0 0 0 0 0 0 0 0 0 0 0 0 0 0 0 0 0 0 0 0 0 0 0 0 0 0 0 0 0 0 0 0 0 0 0 0 0 data 30 0x30002 0x1404 0x80005 0x0 0x0 0x293d0896f50 0x1404 0x0 0x0 0x140007 0xb81 0x40 0x883 0x1b0007 0x883 0x38 0x0 0x1f0003 0xb81 0x18 0x0 0x0 0x0 0x0 0x0 0x0 0x9 0x2 0x0 0x0 oops 1 5 org/jetbrains/kotlin/config/LanguageVersionSettingsImpl methods 0
ciMethodData kotlin/collections/builders/MapBuilder$Itr <init> (Lkotlin/collections/builders/MapBuilder;)V 2 20356 orig 80 0 0 0 0 0 0 0 0 0 0 0 0 147 2 0 0 0 0 0 0 0 0 0 0 0 0 0 0 0 0 0 0 0 0 0 0 0 0 0 0 0 0 0 0 0 0 0 0 0 0 0 0 0 0 0 0 0 0 0 0 0 0 0 0 0 0 0 0 0 0 0 0 0 0 0 0 0 0 0 0 data 23 0x30002 0x4e04 0x70002 0x4e04 0x190002 0x4e04 0x210005 0x4e04 0x0 0x0 0x0 0x0 0x0 0x0 0x0 0x0 0x0 0x0 0x0 0x9 0x2 0xe 0x0 oops 0 methods 0
ciMethodData kotlin/collections/builders/SetBuilder iterator ()Ljava/util/Iterator; 2 36635 orig 80 0 0 0 0 0 0 0 0 0 0 0 0 147 2 0 0 0 0 0 0 0 0 0 0 0 0 0 0 0 0 0 0 0 0 0 0 0 0 0 0 0 0 0 0 0 0 0 0 0 0 0 0 0 0 0 0 0 0 0 0 0 0 0 0 0 0 0 0 0 0 0 0 0 0 0 0 0 0 0 0 data 23 0x40005 0x8d8d 0x0 0x0 0x0 0x0 0x0 0x70004 0x0 0x0 0x293d3590690 0x1 0x0 0x0 0x0 0x0 0x0 0x0 0x0 0x0 0x9 0x1 0x0 oops 1 10 kotlin/collections/builders/MapBuilder$KeysItr methods 0
ciMethodData kotlin/collections/builders/MapBuilder keysIterator$kotlin_stdlib ()Lkotlin/collections/builders/MapBuilder$KeysItr; 2 36635 orig 80 0 0 0 0 0 0 0 0 0 0 0 0 147 2 0 0 0 0 0 0 0 0 0 0 0 0 0 0 0 0 0 0 0 0 0 0 0 0 0 0 0 0 0 0 0 0 0 0 0 0 0 0 0 0 0 0 0 0 0 0 0 0 0 0 0 0 0 0 0 0 0 0 0 0 0 0 0 0 0 0 data 8 0x50002 0x8d8d 0x0 0x0 0x0 0x9 0x1 0x0 oops 0 methods 0
ciMethodData kotlin/collections/builders/MapBuilder$KeysItr <init> (Lkotlin/collections/builders/MapBuilder;)V 2 36635 orig 80 0 0 0 0 0 0 0 0 0 0 0 0 147 2 0 0 0 0 0 0 0 0 0 0 0 0 0 0 0 0 0 0 0 0 0 0 0 0 0 0 0 0 0 0 0 0 0 0 0 0 0 0 0 0 0 0 0 0 0 0 0 0 0 0 0 0 0 0 0 0 0 0 0 0 0 0 0 0 0 0 data 14 0x30002 0x8d8d 0x80002 0x8d8d 0x0 0x0 0x0 0x0 0x0 0x0 0x9 0x2 0x0 0x0 oops 0 methods 0
ciMethodData org/jetbrains/kotlin/config/LanguageVersionSettingsImpl getFeatureSupport (Lorg/jetbrains/kotlin/config/LanguageFeature;)Lorg/jetbrains/kotlin/config/LanguageFeature$State; 2 5308 orig 80 0 0 0 0 0 0 0 0 0 0 0 0 147 2 0 0 0 0 0 0 0 0 0 0 0 0 0 0 0 0 0 0 0 0 0 0 0 0 0 0 0 0 0 0 0 0 0 0 0 0 0 0 0 0 0 0 0 0 0 0 0 0 0 0 0 0 0 0 0 0 0 0 0 0 0 0 0 0 0 0 data 105 0x30002 0x13bc 0xb0005 0x0 0x0 0x293cb1c3070 0x13bc 0x0 0x0 0x100104 0x0 0x0 0x0 0x0 0x0 0x0 0x150007 0x13bc 0x20 0x0 0x200005 0x13bc 0x0 0x0 0x0 0x0 0x0 0x250007 0x4c8 0x220 0xef4 0x290005 0xef4 0x0 0x0 0x0 0x0 0x0 0x2d0004 0x0 0x0 0x0 0x0 0x0 0x0 0x300005 0xef4 0x0 0x0 0x0 0x0 0x0 0x330007 0x373 0x158 0xb81 0x370005 0xb81 0x0 0x0 0x0 0x0 0x0 0x3b0005 0xb81 0x0 0x0 0x0 0x0 0x0 0x3e0005 0xb81 0x0 0x0 0x0 0x0 0x0 0x410007 0x0 0x90 0xb81 0x450005 0xb81 0x0 0x0 0x0 0x0 0x0 0x480007 0xb81 0x38 0x0 0x4e0003 0x0 0x18 0x0 0x0 0x0 0x0 0x0 0x0 0x9 0x2 0x0 0x0 oops 1 5 java/util/Collections$UnmodifiableMap methods 0
ciMethodData org/jetbrains/kotlin/config/ApiVersion compareTo (Lorg/jetbrains/kotlin/config/ApiVersion;)I 2 3070 orig 80 0 0 0 0 0 0 0 0 0 0 0 0 147 2 0 0 0 0 0 0 0 0 0 0 0 0 0 0 0 0 0 0 0 0 0 0 0 0 0 0 0 0 0 0 0 0 0 0 0 0 0 0 0 0 0 0 0 0 0 0 0 0 0 0 0 0 0 0 0 0 0 0 0 0 0 0 0 0 0 0 data 19 0x30002 0xbea 0xe0005 0x0 0x0 0x293d3570570 0xbea 0x0 0x0 0x0 0x0 0x0 0x0 0x0 0x0 0x9 0x2 0x0 0x0 oops 1 5 org/jetbrains/kotlin/config/MavenComparableVersion methods 0
ciMethodData org/jetbrains/kotlin/config/MavenComparableVersion compareTo (Lorg/jetbrains/kotlin/config/MavenComparableVersion;)I 2 3173 orig 80 0 0 0 0 0 0 0 0 0 0 0 0 147 2 0 0 0 0 0 0 0 0 0 0 0 0 0 0 0 0 0 0 0 0 0 0 0 0 0 0 0 0 0 0 0 0 0 0 0 0 0 0 0 0 0 0 0 0 0 0 0 0 0 0 0 0 0 0 0 0 0 0 0 0 0 0 0 0 0 0 data 17 0x80005 0x0 0x0 0x293d35715a0 0xc44 0x0 0x0 0x0 0x0 0x0 0x0 0x0 0x0 0x9 0x2 0x0 0x0 oops 1 3 org/jetbrains/kotlin/config/MavenComparableVersion$ListItem methods 0
ciMethodData org/jetbrains/kotlin/config/MavenComparableVersion$ListItem compareTo (Lorg/jetbrains/kotlin/config/MavenComparableVersion$Item;)I 2 3173 orig 80 0 0 0 0 0 0 0 0 0 0 0 0 147 2 0 0 0 0 0 0 0 0 0 0 0 0 0 0 0 0 0 0 0 0 0 0 0 0 0 0 0 0 0 0 0 0 0 0 0 0 0 0 0 0 0 0 0 0 0 0 0 0 0 0 0 0 0 0 0 0 0 0 0 0 0 0 0 0 0 0 data 229 0x10007 0xc44 0x120 0x0 0x50005 0x0 0x0 0x0 0x0 0x0 0x0 0x80007 0x0 0x20 0x0 0xf0005 0x0 0x0 0x0 0x0 0x0 0x0 0x120004 0x0 0x0 0x0 0x0 0x0 0x0 0x180005 0x0 0x0 0x0 0x0 0x0 0x0 0x1f0005 0x0 0x0 0x293d35715a0 0xc44 0x0 0x0 0x240008 0x8 0x0 0x480 0x0 0x50 0x0 0x50 0xc44 0x50 0x450005 0x0 0x0 0x293d35715a0 0xc44 0x0 0x0 0x4a0004 0x0 0x0 0x293d35715a0 0xc44 0x0 0x0 0x4d0005 0x0 0x0 0x293d35715a0 0xc44 0x0 0x0 0x520005 0x0 0x0 0x293cbb6abd0 0xc44 0x0 0x0 0x570007 0xc44 0x78 0x0 0x5b0005 0x0 0x0 0x0 0x0 0x0 0x0 0x600007 0x0 0x2f8 0x0 0x640005 0x0 0x0 0x293cbb6abd0 0xc44 0x0 0x0 0x690007 0x0 0xa8 0xc44 0x6d0005 0x0 0x0 0x293cbb6abd0 0xc44 0x0 0x0 0x720004 0x0 0x0 0x293cbb6ac80 0xc44 0x0 0x0 0x750003 0xc44 0x18 0x7c0005 0x0 0x0 0x293cbb6abd0 0xc44 0x0 0x0 0x810007 0x0 0xa8 0xc44 0x850005 0x0 0x0 0x293cbb6abd0 0xc44 0x0 0x0 0x8a0004 0x0 0x0 0x293cbb6ac80 0xc44 0x0 0x0 0x8d0003 0xc44 0x18 0x950007 0xc44 0xa8 0x0 0x9a0007 0x0 0x38 0x0 0x9e0003 0x0 0xa0 0xa60005 0x0 0x0 0x0 0x0 0x0 0x0 0xac0003 0x0 0x50 0xb30005 0x0 0x0 0x293cbb6ac80 0xc44 0x0 0x0 0xbc0007 0x0 0x20 0xc44 0xc20003 0x0 0xfffffffffffffc90 0xcf0002 0x0 0xd40005 0x0 0x0 0x0 0x0 0x0 0x0 0xd80005 0x0 0x0 0x0 0x0 0x0 0x0 0xdb0005 0x0 0x0 0x0 0x0 0x0 0x0 0xde0005 0x0 0x0 0x0 0x0 0x0 0x0 0xe10002 0x0 0x0 0x0 0x0 0x0 0x0 0x0 0x9 0x2 0x0 0x0 oops 12 39 org/jetbrains/kotlin/config/MavenComparableVersion$ListItem 56 org/jetbrains/kotlin/config/MavenComparableVersion$ListItem 63 org/jetbrains/kotlin/config/MavenComparableVersion$ListItem 70 org/jetbrains/kotlin/config/MavenComparableVersion$ListItem 77 java/util/ArrayList$Itr 99 java/util/ArrayList$Itr 110 java/util/ArrayList$Itr 117 org/jetbrains/kotlin/config/MavenComparableVersion$IntegerItem 127 java/util/ArrayList$Itr 138 java/util/ArrayList$Itr 145 org/jetbrains/kotlin/config/MavenComparableVersion$IntegerItem 176 org/jetbrains/kotlin/config/MavenComparableVersion$IntegerItem methods 0
ciMethod org/jetbrains/kotlin/resolve/calls/inference/ConstraintSystemOperation isProperType (Lorg/jetbrains/kotlin/types/model/KotlinTypeMarker;)Z 0 0 1 0 -1
ciMethod org/jetbrains/kotlin/resolve/calls/inference/components/ConstraintInjector$Context getMaxTypeDepthFromInitialConstraints ()I 0 0 1 0 -1
ciMethod org/jetbrains/kotlin/resolve/calls/inference/components/ConstraintInjector$Context setMaxTypeDepthFromInitialConstraints (I)V 0 0 1 0 -1
ciMethod org/jetbrains/kotlin/resolve/calls/inference/components/ConstraintInjector$Context getNotFixedTypeVariables ()Ljava/util/Map; 0 0 1 0 -1
ciMethod org/jetbrains/kotlin/resolve/calls/inference/components/ConstraintInjector$Context getConstraintsFromAllForkPoints ()Ljava/util/List; 0 0 1 0 -1
ciMethod org/jetbrains/kotlin/resolve/calls/inference/components/ConstraintInjector$Context getAtCompletionState ()Z 0 0 1 0 -1
ciMethod org/jetbrains/kotlin/resolve/calls/inference/components/ConstraintInjector$Context addInitialConstraint (Lorg/jetbrains/kotlin/resolve/calls/inference/model/InitialConstraint;)V 0 0 1 0 -1
ciMethod org/jetbrains/kotlin/resolve/calls/inference/components/ConstraintInjector$Context addError (Lorg/jetbrains/kotlin/resolve/calls/inference/model/ConstraintSystemError;)V 0 0 1 0 -1
ciMethod org/jetbrains/kotlin/resolve/calls/inference/components/ConstraintInjector$Context addMissedConstraints (Lorg/jetbrains/kotlin/resolve/calls/inference/model/IncorporationConstraintPosition;Ljava/util/List;)V 0 0 1 0 -1
ciMethod org/jetbrains/kotlin/resolve/calls/inference/components/ConstraintInjector$Context resolveForkPointsConstraints ()V 0 0 1 0 -1
ciMethod org/jetbrains/kotlin/resolve/calls/inference/components/ConstraintInjector$Context recordTypeVariableReferenceInConstraint (Lorg/jetbrains/kotlin/types/model/TypeConstructorMarker;Lorg/jetbrains/kotlin/types/model/TypeConstructorMarker;)V 0 0 1 0 -1
ciMethod org/jetbrains/kotlin/resolve/calls/inference/components/ConstraintInjector$Context freshTypeConstructor (Lorg/jetbrains/kotlin/types/model/TypeVariableMarker;)Lorg/jetbrains/kotlin/types/model/TypeConstructorMarker; 0 0 1 0 -1
ciMethod org/jetbrains/kotlin/resolve/calls/inference/components/ConstraintInjector$Context newTypeCheckerState (ZZ)Lorg/jetbrains/kotlin/types/TypeCheckerState; 0 0 1 0 -1
ciMethod org/jetbrains/kotlin/resolve/calls/inference/components/ConstraintInjector$Context isMarkedNullable (Lorg/jetbrains/kotlin/types/model/SimpleTypeMarker;)Z 0 0 1 0 -1
ciMethod org/jetbrains/kotlin/resolve/calls/inference/model/NewConstraintSystemImpl freshTypeConstructor (Lorg/jetbrains/kotlin/types/model/TypeVariableMarker;)Lorg/jetbrains/kotlin/types/model/TypeConstructorMarker; 782 0 49810 0 224
ciMethod org/jetbrains/kotlin/resolve/calls/inference/model/NewConstraintSystemImpl isMarkedNullable (Lorg/jetbrains/kotlin/types/model/SimpleTypeMarker;)Z 768 0 6597 0 1184
ciMethod org/jetbrains/kotlin/resolve/calls/inference/model/NewConstraintSystemImpl typeConstructor (Lorg/jetbrains/kotlin/types/model/KotlinTypeMarker;)Lorg/jetbrains/kotlin/types/model/TypeConstructorMarker; 526 0 81353 0 1280
ciMethod org/jetbrains/kotlin/resolve/calls/inference/model/NewConstraintSystemImpl lowerBoundIfFlexible (Lorg/jetbrains/kotlin/types/model/KotlinTypeMarker;)Lorg/jetbrains/kotlin/types/model/SimpleTypeMarker; 792 0 25285 0 480
ciMethod org/jetbrains/kotlin/resolve/calls/inference/model/NewConstraintSystemImpl isNullableAny (Lorg/jetbrains/kotlin/types/model/KotlinTypeMarker;)Z 22 0 234 0 0
ciMethod org/jetbrains/kotlin/resolve/calls/inference/model/NewConstraintSystemImpl checkState (Lorg/jetbrains/kotlin/resolve/calls/inference/model/NewConstraintSystemImpl$State;Lorg/jetbrains/kotlin/resolve/calls/inference/model/NewConstraintSystemImpl$State;Lorg/jetbrains/kotlin/resolve/calls/inference/model/NewConstraintSystemImpl$State;)V 518 0 6403 0 128
ciMethod org/jetbrains/kotlin/resolve/calls/inference/model/NewConstraintSystemImpl checkState ([Lorg/jetbrains/kotlin/resolve/calls/inference/model/NewConstraintSystemImpl$State;)V 0 0 1 0 -1
ciMethod org/jetbrains/kotlin/resolve/calls/inference/model/NewConstraintSystemImpl addSubtypeConstraint (Lorg/jetbrains/kotlin/types/model/KotlinTypeMarker;Lorg/jetbrains/kotlin/types/model/KotlinTypeMarker;Lorg/jetbrains/kotlin/resolve/calls/inference/model/ConstraintPosition;)V 370 0 8530 0 -1
ciMethod org/jetbrains/kotlin/resolve/calls/inference/model/NewConstraintSystemImpl addInitialConstraint (Lorg/jetbrains/kotlin/resolve/calls/inference/model/InitialConstraint;)V 512 0 10007 0 0
ciMethod org/jetbrains/kotlin/resolve/calls/inference/model/NewConstraintSystemImpl getNotFixedTypeVariables ()Ljava/util/Map; 594 0 183996 0 128
ciMethod org/jetbrains/kotlin/resolve/calls/inference/model/NewConstraintSystemImpl getTypeVariableDependencies ()Ljava/util/Map; 356 0 3866 0 0
ciMethod org/jetbrains/kotlin/resolve/calls/inference/model/NewConstraintSystemImpl addError (Lorg/jetbrains/kotlin/resolve/calls/inference/model/ConstraintSystemError;)V 58 0 978 0 0
ciMethod org/jetbrains/kotlin/resolve/calls/inference/model/NewConstraintSystemImpl recordTypeVariableReferenceInConstraint (Lorg/jetbrains/kotlin/types/model/TypeConstructorMarker;Lorg/jetbrains/kotlin/types/model/TypeConstructorMarker;)V 98 0 1096 0 0
ciMethod org/jetbrains/kotlin/resolve/calls/inference/model/MutableConstraintStorage getNotFixedTypeVariables ()Ljava/util/Map; 256 0 128 0 0
ciMethod org/jetbrains/kotlin/resolve/calls/inference/model/MutableConstraintStorage getTypeVariableDependencies ()Ljava/util/Map; 256 0 128 0 0
ciMethod org/jetbrains/kotlin/resolve/calls/inference/model/MutableConstraintStorage getInitialConstraints ()Ljava/util/List; 260 0 130 0 0
ciMethod org/jetbrains/kotlin/resolve/calls/inference/model/MutableConstraintStorage getErrors ()Ljava/util/List; 258 0 129 0 0
ciMethod org/jetbrains/kotlin/resolve/calls/inference/model/ConstraintPosition <init> ()V 768 0 18861 0 0
ciMethod org/jetbrains/kotlin/resolve/calls/inference/model/ConstraintPosition <init> (Lkotlin/jvm/internal/DefaultConstructorMarker;)V 768 0 18861 0 0
ciMethod org/jetbrains/kotlin/resolve/calls/inference/model/ConstraintKind isLower ()Z 320 0 12234 0 -1
ciMethod org/jetbrains/kotlin/resolve/calls/inference/model/ConstraintKind isUpper ()Z 218 0 1363 0 -1
ciMethod org/jetbrains/kotlin/resolve/calls/inference/model/InitialConstraint <init> (Lorg/jetbrains/kotlin/types/model/KotlinTypeMarker;Lorg/jetbrains/kotlin/types/model/KotlinTypeMarker;Lorg/jetbrains/kotlin/resolve/calls/inference/model/ConstraintKind;Lorg/jetbrains/kotlin/resolve/calls/inference/model/ConstraintPosition;)V 512 0 8448 0 1088
ciMethod org/jetbrains/kotlin/resolve/calls/inference/model/InitialConstraint getPosition ()Lorg/jetbrains/kotlin/resolve/calls/inference/model/ConstraintPosition; 270 0 135 0 0
ciMethod org/jetbrains/kotlin/resolve/calls/inference/components/ConstraintInjector$TypeCheckerStateForConstraintInjector <init> (Lorg/jetbrains/kotlin/resolve/calls/inference/components/ConstraintInjector;Lorg/jetbrains/kotlin/types/TypeCheckerState;Lorg/jetbrains/kotlin/resolve/calls/inference/components/ConstraintInjector$Context;Lorg/jetbrains/kotlin/resolve/calls/inference/model/IncorporationConstraintPosition;)V 768 0 8560 0 -1
ciMethod org/jetbrains/kotlin/resolve/calls/inference/components/ConstraintInjector$TypeCheckerStateForConstraintInjector withNullability (Lorg/jetbrains/kotlin/types/model/SimpleTypeMarker;Z)Lorg/jetbrains/kotlin/types/model/SimpleTypeMarker; 0 0 1 0 -1
ciMethod org/jetbrains/kotlin/resolve/calls/inference/components/ConstraintInjector$TypeCheckerStateForConstraintInjector isSimpleType (Lorg/jetbrains/kotlin/types/model/KotlinTypeMarker;)Z 0 0 1 0 -1
ciMethod org/jetbrains/kotlin/resolve/calls/inference/components/ConstraintInjector$TypeCheckerStateForConstraintInjector createFlexibleType (Lorg/jetbrains/kotlin/types/model/SimpleTypeMarker;Lorg/jetbrains/kotlin/types/model/SimpleTypeMarker;)Lorg/jetbrains/kotlin/types/model/KotlinTypeMarker; 0 0 1 0 -1
ciMethod org/jetbrains/kotlin/resolve/calls/inference/components/ConstraintInjector$TypeCheckerStateForConstraintInjector getPosition ()Lorg/jetbrains/kotlin/resolve/calls/inference/model/IncorporationConstraintPosition; 0 0 1 0 -1
ciMethod org/jetbrains/kotlin/resolve/calls/inference/components/ConstraintInjector$TypeCheckerStateForConstraintInjector <init> (Lorg/jetbrains/kotlin/resolve/calls/inference/components/ConstraintInjector;Lorg/jetbrains/kotlin/resolve/calls/inference/components/ConstraintInjector$Context;Lorg/jetbrains/kotlin/resolve/calls/inference/model/IncorporationConstraintPosition;)V 610 0 8560 0 5152
ciMethod org/jetbrains/kotlin/resolve/calls/inference/components/ConstraintInjector$TypeCheckerStateForConstraintInjector extractAllConstraints ()Ljava/util/List; 342 0 1472 0 160
ciMethod org/jetbrains/kotlin/resolve/calls/inference/components/ConstraintInjector$TypeCheckerStateForConstraintInjector extractForkPointsData ()Ljava/util/List; 776 0 1412 0 160
ciMethod org/jetbrains/kotlin/resolve/calls/inference/components/ConstraintInjector$TypeCheckerStateForConstraintInjector hasConstraintsToProcess ()Z 512 0 15536 0 0
ciMethod org/jetbrains/kotlin/resolve/calls/inference/components/ConstraintInjector$TypeCheckerStateForConstraintInjector setConstrainingTypesToPrintDebugInfo (Lorg/jetbrains/kotlin/types/model/KotlinTypeMarker;Lorg/jetbrains/kotlin/types/model/KotlinTypeMarker;)V 614 0 9236 0 0
ciMethod org/jetbrains/kotlin/resolve/calls/inference/components/ConstraintInjector$TypeCheckerStateForConstraintInjector runIsSubtypeOf (Lorg/jetbrains/kotlin/types/model/KotlinTypeMarker;Lorg/jetbrains/kotlin/types/model/KotlinTypeMarker;ZZ)V 512 0 5381 0 1376
ciMethod org/jetbrains/kotlin/resolve/calls/inference/components/ConstraintInjector$TypeCheckerStateForConstraintInjector runIsSubtypeOf$default (Lorg/jetbrains/kotlin/resolve/calls/inference/components/ConstraintInjector$TypeCheckerStateForConstraintInjector;Lorg/jetbrains/kotlin/types/model/KotlinTypeMarker;Lorg/jetbrains/kotlin/types/model/KotlinTypeMarker;ZZILjava/lang/Object;)V 516 0 7457 0 0
ciMethod org/jetbrains/kotlin/resolve/calls/inference/components/ConstraintInjector$TypeCheckerStateForConstraintInjector fixedTypeVariable (Lorg/jetbrains/kotlin/types/model/TypeVariableMarker;)Ljava/lang/Void; 0 0 1 0 -1
ciMethod org/jetbrains/kotlin/resolve/calls/inference/components/ConstraintInjector$TypeCheckerStateForConstraintInjector runIsSubtypeOf$isSubtypeOf (Lorg/jetbrains/kotlin/resolve/calls/inference/components/ConstraintInjector$TypeCheckerStateForConstraintInjector;Lorg/jetbrains/kotlin/types/model/KotlinTypeMarker;ZLorg/jetbrains/kotlin/types/model/KotlinTypeMarker;)Z 512 0 5381 0 0
ciMethod org/jetbrains/kotlin/resolve/calls/inference/model/IncorporationConstraintPosition <init> (Lorg/jetbrains/kotlin/resolve/calls/inference/model/InitialConstraint;Z)V 610 0 10028 0 0
ciMethod org/jetbrains/kotlin/resolve/calls/inference/model/IncorporationConstraintPosition <init> (Lorg/jetbrains/kotlin/resolve/calls/inference/model/InitialConstraint;ZILkotlin/jvm/internal/DefaultConstructorMarker;)V 610 0 10007 0 0
ciMethod org/jetbrains/kotlin/resolve/calls/inference/model/IncorporationConstraintPosition getFrom ()Lorg/jetbrains/kotlin/resolve/calls/inference/model/ConstraintPosition; 514 0 103391 0 96
ciMethod org/jetbrains/kotlin/resolve/calls/inference/InferenceUtilsKt extractAllContainingTypeVariables (Lorg/jetbrains/kotlin/types/model/TypeSystemInferenceExtensionContext;Lorg/jetbrains/kotlin/types/model/KotlinTypeMarker;)Ljava/util/Set; 520 0 19870 0 3328
ciMethod org/jetbrains/kotlin/resolve/calls/inference/InferenceUtilsKt extractAllContainingTypeVariablesNoCaptureTypeProcessing (Lorg/jetbrains/kotlin/types/model/TypeSystemInferenceExtensionContext;Lorg/jetbrains/kotlin/types/model/KotlinTypeMarker;Ljava/util/Set;)V 520 0 19875 0 -1
ciMethodData org/jetbrains/kotlin/resolve/calls/inference/model/NewConstraintSystemImpl checkState (Lorg/jetbrains/kotlin/resolve/calls/inference/model/NewConstraintSystemImpl$State;Lorg/jetbrains/kotlin/resolve/calls/inference/model/NewConstraintSystemImpl$State;Lorg/jetbrains/kotlin/resolve/calls/inference/model/NewConstraintSystemImpl$State;)V 2 6403 orig 80 0 0 0 0 0 0 0 0 0 0 0 0 147 2 0 0 0 0 0 0 0 0 0 0 0 0 0 0 0 0 0 0 0 0 0 0 0 0 0 0 0 0 0 0 0 0 0 0 0 0 0 0 0 0 0 0 0 0 0 0 0 0 0 0 0 0 0 0 0 0 0 0 0 0 0 0 0 0 0 0 data 39 0x30007 0x0 0x20 0x1800 0x120004 0x0 0x0 0x0 0x0 0x0 0x0 0x170004 0x0 0x0 0x0 0x0 0x0 0x0 0x1c0004 0x0 0x0 0x0 0x0 0x0 0x0 0x1f0002 0x0 0x0 0x0 0x0 0x0 0x0 0x0 0x9 0x4 0x0 0x0 0x0 0x0 oops 0 methods 0
ciMethod org/jetbrains/kotlin/fir/types/ConeTypeVariable getTypeConstructor ()Lorg/jetbrains/kotlin/fir/types/ConeTypeVariableTypeConstructor; 270 0 135 0 0
ciMethod org/jetbrains/kotlin/resolve/calls/inference/model/MutableVariableWithConstraints getConstraints ()Ljava/util/List; 554 0 93171 0 -1
ciMethod org/jetbrains/kotlin/resolve/calls/inference/model/MutableVariableWithConstraints clearGroupedConstraintCaches ()V 452 0 50063 0 -1
ciMethod org/jetbrains/kotlin/resolve/calls/inference/model/MutableVariableWithConstraints getConstraintsWithSameTypeHashCode (Lorg/jetbrains/kotlin/resolve/calls/inference/model/Constraint;)Ljava/util/List; 770 242 4941 0 -1
ciMethod org/jetbrains/kotlin/resolve/calls/inference/model/MutableVariableWithConstraints addConstraint (Lorg/jetbrains/kotlin/resolve/calls/inference/model/Constraint;)Lkotlin/Pair; 770 168 7831 0 -1
ciMethod org/jetbrains/kotlin/resolve/calls/inference/model/MutableVariableWithConstraints addConstraintToCacheByTypeHashCode (Lorg/jetbrains/kotlin/resolve/calls/inference/model/Constraint;)V 520 0 4321 0 -1
ciMethod org/jetbrains/kotlin/resolve/calls/inference/model/MutableVariableWithConstraints newConstraintIsUseless (Lorg/jetbrains/kotlin/resolve/calls/inference/model/Constraint;Lorg/jetbrains/kotlin/resolve/calls/inference/model/Constraint;)Z 382 0 4133 0 -1
ciMethod org/jetbrains/kotlin/resolve/calls/inference/model/MutableVariableWithConstraints isLowerAndFlexibleTypeWithDefNotNullLowerBound (Lorg/jetbrains/kotlin/resolve/calls/inference/model/Constraint;)Z 4130 0 7314 0 -1
ciMethod org/jetbrains/kotlin/resolve/calls/inference/model/MutableVariableWithConstraints isStrongerThanLowerAndFlexibleTypeWithDefNotNullLowerBound (Lorg/jetbrains/kotlin/resolve/calls/inference/model/Constraint;Lorg/jetbrains/kotlin/resolve/calls/inference/model/Constraint;)Z 0 0 1 0 -1
ciMethod org/jetbrains/kotlin/resolve/calls/inference/model/Constraint <init> (Lorg/jetbrains/kotlin/resolve/calls/inference/model/ConstraintKind;Lorg/jetbrains/kotlin/types/model/KotlinTypeMarker;Lorg/jetbrains/kotlin/resolve/calls/inference/model/IncorporationConstraintPosition;ILjava/util/Set;ZLorg/jetbrains/kotlin/resolve/calls/inference/model/OnlyInputTypeConstraintPosition;ILkotlin/jvm/internal/DefaultConstructorMarker;)V 516 0 8037 0 -1
ciMethod org/jetbrains/kotlin/resolve/calls/inference/model/Constraint getKind ()Lorg/jetbrains/kotlin/resolve/calls/inference/model/ConstraintKind; 256 0 128 0 0
ciMethod org/jetbrains/kotlin/resolve/calls/inference/model/Constraint getType ()Lorg/jetbrains/kotlin/types/model/KotlinTypeMarker; 256 0 128 0 0
ciMethod org/jetbrains/kotlin/resolve/calls/inference/model/Constraint getPosition ()Lorg/jetbrains/kotlin/resolve/calls/inference/model/IncorporationConstraintPosition; 256 0 128 0 0
ciMethod org/jetbrains/kotlin/resolve/calls/inference/model/Constraint getTypeHashCode ()I 258 0 129 0 -1
ciMethod org/jetbrains/kotlin/resolve/calls/inference/model/Constraint getDerivedFrom ()Ljava/util/Set; 258 0 129 0 -1
ciMethod org/jetbrains/kotlin/resolve/calls/inference/model/Constraint isNullabilityConstraint ()Z 290 0 145 0 0
ciMethod org/jetbrains/kotlin/resolve/calls/inference/components/VariableFixationFinderKt extractProjectionsForAllCapturedTypes (Lorg/jetbrains/kotlin/types/model/TypeSystemInferenceExtensionContext;Lorg/jetbrains/kotlin/types/model/KotlinTypeMarker;)Ljava/util/Set; 514 0 7677 0 -1
ciMethod org/jetbrains/kotlin/resolve/calls/inference/model/FixVariableConstraintPosition getVariable ()Lorg/jetbrains/kotlin/types/model/TypeVariableMarker; 170 0 85 0 0
ciMethodData org/jetbrains/kotlin/resolve/calls/inference/model/NewConstraintSystemImpl typeConstructor (Lorg/jetbrains/kotlin/types/model/KotlinTypeMarker;)Lorg/jetbrains/kotlin/types/model/TypeConstructorMarker; 2 81353 orig 80 1 0 0 0 0 0 0 0 0 0 0 0 147 2 0 0 0 0 0 0 0 0 0 0 0 0 0 0 0 0 0 0 0 0 0 0 0 0 0 0 0 0 0 0 0 0 0 0 0 0 0 0 0 0 0 0 0 0 0 0 0 0 0 0 0 0 0 0 0 0 0 0 0 0 0 0 0 0 0 0 data 26 0x40002 0x13cc2 0xb0004 0x0 0x0 0x293caa62c20 0x13cc2 0x0 0x0 0xf0005 0x0 0x0 0x293caa62c20 0x13cc2 0x0 0x0 0x0 0x0 0x0 0x0 0x0 0x0 0x9 0x2 0x0 0xffffffffffffffff oops 2 5 org/jetbrains/kotlin/fir/types/TypeComponents$typeContext$1 12 org/jetbrains/kotlin/fir/types/TypeComponents$typeContext$1 methods 0
ciMethodData org/jetbrains/kotlin/resolve/calls/inference/model/NewConstraintSystemImpl getNotFixedTypeVariables ()Ljava/util/Map; 2 183996 orig 80 0 0 0 0 0 0 0 0 0 0 0 0 147 2 0 0 0 0 0 0 0 0 0 0 0 0 0 0 0 0 0 0 0 0 0 0 0 0 0 0 0 0 0 0 0 0 0 0 0 0 0 0 0 0 0 0 0 0 0 0 0 0 0 0 0 0 0 0 0 0 0 0 0 0 0 0 0 0 0 0 data 18 0xa0002 0x2cd93 0x110005 0x2cd93 0x0 0x0 0x0 0x0 0x0 0x0 0x0 0x0 0x0 0x0 0x0 0x9 0x1 0x0 oops 0 methods 0
ciMethodData org/jetbrains/kotlin/resolve/calls/inference/model/IncorporationConstraintPosition getFrom ()Lorg/jetbrains/kotlin/resolve/calls/inference/model/ConstraintPosition; 2 103391 orig 80 0 0 0 0 0 0 0 0 0 0 0 0 147 2 0 0 0 0 0 0 0 0 0 0 0 0 0 0 0 0 0 0 0 0 0 0 0 0 0 0 0 0 0 0 0 0 0 0 0 0 0 0 0 0 0 0 0 0 0 0 0 0 0 0 0 0 0 0 0 0 0 0 0 0 0 0 0 0 0 0 data 16 0x40005 0x192de 0x0 0x0 0x0 0x0 0x0 0x0 0x0 0x0 0x0 0x0 0x0 0x9 0x1 0x0 oops 0 methods 0
ciMethodData org/jetbrains/kotlin/types/AbstractTypeChecker isSubtypeOf (Lorg/jetbrains/kotlin/types/TypeCheckerState;Lorg/jetbrains/kotlin/types/model/KotlinTypeMarker;Lorg/jetbrains/kotlin/types/model/KotlinTypeMarker;Z)Z 2 8476 orig 80 0 0 0 0 0 0 0 0 0 0 0 0 147 2 0 0 0 0 0 0 0 0 0 0 0 0 0 0 0 0 0 0 0 0 0 0 0 0 0 0 0 0 0 0 0 0 0 0 0 0 0 0 0 0 0 0 0 0 0 0 0 0 0 0 0 0 0 0 0 0 0 0 0 0 0 0 0 0 0 0 data 36 0x30002 0x201c 0x90002 0x201c 0xf0002 0x201c 0x140007 0x1f67 0x20 0xb5 0x1c0005 0x0 0x0 0x293cb3b4d50 0x1125 0x293d395e7b0 0xe42 0x1f0007 0x1f67 0x20 0x0 0x2a0002 0x1f67 0x0 0x0 0x0 0x0 0x0 0x0 0x9 0x5 0x0 0x0 0x0 0x0 0x0 oops 2 13 org/jetbrains/kotlin/resolve/calls/inference/components/ConstraintInjector$TypeCheckerStateForConstraintInjector 15 org/jetbrains/kotlin/types/TypeCheckerState methods 0
ciMethodData org/jetbrains/kotlin/types/TypeCheckerState customIsSubtypeOf (Lorg/jetbrains/kotlin/types/model/KotlinTypeMarker;Lorg/jetbrains/kotlin/types/model/KotlinTypeMarker;)Z 2 8269 orig 80 0 0 0 0 0 0 0 0 0 0 0 0 147 2 0 0 0 0 0 0 0 0 0 0 0 0 0 0 0 0 0 0 0 0 0 0 0 0 0 0 0 0 0 0 0 0 0 0 0 0 0 0 0 0 0 0 0 0 0 0 0 0 0 0 0 0 0 0 0 0 0 0 0 0 0 0 0 0 0 0 data 15 0x30002 0x1f68 0x90002 0x1f68 0x0 0x0 0x0 0x0 0x0 0x0 0x9 0x3 0x0 0x0 0x0 oops 0 methods 0
ciMethodData org/jetbrains/kotlin/types/AbstractTypeChecker completeIsSubTypeOf (Lorg/jetbrains/kotlin/types/TypeCheckerState;Lorg/jetbrains/kotlin/types/model/KotlinTypeMarker;Lorg/jetbrains/kotlin/types/model/KotlinTypeMarker;Z)Z 2 9587 orig 80 2 0 0 0 0 0 0 0 0 0 0 0 147 2 0 0 0 0 0 0 4 0 0 0 0 0 0 0 0 0 0 0 0 0 0 0 0 0 0 0 0 0 0 0 0 0 0 0 0 0 0 0 0 0 0 0 0 0 0 0 0 0 0 0 0 0 0 0 0 0 0 0 0 0 0 0 0 0 0 0 data 116 0x10005 0x1d08 0x0 0x0 0x0 0x0 0x0 0xc0005 0x1d08 0x0 0x0 0x0 0x0 0x0 0xf0005 0x1d08 0x0 0x0 0x0 0x0 0x0 0x170005 0x1d08 0x0 0x0 0x0 0x0 0x0 0x1a0005 0x1d08 0x0 0x0 0x0 0x0 0x0 0x270005 0x0 0x0 0x293d2168760 0xf5c 0x293caa62c20 0xdb0 0x300005 0x0 0x0 0x293d2168760 0xf5c 0x293caa62c20 0xdb0 0x350002 0x1d0c 0x390007 0x1d05 0x90 0x7 0x3c0005 0x7 0x0 0x0 0x0 0x0 0x0 0x80000004004b0005 0x0 0x0 0x293cb3b4d50 0x2 0x293d395e7b0 0x9 0x5a0005 0x0 0x0 0x293cb3b4d50 0xf5a 0x293d395e7b0 0xdab 0x5e0007 0x14ae 0x58 0x858 0x610005 0x858 0x0 0x0 0x0 0x0 0x0 0x750005 0x0 0x0 0x293d2168760 0x703 0x293caa62c20 0xdab 0x7e0005 0x0 0x0 0x293d2168760 0x703 0x293caa62c20 0xdab 0x830002 0x14ae 0x0 0x0 0x0 0x0 0x0 0x0 0x9 0x5 0x0 0xffffffffffffffff 0x0 0x0 0x0 oops 12 38 org/jetbrains/kotlin/resolve/calls/inference/model/NewConstraintSystemImpl 40 org/jetbrains/kotlin/fir/types/TypeComponents$typeContext$1 45 org/jetbrains/kotlin/resolve/calls/inference/model/NewConstraintSystemImpl 47 org/jetbrains/kotlin/fir/types/TypeComponents$typeContext$1 65 org/jetbrains/kotlin/resolve/calls/inference/components/ConstraintInjector$TypeCheckerStateForConstraintInjector 67 org/jetbrains/kotlin/types/TypeCheckerState 72 org/jetbrains/kotlin/resolve/calls/inference/components/ConstraintInjector$TypeCheckerStateForConstraintInjector 74 org/jetbrains/kotlin/types/TypeCheckerState 90 org/jetbrains/kotlin/resolve/calls/inference/model/NewConstraintSystemImpl 92 org/jetbrains/kotlin/fir/types/TypeComponents$typeContext$1 97 org/jetbrains/kotlin/resolve/calls/inference/model/NewConstraintSystemImpl 99 org/jetbrains/kotlin/fir/types/TypeComponents$typeContext$1 methods 0
ciMethod org/jetbrains/kotlin/resolve/calls/inference/model/NewConstraintError <init> (Lorg/jetbrains/kotlin/types/model/KotlinTypeMarker;Lorg/jetbrains/kotlin/types/model/KotlinTypeMarker;Lorg/jetbrains/kotlin/resolve/calls/inference/model/IncorporationConstraintPosition;)V 58 0 978 0 0
ciMethod org/jetbrains/kotlin/resolve/calls/inference/model/ConstraintSystemError <init> (Lorg/jetbrains/kotlin/resolve/calls/tower/CandidateApplicability;)V 512 0 978 0 0
ciMethod org/jetbrains/kotlin/resolve/calls/inference/model/ConstraintSystemError <init> (Lorg/jetbrains/kotlin/resolve/calls/tower/CandidateApplicability;Lkotlin/jvm/internal/DefaultConstructorMarker;)V 512 0 978 0 0
ciMethodData org/jetbrains/kotlin/config/MavenComparableVersion$IntegerItem compareTo (Lorg/jetbrains/kotlin/config/MavenComparableVersion$Item;)I 2 3173 orig 80 0 0 0 0 0 0 0 0 0 0 0 0 147 2 0 0 0 0 0 0 0 0 0 0 0 0 0 0 0 0 0 0 0 0 0 0 0 0 0 0 0 0 0 0 0 0 0 0 0 0 0 0 0 0 0 0 0 0 0 0 0 0 0 0 0 0 0 0 0 0 0 0 0 0 0 0 0 0 0 0 data 91 0x10007 0xae5 0x90 0x0 0xb0005 0x0 0x0 0x0 0x0 0x0 0x0 0xe0007 0x0 0x38 0x0 0x120003 0x0 0x18 0x180005 0x0 0x0 0x293cbb6ac80 0xae5 0x0 0x0 0x1d0008 0x8 0x0 0xc0 0xae5 0x50 0x0 0xc0 0x0 0xc0 0x3d0004 0x0 0x0 0x293cbb6ac80 0xae5 0x0 0x0 0x430005 0x0 0x0 0x293d05da2b0 0xae5 0x0 0x0 0x530002 0x0 0x580005 0x0 0x0 0x0 0x0 0x0 0x0 0x5c0005 0x0 0x0 0x0 0x0 0x0 0x0 0x5f0005 0x0 0x0 0x0 0x0 0x0 0x0 0x620005 0x0 0x0 0x0 0x0 0x0 0x0 0x650002 0x0 0x0 0x0 0x0 0x0 0x0 0x0 0x9 0x2 0x0 0x0 oops 3 21 org/jetbrains/kotlin/config/MavenComparableVersion$IntegerItem 38 org/jetbrains/kotlin/config/MavenComparableVersion$IntegerItem 45 java/math/BigInteger methods 0
ciMethodData org/jetbrains/kotlin/resolve/calls/inference/model/NewConstraintSystemImpl lowerBoundIfFlexible (Lorg/jetbrains/kotlin/types/model/KotlinTypeMarker;)Lorg/jetbrains/kotlin/types/model/SimpleTypeMarker; 2 25285 orig 80 0 0 0 0 0 0 0 0 0 0 0 0 147 2 0 0 0 0 0 0 0 0 0 0 0 0 0 0 0 0 0 0 0 0 0 0 0 0 0 0 0 0 0 0 0 0 0 0 0 0 0 0 0 0 0 0 0 0 0 0 0 0 0 0 0 0 0 0 0 0 0 0 0 0 0 0 0 0 0 0 data 26 0x40002 0x6139 0xb0004 0x0 0x0 0x293caa62c20 0x6139 0x0 0x0 0xf0005 0x0 0x0 0x293caa62c20 0x6139 0x0 0x0 0x0 0x0 0x0 0x0 0x0 0x0 0x9 0x2 0x0 0xffffffffffffffff oops 2 5 org/jetbrains/kotlin/fir/types/TypeComponents$typeContext$1 12 org/jetbrains/kotlin/fir/types/TypeComponents$typeContext$1 methods 0
ciMethodData org/jetbrains/kotlin/resolve/calls/inference/model/NewConstraintSystemImpl freshTypeConstructor (Lorg/jetbrains/kotlin/types/model/TypeVariableMarker;)Lorg/jetbrains/kotlin/types/model/TypeConstructorMarker; 2 49810 orig 80 1 0 0 0 0 0 0 0 0 0 0 0 147 2 0 0 0 0 0 0 0 0 0 0 0 0 0 0 0 0 0 0 0 0 0 0 0 0 0 0 0 0 0 0 0 0 0 0 0 0 0 0 0 0 0 0 0 0 0 0 0 0 0 0 0 0 0 0 0 0 0 0 0 0 0 0 0 0 0 0 data 19 0x40002 0xc10b 0xc0005 0x0 0x0 0x293caa62c20 0xc10b 0x0 0x0 0x0 0x0 0x0 0x0 0x0 0x0 0x9 0x2 0x0 0x0 oops 1 5 org/jetbrains/kotlin/fir/types/TypeComponents$typeContext$1 methods 0
ciMethodData org/jetbrains/kotlin/fir/types/ConeInferenceContext freshTypeConstructor (Lorg/jetbrains/kotlin/types/model/TypeVariableMarker;)Lorg/jetbrains/kotlin/types/model/TypeConstructorMarker; 2 17055 orig 80 1 0 0 0 6 0 0 0 0 0 0 0 147 2 0 0 0 0 0 0 11 0 0 0 0 0 0 0 0 0 0 0 0 0 0 0 0 0 0 0 0 0 0 0 0 0 0 0 0 0 0 0 0 0 0 0 0 0 0 0 0 0 0 0 0 0 0 0 0 0 0 0 0 0 0 0 0 0 0 0 data 53 0x40002 0x4118 0x8000000400080004 0x0 0x0 0x293d37d22b0 0x4052 0x293d37d2360 0xd1 0xb0007 0x4123 0x68 0x0 0x170005 0x0 0x0 0x0 0x0 0x0 0x0 0x1a0002 0x0 0x1f0004 0x0 0x0 0x293d37d22b0 0x4052 0x293d37d2360 0xd1 0x220005 0x4123 0x0 0x0 0x0 0x0 0x0 0x250004 0x0 0x0 0x293d202f760 0x2b 0x0 0x0 0x0 0x0 0x0 0x0 0x0 0x0 0x9 0x2 0x0 0x0 oops 5 5 org/jetbrains/kotlin/fir/resolve/inference/ConeTypeParameterBasedTypeVariable 7 org/jetbrains/kotlin/fir/resolve/inference/ConeTypeVariableForLambdaReturnType 25 org/jetbrains/kotlin/fir/resolve/inference/ConeTypeParameterBasedTypeVariable 27 org/jetbrains/kotlin/fir/resolve/inference/ConeTypeVariableForLambdaReturnType 39 org/jetbrains/kotlin/fir/types/ConeTypeVariableTypeConstructor methods 0
ciMethodData org/jetbrains/kotlin/resolve/calls/inference/components/ConstraintInjector$TypeCheckerStateForConstraintInjector hasConstraintsToProcess ()Z 2 15536 orig 80 0 0 0 0 0 0 0 0 0 0 0 0 147 2 0 0 0 0 0 0 0 0 0 0 0 0 0 0 0 0 0 0 0 0 0 0 0 0 0 0 0 0 0 0 0 0 0 0 0 0 0 0 0 0 0 0 0 0 0 0 0 0 0 0 0 0 0 0 0 0 0 0 0 0 0 0 0 0 0 0 data 16 0x40007 0x2930 0x38 0x1280 0x80003 0x1280 0x18 0x0 0x0 0x0 0x0 0x0 0x0 0x9 0x1 0x0 oops 0 methods 0
ciMethodData org/jetbrains/kotlin/types/model/MarkerExtensionsKt freshTypeConstructor (Lorg/jetbrains/kotlin/types/model/TypeVariableMarker;Lorg/jetbrains/kotlin/types/model/TypeSystemInferenceExtensionContext;)Lorg/jetbrains/kotlin/types/model/TypeConstructorMarker; 2 57815 orig 80 0 0 0 0 0 0 0 0 0 0 0 0 147 2 0 0 0 0 0 0 0 0 0 0 0 0 0 0 0 0 0 0 0 0 0 0 0 0 0 0 0 0 0 0 0 0 0 0 0 0 0 0 0 0 0 0 0 0 0 0 0 0 0 0 0 0 0 0 0 0 0 0 0 0 0 0 0 0 0 0 data 21 0x30002 0xe0d4 0x90002 0xe0d4 0x120005 0x0 0x0 0x293d2168760 0x5c64 0x293cb3b4d50 0x8470 0x0 0x0 0x0 0x0 0x0 0x0 0x9 0x2 0x0 0x0 oops 2 7 org/jetbrains/kotlin/resolve/calls/inference/model/NewConstraintSystemImpl 9 org/jetbrains/kotlin/resolve/calls/inference/components/ConstraintInjector$TypeCheckerStateForConstraintInjector methods 0
ciMethodData org/jetbrains/kotlin/resolve/calls/inference/model/ConstraintPosition <init> (Lkotlin/jvm/internal/DefaultConstructorMarker;)V 2 18861 orig 80 0 0 0 0 0 0 0 0 0 0 0 0 147 2 0 0 0 0 0 0 0 0 0 0 0 0 0 0 0 0 0 0 0 0 0 0 0 0 0 0 0 0 0 0 0 0 0 0 0 0 0 0 0 0 0 0 0 0 0 0 0 0 0 0 0 0 0 0 0 0 0 0 0 0 0 0 0 0 0 0 data 8 0x10002 0x482d 0x0 0x0 0x9 0x2 0x0 0x0 oops 0 methods 0
ciMethodData org/jetbrains/kotlin/resolve/calls/inference/model/ConstraintPosition <init> ()V 2 18861 orig 80 0 0 0 0 0 0 0 0 0 0 0 0 147 2 0 0 0 0 0 0 0 0 0 0 0 0 0 0 0 0 0 0 0 0 0 0 0 0 0 0 0 0 0 0 0 0 0 0 0 0 0 0 0 0 0 0 0 0 0 0 0 0 0 0 0 0 0 0 0 0 0 0 0 0 0 0 0 0 0 0 data 7 0x10002 0x482d 0x0 0x0 0x9 0x1 0x0 oops 0 methods 0
ciMethodData org/jetbrains/kotlin/resolve/calls/inference/components/ConstraintInjector updateAllowedTypeDepth (Lorg/jetbrains/kotlin/resolve/calls/inference/components/ConstraintInjector$Context;Lorg/jetbrains/kotlin/types/model/KotlinTypeMarker;)V 2 8408 orig 80 1 0 0 0 0 0 0 0 0 0 0 0 147 2 0 0 0 0 0 0 0 0 0 0 0 0 0 0 0 0 0 0 0 0 0 0 0 0 0 0 0 0 0 0 0 0 0 0 0 0 0 0 0 0 0 0 0 0 0 0 0 0 0 0 0 0 0 0 0 0 0 0 0 0 0 0 0 0 0 0 data 34 0x70005 0x0 0x0 0x293d2168760 0x1f53 0x0 0x0 0xe0005 0x0 0x0 0x293d2168760 0x1f53 0x0 0x0 0x130002 0x1f57 0x160005 0x0 0x0 0x293d2168760 0x1f57 0x0 0x0 0x0 0x0 0x0 0x0 0x0 0x0 0x9 0x3 0x0 0xffffffffffffffff 0xffffffffffffffff oops 3 3 org/jetbrains/kotlin/resolve/calls/inference/model/NewConstraintSystemImpl 10 org/jetbrains/kotlin/resolve/calls/inference/model/NewConstraintSystemImpl 19 org/jetbrains/kotlin/resolve/calls/inference/model/NewConstraintSystemImpl methods 0
ciMethodData org/jetbrains/kotlin/resolve/calls/inference/model/NewConstraintSystemImpl isMarkedNullable (Lorg/jetbrains/kotlin/types/model/SimpleTypeMarker;)Z 2 6597 orig 80 0 0 0 0 0 0 0 0 0 0 0 0 147 2 0 0 0 0 0 0 0 0 0 0 0 0 0 0 0 0 0 0 0 0 0 0 0 0 0 0 0 0 0 0 0 0 0 0 0 0 0 0 0 0 0 0 0 0 0 0 0 0 0 0 0 0 0 0 0 0 0 0 0 0 0 0 0 0 0 0 data 26 0x40002 0x1845 0xb0004 0x0 0x0 0x293caa62c20 0x1845 0x0 0x0 0xf0005 0x0 0x0 0x293caa62c20 0x1845 0x0 0x0 0x0 0x0 0x0 0x0 0x0 0x0 0x9 0x2 0x0 0xffffffffffffffff oops 2 5 org/jetbrains/kotlin/fir/types/TypeComponents$typeContext$1 12 org/jetbrains/kotlin/fir/types/TypeComponents$typeContext$1 methods 0
ciMethodData org/jetbrains/kotlin/resolve/calls/inference/model/NewConstraintSystemImpl addSubtypeConstraint (Lorg/jetbrains/kotlin/types/model/KotlinTypeMarker;Lorg/jetbrains/kotlin/types/model/KotlinTypeMarker;Lorg/jetbrains/kotlin/resolve/calls/inference/model/ConstraintPosition;)V 2 8530 orig 80 0 0 0 0 0 0 0 0 0 0 0 0 147 2 0 0 0 0 0 0 0 0 0 0 0 0 0 0 0 0 0 0 0 0 0 0 0 0 0 0 0 0 0 0 0 0 0 0 0 0 0 0 0 0 0 0 0 0 0 0 0 0 0 0 0 0 0 0 0 0 0 0 0 0 0 0 0 0 0 0 data 41 0x40002 0x2099 0xb0002 0x2099 0x120002 0x2099 0x1e0004 0x0 0x0 0x293d2168760 0x101 0x0 0x0 0x330002 0x2099 0x3a0004 0x0 0x0 0x293d2168760 0x101 0x0 0x0 0x400005 0x2099 0x0 0x0 0x0 0x0 0x0 0x0 0x0 0x0 0x0 0x0 0x0 0x9 0x4 0x0 0x0 0x0 0x0 oops 2 9 org/jetbrains/kotlin/resolve/calls/inference/model/NewConstraintSystemImpl 18 org/jetbrains/kotlin/resolve/calls/inference/model/NewConstraintSystemImpl methods 0
ciMethodData org/jetbrains/kotlin/resolve/calls/inference/model/InitialConstraint <init> (Lorg/jetbrains/kotlin/types/model/KotlinTypeMarker;Lorg/jetbrains/kotlin/types/model/KotlinTypeMarker;Lorg/jetbrains/kotlin/resolve/calls/inference/model/ConstraintKind;Lorg/jetbrains/kotlin/resolve/calls/inference/model/ConstraintPosition;)V 2 8448 orig 80 0 0 0 0 0 0 0 0 0 0 0 0 147 2 0 0 0 0 0 0 0 0 0 0 0 0 0 0 0 0 0 0 0 0 0 0 0 0 0 0 0 0 0 0 0 0 0 0 0 0 0 0 0 0 0 0 0 0 0 0 0 0 0 0 0 0 0 0 0 0 0 0 0 0 0 0 0 0 0 0 data 23 0x30002 0x2000 0x90002 0x2000 0xf0002 0x2000 0x160002 0x2000 0x1a0002 0x2000 0x0 0x0 0x0 0x0 0x0 0x0 0x9 0x5 0xe 0x0 0x0 0x0 0x0 oops 0 methods 0
ciMethodData org/jetbrains/kotlin/resolve/calls/inference/model/NewConstraintSystemImpl addInitialConstraint (Lorg/jetbrains/kotlin/resolve/calls/inference/model/InitialConstraint;)V 2 10007 orig 80 0 0 0 0 0 0 0 0 0 0 0 0 147 2 0 0 0 0 0 0 0 0 0 0 0 0 0 0 0 0 0 0 0 0 0 0 0 0 0 0 0 0 0 0 0 0 0 0 0 0 0 0 0 0 0 0 0 0 0 0 0 0 0 0 0 0 0 0 0 0 0 0 0 0 0 0 0 0 0 0 data 28 0x40002 0x2617 0x110002 0x2617 0x180005 0x2617 0x0 0x0 0x0 0x0 0x0 0x1c0005 0x0 0x0 0x293cb3ba250 0x2617 0x0 0x0 0x0 0x0 0x0 0x0 0x0 0x0 0x9 0x2 0x0 0x0 oops 1 14 org/jetbrains/kotlin/utils/SmartList methods 0
ciMethodData org/jetbrains/kotlin/resolve/calls/inference/components/ConstraintInjector processConstraints$default (Lorg/jetbrains/kotlin/resolve/calls/inference/components/ConstraintInjector;Lorg/jetbrains/kotlin/resolve/calls/inference/components/ConstraintInjector$Context;Lorg/jetbrains/kotlin/resolve/calls/inference/components/ConstraintInjector$TypeCheckerStateForConstraintInjector;ZILjava/lang/Object;)Ljava/util/List; 2 10249 orig 80 0 0 0 0 0 0 0 0 0 0 0 0 147 2 0 0 0 0 0 0 0 0 0 0 0 0 0 0 0 0 0 0 0 0 0 0 0 0 0 0 0 0 0 0 0 0 0 0 0 0 0 0 0 0 0 0 0 0 0 0 0 0 0 0 0 0 0 0 0 0 0 0 0 0 0 0 0 0 0 0 data 16 0x40007 0x0 0x20 0x2709 0xd0002 0x2709 0x0 0x0 0x9 0x6 0xffffffffffffffff 0xffffffffffffffff 0xffffffffffffffff 0x0 0x0 0x0 oops 0 methods 0
ciMethodData org/jetbrains/kotlin/resolve/calls/inference/components/ConstraintInjector processConstraints (Lorg/jetbrains/kotlin/resolve/calls/inference/components/ConstraintInjector$Context;Lorg/jetbrains/kotlin/resolve/calls/inference/components/ConstraintInjector$TypeCheckerStateForConstraintInjector;Z)Ljava/util/List; 2 10311 orig 80 1 0 0 0 0 0 0 0 0 0 0 0 147 2 0 0 0 0 0 0 0 0 0 0 0 0 0 0 0 0 0 0 0 0 0 0 0 0 0 0 0 0 0 0 0 0 0 0 0 0 0 0 0 0 0 0 0 0 0 0 0 0 0 0 0 0 0 0 0 0 0 0 0 0 0 0 0 0 0 0 data 118 0x40002 0x2747 0x110005 0x2748 0x0 0x0 0x0 0x0 0x0 0x150007 0x2748 0x308 0x0 0x1f0004 0x0 0x0 0x0 0x0 0x0 0x0 0x250005 0x0 0x0 0x0 0x0 0x0 0x0 0x2a0004 0x0 0x0 0x0 0x0 0x0 0x0 0x340005 0x0 0x0 0x0 0x0 0x0 0x0 0x3d0005 0x0 0x0 0x0 0x0 0x0 0x0 0x420007 0x0 0x128 0x0 0x470005 0x0 0x0 0x0 0x0 0x0 0x0 0x520004 0x0 0x0 0x0 0x0 0x0 0x0 0x5d0005 0x0 0x0 0x0 0x0 0x0 0x0 0x620002 0x0 0x680005 0x0 0x0 0x0 0x0 0x0 0x0 0x6e0003 0x0 0xfffffffffffffeb8 0x730005 0x0 0x0 0x0 0x0 0x0 0x0 0x780007 0x0 0x58 0x0 0x7c0005 0x0 0x0 0x0 0x0 0x0 0x0 0x820003 0x0 0x18 0x0 0x0 0x0 0x0 0x0 0x0 0x9 0x4 0xffffffffffffffff 0xffffffffffffffff 0xffffffffffffffff 0x0 oops 0 methods 0
ciMethodData org/jetbrains/kotlin/resolve/calls/inference/components/ConstraintInjector$TypeCheckerStateForConstraintInjector runIsSubtypeOf (Lorg/jetbrains/kotlin/types/model/KotlinTypeMarker;Lorg/jetbrains/kotlin/types/model/KotlinTypeMarker;ZZ)V 2 5381 orig 80 0 0 0 0 0 0 0 0 0 0 0 0 147 2 0 0 0 0 0 0 0 0 0 0 0 0 0 0 0 0 0 0 0 0 0 0 0 0 0 0 0 0 0 0 0 0 0 0 0 0 0 0 0 0 0 0 0 0 0 0 0 0 0 0 0 0 0 0 0 0 0 0 0 0 0 0 0 0 0 0 data 127 0x40002 0x1405 0xb0002 0x1405 0x130002 0x1405 0x160007 0x1116 0x360 0x2f3 0x1a0007 0x2f3 0x2c0 0x0 0x1f0005 0x0 0x0 0x0 0x0 0x0 0x0 0x220007 0x0 0x268 0x0 0x260004 0x0 0x0 0x0 0x0 0x0 0x0 0x290007 0x0 0x68 0x0 0x370005 0x0 0x0 0x0 0x0 0x0 0x0 0x3a0002 0x0 0x400004 0x0 0x0 0x0 0x0 0x0 0x0 0x450004 0x0 0x0 0x0 0x0 0x0 0x0 0x490005 0x0 0x0 0x0 0x0 0x0 0x0 0x4c0005 0x0 0x0 0x0 0x0 0x0 0x0 0x570002 0x0 0x5a0007 0x0 0x138 0x0 0x6c0002 0x0 0x6f0004 0x0 0x0 0x0 0x0 0x0 0x0 0x720005 0x0 0x0 0x0 0x0 0x0 0x0 0x770003 0x0 0x98 0x880002 0x2f3 0x8b0004 0x0 0x0 0x0 0x0 0x0 0x0 0x8e0005 0x0 0x0 0x293d2168760 0x2f3 0x0 0x0 0x0 0x0 0x0 0x0 0x0 0x0 0x9 0x5 0xffffffffffffffff 0x0 0x0 0x0 0x0 oops 1 110 org/jetbrains/kotlin/resolve/calls/inference/model/NewConstraintSystemImpl methods 0
ciMethodData org/jetbrains/kotlin/resolve/calls/inference/components/ConstraintInjector$TypeCheckerStateForConstraintInjector runIsSubtypeOf$isSubtypeOf (Lorg/jetbrains/kotlin/resolve/calls/inference/components/ConstraintInjector$TypeCheckerStateForConstraintInjector;Lorg/jetbrains/kotlin/types/model/KotlinTypeMarker;ZLorg/jetbrains/kotlin/types/model/KotlinTypeMarker;)Z 2 5381 orig 80 0 0 0 0 0 0 0 0 0 0 0 0 147 2 0 0 0 0 0 0 0 0 0 0 0 0 0 0 0 0 0 0 0 0 0 0 0 0 0 0 0 0 0 0 0 0 0 0 0 0 0 0 0 0 0 0 0 0 0 0 0 0 0 0 0 0 0 0 0 0 0 0 0 0 0 0 0 0 0 0 data 28 0x70002 0x1405 0xb0004 0x0 0x0 0x0 0x0 0x0 0x0 0x110005 0x1405 0x0 0x0 0x0 0x0 0x0 0x0 0x0 0x0 0x0 0x0 0x0 0x9 0x4 0xffffffffffffffff 0x0 0x0 0x0 oops 0 methods 0
ciMethodData org/jetbrains/kotlin/resolve/calls/inference/model/NewConstraintError <init> (Lorg/jetbrains/kotlin/types/model/KotlinTypeMarker;Lorg/jetbrains/kotlin/types/model/KotlinTypeMarker;Lorg/jetbrains/kotlin/resolve/calls/inference/model/IncorporationConstraintPosition;)V 1 978 orig 80 0 0 0 0 0 0 0 0 0 0 0 0 147 2 0 0 0 0 0 0 0 0 0 0 0 0 0 0 0 0 0 0 0 0 0 0 0 0 0 0 0 0 0 0 0 0 0 0 0 0 0 0 0 0 0 0 0 0 0 0 0 0 0 0 0 0 0 0 0 0 0 0 0 0 0 0 0 0 0 0 data 41 0x30002 0x3b5 0x90002 0x3b5 0xf0002 0x3b5 0x140005 0x3b5 0x0 0x0 0x0 0x0 0x0 0x170004 0xfffffffffffffd60 0x0 0x293ce3128a0 0xfa 0x293ce312950 0x115 0x1a0007 0x2a0 0x38 0x115 0x200003 0x115 0x18 0x270002 0x3b5 0x0 0x0 0x0 0x0 0x0 0x0 0x9 0x4 0xe 0x0 0x0 0x0 oops 2 16 org/jetbrains/kotlin/fir/resolve/inference/model/ConeArgumentConstraintPosition 18 org/jetbrains/kotlin/fir/resolve/inference/model/ConeReceiverConstraintPosition methods 0
ciMethodData org/jetbrains/kotlin/resolve/calls/inference/model/NewConstraintSystemImpl addError (Lorg/jetbrains/kotlin/resolve/calls/inference/model/ConstraintSystemError;)V 1 978 orig 80 0 0 0 0 0 0 0 0 0 0 0 0 147 2 0 0 0 0 0 0 0 0 0 0 0 0 0 0 0 0 0 0 0 0 0 0 0 0 0 0 0 0 0 0 0 0 0 0 0 0 0 0 0 0 0 0 0 0 0 0 0 0 0 0 0 0 0 0 0 0 0 0 0 0 0 0 0 0 0 0 data 28 0x40002 0x3b5 0x110002 0x3b5 0x180005 0x3b5 0x0 0x0 0x0 0x0 0x0 0x1c0005 0x0 0x0 0x293cb3ba250 0x3b5 0x0 0x0 0x0 0x0 0x0 0x0 0x0 0x0 0x9 0x2 0x0 0xffffffffffffffff oops 1 14 org/jetbrains/kotlin/utils/SmartList methods 0
ciMethodData org/jetbrains/kotlin/resolve/calls/inference/components/ConstraintInjector addInitialSubtypeConstraint (Lorg/jetbrains/kotlin/resolve/calls/inference/components/ConstraintInjector$Context;Lorg/jetbrains/kotlin/types/model/KotlinTypeMarker;Lorg/jetbrains/kotlin/types/model/KotlinTypeMarker;Lorg/jetbrains/kotlin/resolve/calls/inference/model/ConstraintPosition;)V 2 8530 orig 80 0 0 0 0 0 0 0 0 0 0 0 0 147 2 0 0 0 0 0 0 0 0 0 0 0 0 0 0 0 0 0 0 0 0 0 0 0 0 0 0 0 0 0 0 0 0 0 0 0 0 0 0 0 0 0 0 0 0 0 0 0 0 0 0 0 0 0 0 0 0 0 0 0 0 0 0 0 0 0 0 data 40 0x30002 0x2052 0x90002 0x2052 0xf0002 0x2052 0x160002 0x2052 0x240002 0x2052 0x330005 0x0 0x0 0x293d2168760 0x2052 0x0 0x0 0x4b0002 0x2052 0x4e0002 0x2052 0x560002 0x2052 0x5c0002 0x2052 0x650002 0x2052 0x0 0x0 0x0 0x0 0x0 0x0 0x9 0x5 0x0 0x0 0x0 0x0 0x0 oops 1 13 org/jetbrains/kotlin/resolve/calls/inference/model/NewConstraintSystemImpl methods 0
ciMethodData org/jetbrains/kotlin/resolve/calls/inference/model/IncorporationConstraintPosition <init> (Lorg/jetbrains/kotlin/resolve/calls/inference/model/InitialConstraint;ZILkotlin/jvm/internal/DefaultConstructorMarker;)V 2 10007 orig 80 0 0 0 0 0 0 0 0 0 0 0 0 147 2 0 0 0 0 0 0 0 0 0 0 0 0 0 0 0 0 0 0 0 0 0 0 0 0 0 0 0 0 0 0 0 0 0 0 0 0 0 0 0 0 0 0 0 0 0 0 0 0 0 0 0 0 0 0 0 0 0 0 0 0 0 0 0 0 0 0 data 15 0x30007 0x0 0x20 0x25e6 0xb0002 0x25e6 0x0 0x0 0x9 0x5 0x0 0x0 0x0 0x0 0x0 oops 0 methods 0
ciMethodData org/jetbrains/kotlin/resolve/calls/inference/model/IncorporationConstraintPosition <init> (Lorg/jetbrains/kotlin/resolve/calls/inference/model/InitialConstraint;Z)V 2 10028 orig 80 0 0 0 0 0 0 0 0 0 0 0 0 147 2 0 0 0 0 0 0 0 0 0 0 0 0 0 0 0 0 0 0 0 0 0 0 0 0 0 0 0 0 0 0 0 0 0 0 0 0 0 0 0 0 0 0 0 0 0 0 0 0 0 0 0 0 0 0 0 0 0 0 0 0 0 0 0 0 0 0 data 15 0x30002 0x25fb 0x80002 0x25fb 0x0 0x0 0x0 0x0 0x0 0x0 0x9 0x3 0x6 0x0 0x0 oops 0 methods 0
ciMethodData org/jetbrains/kotlin/resolve/calls/inference/components/ConstraintInjector$TypeCheckerStateForConstraintInjector <init> (Lorg/jetbrains/kotlin/resolve/calls/inference/components/ConstraintInjector;Lorg/jetbrains/kotlin/resolve/calls/inference/components/ConstraintInjector$Context;Lorg/jetbrains/kotlin/resolve/calls/inference/model/IncorporationConstraintPosition;)V 2 8560 orig 80 0 0 0 0 0 0 0 0 0 0 0 0 147 2 0 0 0 0 0 0 0 0 0 0 0 0 0 0 0 0 0 0 0 0 0 0 0 0 0 0 0 0 0 0 0 0 0 0 0 0 0 0 0 0 0 0 0 0 0 0 0 0 0 0 0 0 0 0 0 0 0 0 0 0 0 0 0 0 0 0 data 25 0x40002 0x203f 0xb0002 0x203f 0x130005 0x0 0x0 0x293d2168760 0x203f 0x0 0x0 0x1a0002 0x203f 0x0 0x0 0x0 0x0 0x0 0x0 0x9 0x4 0x6fc 0x0 0xffffffffffffffff 0x0 oops 1 7 org/jetbrains/kotlin/resolve/calls/inference/model/NewConstraintSystemImpl methods 0
ciMethodData org/jetbrains/kotlin/resolve/calls/inference/components/ConstraintInjector addSubTypeConstraintAndIncorporateIt (Lorg/jetbrains/kotlin/resolve/calls/inference/components/ConstraintInjector$Context;Lorg/jetbrains/kotlin/types/model/KotlinTypeMarker;Lorg/jetbrains/kotlin/types/model/KotlinTypeMarker;Lorg/jetbrains/kotlin/resolve/calls/inference/components/ConstraintInjector$TypeCheckerStateForConstraintInjector;)V 2 7457 orig 80 0 0 0 0 0 0 0 0 0 0 0 0 147 2 0 0 0 0 0 0 0 0 0 0 0 0 0 0 0 0 0 0 0 0 0 0 0 0 0 0 0 0 0 0 0 0 0 0 0 0 0 0 0 0 0 0 0 0 0 0 0 0 0 0 0 0 0 0 0 0 0 0 0 0 0 0 0 0 0 0 data 42 0x40005 0x1c21 0x0 0x0 0x0 0x0 0x0 0x100002 0x1c21 0x1a0002 0x1c25 0x210007 0x1c25 0x90 0x0 0x270005 0x0 0x0 0x0 0x0 0x0 0x0 0x2c0005 0x0 0x0 0x0 0x0 0x0 0x0 0x0 0x0 0x0 0x0 0x0 0x0 0x9 0x5 0xffffffffffffffff 0xffffffffffffffff 0x0 0x0 0xffffffffffffffff oops 0 methods 0
ciMethodData org/jetbrains/kotlin/resolve/calls/inference/components/ConstraintInjector$TypeCheckerStateForConstraintInjector setConstrainingTypesToPrintDebugInfo (Lorg/jetbrains/kotlin/types/model/KotlinTypeMarker;Lorg/jetbrains/kotlin/types/model/KotlinTypeMarker;)V 2 9236 orig 80 0 0 0 0 0 0 0 0 0 0 0 0 147 2 0 0 0 0 0 0 0 0 0 0 0 0 0 0 0 0 0 0 0 0 0 0 0 0 0 0 0 0 0 0 0 0 0 0 0 0 0 0 0 0 0 0 0 0 0 0 0 0 0 0 0 0 0 0 0 0 0 0 0 0 0 0 0 0 0 0 data 15 0x40002 0x22e1 0xb0002 0x22e1 0x0 0x0 0x0 0x0 0x0 0x0 0x9 0x3 0x600 0x0 0x0 oops 0 methods 0
ciMethodData org/jetbrains/kotlin/resolve/calls/inference/components/ConstraintInjector$TypeCheckerStateForConstraintInjector runIsSubtypeOf$default (Lorg/jetbrains/kotlin/resolve/calls/inference/components/ConstraintInjector$TypeCheckerStateForConstraintInjector;Lorg/jetbrains/kotlin/types/model/KotlinTypeMarker;Lorg/jetbrains/kotlin/types/model/KotlinTypeMarker;ZZILjava/lang/Object;)V 2 7457 orig 80 0 0 0 0 0 0 0 0 0 0 0 0 147 2 0 0 0 0 0 0 0 0 0 0 0 0 0 0 0 0 0 0 0 0 0 0 0 0 0 0 0 0 0 0 0 0 0 0 0 0 0 0 0 0 0 0 0 0 0 0 0 0 0 0 0 0 0 0 0 0 0 0 0 0 0 0 0 0 0 0 data 30 0x40007 0x0 0x20 0x1c1f 0xe0007 0x0 0x20 0x1c1f 0x1a0005 0x1c1f 0x0 0x0 0x0 0x0 0x0 0x0 0x0 0x0 0x0 0x0 0x0 0x9 0x7 0xffffffffffffffff 0x0 0x0 0x0 0x0 0x0 0x0 oops 0 methods 0
ciMethodData org/jetbrains/kotlin/resolve/calls/inference/model/NewConstraintSystemImpl getTypeVariableDependencies ()Ljava/util/Map; 2 3866 orig 80 0 0 0 0 0 0 0 0 0 0 0 0 147 2 0 0 0 0 0 0 0 0 0 0 0 0 0 0 0 0 0 0 0 0 0 0 0 0 0 0 0 0 0 0 0 0 0 0 0 0 0 0 0 0 0 0 0 0 0 0 0 0 0 0 0 0 0 0 0 0 0 0 0 0 0 0 0 0 0 0 data 18 0xa0002 0xe68 0x110005 0xe68 0x0 0x0 0x0 0x0 0x0 0x0 0x0 0x0 0x0 0x0 0x0 0x9 0x1 0x0 oops 0 methods 0
ciMethodData org/jetbrains/kotlin/resolve/calls/inference/components/ConstraintInjector processConstraintsIgnoringForksData (Lorg/jetbrains/kotlin/resolve/calls/inference/components/ConstraintInjector$TypeCheckerStateForConstraintInjector;Lorg/jetbrains/kotlin/resolve/calls/inference/components/ConstraintInjector$Context;Z)Ljava/util/List; 2 10311 orig 80 0 0 0 0 0 0 0 0 0 0 0 0 147 2 0 0 0 0 0 0 0 0 0 0 0 0 0 0 0 0 0 0 0 0 0 0 0 0 0 0 0 0 0 0 0 0 0 0 0 0 0 0 0 0 0 0 0 0 0 0 0 0 0 0 0 0 0 0 0 0 0 0 0 0 0 0 0 0 0 0 data 304 0x70005 0x0 0x0 0x293d0896f50 0x26c5 0x0 0x0 0xf0005 0x38d2 0x0 0x0 0x0 0x0 0x0 0x120007 0x26c6 0x8b0 0x120c 0x190005 0x120c 0x0 0x0 0x0 0x0 0x0 0x1d0002 0x120c 0x200004 0x0 0x0 0x293cb3ba250 0x120c 0x0 0x0 0x230002 0x120c 0x270004 0x0 0x0 0x293d2168760 0x120d 0x0 0x0 0x2a0007 0x0 0x70 0x120d 0x2e0004 0x0 0x0 0x293d2168760 0x120d 0x0 0x0 0x310003 0x120d 0x18 0x380007 0x0 0x58 0x120d 0x3d0007 0x120d 0x38 0x0 0x410003 0x0 0x18 0x490007 0x120d 0xfffffffffffffe18 0x0 0x4e0007 0x0 0x688 0x0 0x520005 0x0 0x0 0x0 0x0 0x0 0x0 0x5e0005 0x0 0x0 0x0 0x0 0x0 0x0 0x630007 0x0 0x38 0x0 0x670003 0x0 0x5a0 0x6c0005 0x0 0x0 0x0 0x0 0x0 0x0 0x710005 0x0 0x0 0x0 0x0 0x0 0x0 0x7a0005 0x0 0x0 0x0 0x0 0x0 0x0 0x7f0007 0x0 0x4e0 0x0 0x840005 0x0 0x0 0x0 0x0 0x0 0x0 0x890004 0x0 0x0 0x0 0x0 0x0 0x0 0x970005 0x0 0x0 0x0 0x0 0x0 0x0 0x9c0004 0x0 0x0 0x0 0x0 0x0 0x0 0x9f0005 0x0 0x0 0x0 0x0 0x0 0x0 0xa20004 0x0 0x0 0x0 0x0 0x0 0x0 0xac0004 0x0 0x0 0x0 0x0 0x0 0x0 0xaf0007 0x0 0xc8 0x0 0xb40004 0x0 0x0 0x0 0x0 0x0 0x0 0xb70005 0x0 0x0 0x0 0x0 0x0 0x0 0xbc0007 0x0 0x38 0x0 0xc00003 0x0 0x250 0xc50005 0x0 0x0 0x0 0x0 0x0 0x0 0xce0005 0x0 0x0 0x0 0x0 0x0 0x0 0xd30007 0x0 0x1c8 0x0 0xd80005 0x0 0x0 0x0 0x0 0x0 0x0 0xe10004 0x0 0x0 0x0 0x0 0x0 0x0 0xeb0005 0x0 0x0 0x0 0x0 0x0 0x0 0xf10007 0x0 0xc8 0x0 0xf80005 0x0 0x0 0x0 0x0 0x0 0x0 0xfb0005 0x0 0x0 0x0 0x0 0x0 0x0 0x1000007 0x0 0x38 0x0 0x1040003 0x0 0x18 0x1080007 0x0 0xfffffffffffffe38 0x0 0x10c0003 0x0 0x18 0x1110007 0x0 0xfffffffffffffb20 0x0 0x1150003 0x0 0x18 0x1190007 0x0 0x38 0x0 0x11d0003 0x0 0x18 0x1250007 0x0 0xfffffffffffff770 0x0 0x1290005 0x0 0x0 0x0 0x0 0x0 0x0 0x0 0x0 0x0 0x0 0x0 0x0 0x9 0x4 0x0 0x0 0x0 0x0 oops 4 3 org/jetbrains/kotlin/config/LanguageVersionSettingsImpl 30 org/jetbrains/kotlin/utils/SmartList 39 org/jetbrains/kotlin/resolve/calls/inference/model/NewConstraintSystemImpl 50 org/jetbrains/kotlin/resolve/calls/inference/model/NewConstraintSystemImpl methods 0
ciMethodData org/jetbrains/kotlin/resolve/calls/inference/components/ConstraintInjector$TypeCheckerStateForConstraintInjector extractAllConstraints ()Ljava/util/List; 2 1472 orig 80 0 0 0 0 0 0 0 0 0 0 0 0 147 2 0 0 0 0 0 0 0 0 0 0 0 0 0 0 0 0 0 0 0 0 0 0 0 0 0 0 0 0 0 0 0 0 0 0 0 0 0 0 0 0 0 0 0 0 0 0 0 0 0 0 0 0 0 0 0 0 0 0 0 0 0 0 0 0 0 0 data 7 0x0 0x0 0x0 0x0 0x9 0x1 0x0 oops 0 methods 0
ciMethodData org/jetbrains/kotlin/resolve/calls/inference/components/ConstraintInjector processGivenConstraints (Lorg/jetbrains/kotlin/resolve/calls/inference/components/ConstraintInjector$Context;Lorg/jetbrains/kotlin/resolve/calls/inference/components/ConstraintInjector$TypeCheckerStateForConstraintInjector;Ljava/util/Collection;)V 2 7285 orig 80 0 0 0 0 0 0 0 0 0 0 0 0 147 2 0 0 0 0 0 0 0 0 0 0 0 0 0 0 0 0 0 0 0 0 0 0 0 0 0 0 0 0 0 0 0 0 0 0 0 0 0 0 0 0 0 0 0 0 0 0 0 0 0 0 0 0 0 0 0 0 0 0 0 0 0 0 0 0 0 0 data 265 0x10005 0x0 0x0 0x293cb3ba250 0x120c 0x0 0x0 0xa0005 0x0 0x0 0x293d37d2150 0x1d7a 0x293d37d2200 0x1034 0xf0007 0x120d 0x778 0x1ba1 0x140005 0x0 0x0 0x293d37d2150 0xebd 0x293d37d2200 0xce4 0x190004 0x0 0x0 0x293d2b992b0 0x1ba1 0x0 0x0 0x200005 0x1ba1 0x0 0x0 0x0 0x0 0x0 0x230004 0x0 0x0 0x293d37d22b0 0x1b88 0x293d37d2360 0x19 0x2a0005 0x1ba1 0x0 0x0 0x0 0x0 0x0 0x2d0004 0x0 0x0 0x293cad98390 0x1ba1 0x0 0x0 0x380002 0x1ba1 0x3b0007 0x8 0xfffffffffffffe48 0x1b9a 0x410004 0x0 0x0 0x293d2168760 0x1b9a 0x0 0x0 0x440002 0x1b9a 0x4a0005 0x0 0x0 0x293d2168760 0x1b9a 0x0 0x0 0x510005 0x0 0x0 0x293d0994620 0x1b9a 0x0 0x0 0x560004 0x0 0x0 0x293cad97030 0x1b9a 0x0 0x0 0x5a0007 0x1b9a 0x58 0x0 0x610005 0x0 0x0 0x0 0x0 0x0 0x0 0x6d0005 0x1b9a 0x0 0x0 0x0 0x0 0x0 0x740005 0x1b9a 0x0 0x0 0x0 0x0 0x0 0x770004 0x0 0x0 0x293cad98390 0x1b9a 0x0 0x0 0x7e0005 0x1b9a 0x0 0x0 0x0 0x0 0x0 0x810004 0x0 0x0 0x293ff5a28b0 0x1b9a 0x0 0x0 0x840005 0x1b9a 0x0 0x0 0x0 0x0 0x0 0x8b0005 0x1b9a 0x0 0x0 0x0 0x0 0x0 0x8e0005 0x1b9a 0x0 0x0 0x0 0x0 0x0 0x960007 0xaad 0x90 0x10ed 0x9b0005 0x10ed 0x0 0x0 0x0 0x0 0x0 0x9e0007 0x3 0x38 0x10ea 0xa30003 0x10ea 0x180 0xa80004 0xfffffffffffffd4a 0x0 0x293ce3128a0 0xf 0x293d37d2410 0x7fa 0xab0007 0x2b6 0x130 0x7fa 0xb00004 0x0 0x0 0x293d37d2410 0x7fa 0x0 0x0 0xb30005 0x7fa 0x0 0x0 0x0 0x0 0x0 0xb80002 0x7fa 0xbb0007 0x329 0x90 0x4d1 0xc00005 0x4d1 0x0 0x0 0x0 0x0 0x0 0xc60007 0x271 0x38 0x260 0xcb0003 0x260 0x18 0xd30007 0xaad 0x30 0x10ed 0xdc0002 0x10ed 0xe10007 0x850 0xfffffffffffff8f8 0x134a 0xe90004 0x0 0x0 0x293cb3b4d50 0x116 0x0 0x0 0xf00005 0x134a 0x0 0x0 0x0 0x0 0x0 0xf30003 0x134a 0xfffffffffffff868 0x0 0x0 0x0 0x0 0x0 0x0 0x9 0x4 0x0 0x0 0x0 0x0 oops 19 3 org/jetbrains/kotlin/utils/SmartList 10 org/jetbrains/kotlin/utils/SmartList$SingletonIterator 12 java/util/AbstractList$Itr 21 org/jetbrains/kotlin/utils/SmartList$SingletonIterator 23 java/util/AbstractList$Itr 28 kotlin/Pair 42 org/jetbrains/kotlin/fir/resolve/inference/ConeTypeParameterBasedTypeVariable 44 org/jetbrains/kotlin/fir/resolve/inference/ConeTypeVariableForLambdaReturnType 56 org/jetbrains/kotlin/resolve/calls/inference/model/Constraint 69 org/jetbrains/kotlin/resolve/calls/inference/model/NewConstraintSystemImpl 78 org/jetbrains/kotlin/resolve/calls/inference/model/NewConstraintSystemImpl 85 java/util/LinkedHashMap 92 org/jetbrains/kotlin/resolve/calls/inference/model/MutableVariableWithConstraints 124 org/jetbrains/kotlin/resolve/calls/inference/model/Constraint 138 java/lang/Boolean 184 org/jetbrains/kotlin/fir/resolve/inference/model/ConeArgumentConstraintPosition 186 org/jetbrains/kotlin/fir/resolve/inference/model/ConeFixVariableConstraintPosition 195 org/jetbrains/kotlin/fir/resolve/inference/model/ConeFixVariableConstraintPosition 239 org/jetbrains/kotlin/resolve/calls/inference/components/ConstraintInjector$TypeCheckerStateForConstraintInjector methods 0
ciMethodData org/jetbrains/kotlin/resolve/calls/inference/components/ConstraintInjector$TypeCheckerStateForConstraintInjector extractForkPointsData ()Ljava/util/List; 2 1412 orig 80 0 0 0 0 0 0 0 0 0 0 0 0 147 2 0 0 0 0 0 0 0 0 0 0 0 0 0 0 0 0 0 0 0 0 0 0 0 0 0 0 0 0 0 0 0 0 0 0 0 0 0 0 0 0 0 0 0 0 0 0 0 0 0 0 0 0 0 0 0 0 0 0 0 0 0 0 0 0 0 0 data 7 0x0 0x0 0x0 0x0 0x9 0x1 0x180 oops 0 methods 0
ciMethodData org/jetbrains/kotlin/resolve/calls/inference/InferenceUtilsKt extractAllContainingTypeVariables (Lorg/jetbrains/kotlin/types/model/TypeSystemInferenceExtensionContext;Lorg/jetbrains/kotlin/types/model/KotlinTypeMarker;)Ljava/util/Set; 2 19870 orig 80 0 0 0 0 0 0 0 0 0 0 0 0 147 2 0 0 0 0 0 0 0 0 0 0 0 0 0 0 0 0 0 0 0 0 0 0 0 0 0 0 0 0 0 0 0 0 0 0 0 0 0 0 0 0 0 0 0 0 0 0 0 0 0 0 0 0 0 0 0 0 0 0 0 0 0 0 0 0 0 0 data 66 0x30002 0x4c9a 0xa0002 0x4c9a 0xd0002 0x4c9a 0x190002 0x4c9a 0x1e0002 0x4c9a 0x250004 0x0 0x0 0x293d35905e0 0x4c9a 0x0 0x0 0x2f0005 0x0 0x0 0x293d35905e0 0x4c9a 0x0 0x0 0x380005 0x0 0x0 0x293d3590690 0x4c9f 0x0 0x0 0x3d0007 0x4c9a 0xb8 0x5 0x420005 0x0 0x0 0x293d3590690 0x5 0x0 0x0 0x4b0004 0x0 0x0 0x293d395d060 0x4 0x293caa66f40 0x1 0x570002 0x5 0x5c0003 0x5 0xffffffffffffff28 0x620002 0x4c9a 0x0 0x0 0x0 0x0 0x0 0x0 0x9 0x2 0xffffffffffffffff 0xffffffffffffffff oops 6 13 kotlin/collections/builders/SetBuilder 20 kotlin/collections/builders/SetBuilder 27 kotlin/collections/builders/MapBuilder$KeysItr 38 kotlin/collections/builders/MapBuilder$KeysItr 45 org/jetbrains/kotlin/fir/types/impl/ConeClassLikeTypeImpl 47 org/jetbrains/kotlin/fir/types/ConeFlexibleType methods 0
ciMethodData org/jetbrains/kotlin/resolve/calls/inference/components/ConstraintIncorporator incorporate (Lorg/jetbrains/kotlin/resolve/calls/inference/components/ConstraintIncorporator$Context;Lorg/jetbrains/kotlin/types/model/TypeVariableMarker;Lorg/jetbrains/kotlin/resolve/calls/inference/model/Constraint;)V 2 5607 orig 80 0 0 0 0 0 0 0 0 0 0 0 0 147 2 0 0 0 0 0 0 0 0 0 0 0 0 0 0 0 0 0 0 0 0 0 0 0 0 0 0 0 0 0 0 0 0 0 0 0 0 0 0 0 0 0 0 0 0 0 0 0 0 0 0 0 0 0 0 0 0 0 0 0 0 0 0 0 0 0 0 data 30 0x30002 0x14e7 0x90002 0x14e7 0xf0002 0x14e7 0x120002 0x14e7 0x190002 0x14e7 0x1c0007 0x14d5 0x20 0x12 0x240002 0x14d5 0x2b0002 0x14d5 0x0 0x0 0x0 0x0 0x0 0x0 0x9 0x4 0xffffffffffffffff 0xffffffffffffffff 0xffffffffffffffff 0xffffffffffffffff oops 0 methods 0
ciMethodData org/jetbrains/kotlin/resolve/calls/inference/model/MutableVariableWithConstraints addConstraint (Lorg/jetbrains/kotlin/resolve/calls/inference/model/Constraint;)Lkotlin/Pair; 2 7840 orig 80 0 0 0 0 0 0 0 0 0 0 0 0 147 2 0 0 0 0 0 0 0 0 0 0 0 0 0 0 0 0 0 0 0 0 0 0 0 0 0 0 0 0 0 0 0 0 0 0 0 0 0 0 0 0 0 0 0 0 0 0 0 0 0 0 0 0 0 0 0 0 0 0 0 0 0 0 0 0 0 0 data 321 0x40002 0x1d1f 0x90002 0x1d1f 0xf0002 0x1d1f 0x120005 0x0 0x0 0x293cdd3acf0 0xdc5 0x293ff5a22f0 0xf5a 0x190005 0x0 0x0 0x293cdd3ada0 0xdc5 0x293cbb6abd0 0x117f 0x1e0007 0xfd3 0x798 0xf71 0x220005 0x0 0x0 0x293cbb6abd0 0xf71 0x0 0x0 0x270004 0x0 0x0 0x293cad98390 0xf71 0x0 0x0 0x2e0005 0xf71 0x0 0x0 0x0 0x0 0x0 0x320005 0xf71 0x0 0x0 0x0 0x0 0x0 0x350002 0xf71 0x380007 0x4 0x618 0xf6d 0x3d0005 0xf6d 0x0 0x0 0x0 0x0 0x0 0x410005 0xf6d 0x0 0x0 0x0 0x0 0x0 0x440007 0x3 0x588 0xf6a 0x4b0002 0xf6a 0x4e0007 0x438 0x40 0xb32 0x540002 0xb32 0x570002 0xb32 0x5d0005 0x438 0x0 0x0 0x0 0x0 0x0 0x640005 0x438 0x0 0x0 0x0 0x0 0x0 0x680008 0x8 0x0 0x178 0x3af 0x50 0x89 0xd8 0x0 0x160 0x850005 0x3af 0x0 0x0 0x0 0x0 0x0 0x880005 0x3af 0x0 0x0 0x0 0x0 0x0 0x8b0003 0x3af 0xc8 0x8f0005 0x89 0x0 0x0 0x0 0x0 0x0 0x920005 0x89 0x0 0x0 0x0 0x0 0x0 0x950003 0x89 0x40 0x990003 0x0 0x28 0xa00002 0x0 0xa80007 0x21e 0x320 0x21a 0xac0005 0x21a 0x0 0x0 0x0 0x0 0x0 0xb20007 0x0 0x260 0x21a 0xb90005 0x21a 0x0 0x0 0x0 0x0 0x0 0xbd0005 0x21a 0x0 0x0 0x0 0x0 0x0 0xcf0005 0x21a 0x0 0x0 0x0 0x0 0x0 0xd20004 0xfffffffffffffde6 0x0 0x0 0x0 0x0 0x0 0xd50007 0x0 0x38 0x21a 0xd90003 0x21a 0x18 0xe50007 0x0 0x38 0x21a 0xea0003 0x21a 0x18 0xef0007 0x21a 0x58 0x0 0xf50005 0x0 0x0 0x0 0x0 0x0 0x0 0xf90005 0x21a 0x0 0x0 0x0 0x0 0x0 0xfd0005 0x21a 0x0 0x0 0x0 0x0 0x0 0x12d0002 0x21a 0x1300003 0x21a 0x18 0x13c0005 0x0 0x0 0x293cb3ba250 0x21a 0x0 0x0 0x1410002 0x21a 0x14c0002 0x21a 0x14f0002 0x21a 0x1540007 0x225 0xfffffffffffff8a0 0x0 0x15b0002 0x0 0x15e0007 0x0 0xfffffffffffff870 0x0 0x1640002 0x0 0x1670002 0x0 0x1700005 0x0 0x0 0x293cb3ba250 0xfd3 0x0 0x0 0x1780007 0x0 0x88 0xfd3 0x1830007 0xfb4 0x68 0x1f 0x18b0002 0x1f 0x18f0005 0x0 0x0 0x293cb3ba250 0x1f 0x0 0x0 0x1970007 0x0 0x68 0xfd3 0x19b0007 0xfd3 0x48 0x0 0x19f0002 0x0 0x1a20003 0x0 0x28 0x1a70002 0xfd3 0x1b10002 0xfd3 0x1b40002 0xfd3 0x0 0x0 0x0 0x0 0x0 0x0 0x0 0x0 0x0 0x0 0x0 0x9 0x2 0x0 0x0 oops 9 9 kotlin/collections/EmptyList 11 java/util/ArrayList 16 kotlin/collections/EmptyIterator 18 java/util/ArrayList$Itr 27 java/util/ArrayList$Itr 34 org/jetbrains/kotlin/resolve/calls/inference/model/Constraint 239 org/jetbrains/kotlin/utils/SmartList 266 org/jetbrains/kotlin/utils/SmartList 283 org/jetbrains/kotlin/utils/SmartList methods 0
ciMethodData org/jetbrains/kotlin/resolve/calls/inference/components/ConstraintInjector shouldWeSkipConstraint (Lorg/jetbrains/kotlin/resolve/calls/inference/components/ConstraintInjector$Context;Lorg/jetbrains/kotlin/types/model/TypeVariableMarker;Lorg/jetbrains/kotlin/resolve/calls/inference/model/Constraint;)Z 2 6589 orig 80 1 0 0 0 0 0 0 0 0 0 0 0 147 2 0 0 0 0 0 0 0 0 0 0 0 0 0 0 0 0 0 0 0 0 0 0 0 0 0 1 0 0 0 0 0 0 0 0 0 0 0 0 0 0 0 0 0 0 0 0 0 0 0 0 0 0 0 0 0 0 0 0 0 0 0 0 0 0 0 0 data 126 0x10005 0x183a 0x0 0x0 0x0 0x0 0x0 0x70007 0x1310 0x20 0x52a 0xd0005 0x1310 0x0 0x0 0x0 0x0 0x0 0x150005 0x0 0x0 0x293d2168760 0x1310 0x0 0x0 0x1c0005 0x0 0x0 0x293d2168760 0x1310 0x0 0x0 0x210002 0x1312 0x240007 0x130a 0x108 0x8 0x2b0005 0x0 0x0 0x293d2168760 0x8 0x0 0x0 0x300005 0x0 0x0 0x293d2168760 0x8 0x0 0x0 0x350007 0x8 0x78 0x0 0x390005 0x0 0x0 0x0 0x0 0x0 0x0 0x3f0007 0x0 0x20 0x0 0x470005 0x130a 0x0 0x0 0x0 0x0 0x0 0x4a0005 0x130a 0x0 0x0 0x0 0x0 0x0 0x4d0004 0xffffffffffffed40 0x0 0x293d117d440 0x4a 0x293ce3128a0 0xb 0x500007 0x12c0 0xd0 0x4a 0x540005 0x4a 0x0 0x0 0x0 0x0 0x0 0x80000006005a0007 0x1 0x78 0x4a 0x600005 0x0 0x0 0x293d2168760 0x4a 0x0 0x0 0x650007 0x4a 0x20 0x0 0x0 0x0 0x0 0x0 0x0 0x0 0x9 0x4 0x0 0x0 0x0 0x0 oops 7 21 org/jetbrains/kotlin/resolve/calls/inference/model/NewConstraintSystemImpl 28 org/jetbrains/kotlin/resolve/calls/inference/model/NewConstraintSystemImpl 41 org/jetbrains/kotlin/resolve/calls/inference/model/NewConstraintSystemImpl 48 org/jetbrains/kotlin/resolve/calls/inference/model/NewConstraintSystemImpl 84 org/jetbrains/kotlin/fir/resolve/inference/model/ConeDeclaredUpperBoundConstraintPosition 86 org/jetbrains/kotlin/fir/resolve/inference/model/ConeArgumentConstraintPosition 106 org/jetbrains/kotlin/resolve/calls/inference/model/NewConstraintSystemImpl methods 0
ciMethodData org/jetbrains/kotlin/resolve/calls/inference/model/NewConstraintSystemImpl isNullableAny (Lorg/jetbrains/kotlin/types/model/KotlinTypeMarker;)Z 1 234 orig 80 0 0 0 0 0 0 0 0 0 0 0 0 147 2 0 0 0 0 0 0 0 0 0 0 0 0 0 0 0 0 0 0 0 0 0 0 0 0 0 0 0 0 0 0 0 0 0 0 0 0 0 0 0 0 0 0 0 0 0 0 0 0 0 0 0 0 0 0 0 0 0 0 0 0 0 0 0 0 0 0 data 26 0x40002 0xdf 0xb0004 0x0 0x0 0x293caa62c20 0xdf 0x0 0x0 0xf0005 0x0 0x0 0x293caa62c20 0xdf 0x0 0x0 0x0 0x0 0x0 0x0 0x0 0x0 0x9 0x2 0x0 0xffffffffffffffff oops 2 5 org/jetbrains/kotlin/fir/types/TypeComponents$typeContext$1 12 org/jetbrains/kotlin/fir/types/TypeComponents$typeContext$1 methods 0
ciMethodData org/jetbrains/kotlin/resolve/calls/inference/components/ConstraintInjector recordReferencesOfOtherTypeVariableInConstraint (Lorg/jetbrains/kotlin/resolve/calls/inference/components/ConstraintInjector$Context;Lorg/jetbrains/kotlin/resolve/calls/inference/model/Constraint;Lorg/jetbrains/kotlin/types/model/TypeConstructorMarker;)V 2 4498 orig 80 0 0 0 0 0 0 0 0 0 0 0 0 147 2 0 0 0 0 0 0 0 0 0 0 0 0 0 0 0 0 0 0 0 0 0 0 0 0 0 0 0 0 0 0 0 0 0 0 0 0 0 0 0 0 0 0 0 0 0 0 0 0 0 0 0 0 0 0 0 0 0 0 0 0 0 0 0 0 0 0 data 70 0x10004 0x0 0x0 0x293d2168760 0x1012 0x0 0x0 0x50005 0x1012 0x0 0x0 0x0 0x0 0x0 0x80002 0x1012 0xb0005 0x0 0x0 0x293d35905e0 0x1012 0x0 0x0 0x140005 0x0 0x0 0x293d3590690 0x1429 0x0 0x0 0x190007 0x1012 0xe0 0x417 0x1e0005 0x0 0x0 0x293d3590690 0x417 0x0 0x0 0x230004 0x0 0x0 0x293d202f760 0x417 0x0 0x0 0x2c0005 0x0 0x0 0x293d2168760 0x417 0x0 0x0 0x310003 0x417 0xffffffffffffff00 0x0 0x0 0x0 0x0 0x0 0x0 0x9 0x4 0x0 0x0 0x0 0x0 oops 6 3 org/jetbrains/kotlin/resolve/calls/inference/model/NewConstraintSystemImpl 19 kotlin/collections/builders/SetBuilder 26 kotlin/collections/builders/MapBuilder$KeysItr 37 kotlin/collections/builders/MapBuilder$KeysItr 44 org/jetbrains/kotlin/fir/types/ConeTypeVariableTypeConstructor 51 org/jetbrains/kotlin/resolve/calls/inference/model/NewConstraintSystemImpl methods 0
ciMethodData org/jetbrains/kotlin/resolve/calls/inference/model/NewConstraintSystemImpl recordTypeVariableReferenceInConstraint (Lorg/jetbrains/kotlin/types/model/TypeConstructorMarker;Lorg/jetbrains/kotlin/types/model/TypeConstructorMarker;)V 2 1096 orig 80 0 0 0 0 0 0 0 0 0 0 0 0 147 2 0 0 0 0 0 0 0 0 0 0 0 0 0 0 0 0 0 0 0 0 0 0 0 0 0 0 0 0 0 0 0 0 0 0 0 0 0 0 0 0 0 0 0 0 0 0 0 0 0 0 0 0 0 0 0 0 0 0 0 0 0 0 0 0 0 0 data 66 0x40002 0x417 0xb0002 0x417 0xf0005 0x417 0x0 0x0 0x0 0x0 0x0 0x180005 0x0 0x0 0x293d0994620 0x417 0x0 0x0 0x210007 0x1f8 0xb8 0x21f 0x2b0002 0x21f 0x2e0004 0x0 0x0 0x293cb85ef20 0xfb 0x0 0x0 0x380005 0x0 0x0 0x293d0994620 0x21f 0x0 0x0 0x400003 0x21f 0x18 0x460004 0x0 0x0 0x293cb85ef20 0x417 0x0 0x0 0x4a0005 0x0 0x0 0x293cb85ef20 0x417 0x0 0x0 0x0 0x0 0x0 0x0 0x0 0x0 0x9 0x3 0x0 0x0 0x0 oops 5 14 java/util/LinkedHashMap 27 java/util/LinkedHashSet 34 java/util/LinkedHashMap 44 java/util/LinkedHashSet 51 java/util/LinkedHashSet methods 0
ciMethodData org/jetbrains/kotlin/resolve/calls/inference/model/ConstraintSystemError <init> (Lorg/jetbrains/kotlin/resolve/calls/tower/CandidateApplicability;Lkotlin/jvm/internal/DefaultConstructorMarker;)V 1 978 orig 80 0 0 0 0 0 0 0 0 0 0 0 0 147 2 0 0 0 0 0 0 0 0 0 0 0 0 0 0 0 0 0 0 0 0 0 0 0 0 0 0 0 0 0 0 0 0 0 0 0 0 0 0 0 0 0 0 0 0 0 0 0 0 0 0 0 0 0 0 0 0 0 0 0 0 0 0 0 0 0 0 data 9 0x20002 0x2d2 0x0 0x0 0x9 0x3 0x6 0x0 0x0 oops 0 methods 0
ciMethodData org/jetbrains/kotlin/resolve/calls/inference/model/ConstraintSystemError <init> (Lorg/jetbrains/kotlin/resolve/calls/tower/CandidateApplicability;)V 1 978 orig 80 0 0 0 0 0 0 0 0 0 0 0 0 147 2 0 0 0 0 0 0 0 0 0 0 0 0 0 0 0 0 0 0 0 0 0 0 0 0 0 0 0 0 0 0 0 0 0 0 0 0 0 0 0 0 0 0 0 0 0 0 0 0 0 0 0 0 0 0 0 0 0 0 0 0 0 0 0 0 0 0 data 10 0x10002 0x2d2 0x0 0x0 0x0 0x0 0x9 0x2 0x6 0x0 oops 0 methods 0
compile org/jetbrains/kotlin/resolve/calls/inference/model/NewConstraintSystemImpl addSubtypeConstraint (Lorg/jetbrains/kotlin/types/model/KotlinTypeMarker;Lorg/jetbrains/kotlin/types/model/KotlinTypeMarker;Lorg/jetbrains/kotlin/resolve/calls/inference/model/ConstraintPosition;)V -1 4 inline 296 0 -1 org/jetbrains/kotlin/resolve/calls/inference/model/NewConstraintSystemImpl addSubtypeConstraint (Lorg/jetbrains/kotlin/types/model/KotlinTypeMarker;Lorg/jetbrains/kotlin/types/model/KotlinTypeMarker;Lorg/jetbrains/kotlin/resolve/calls/inference/model/ConstraintPosition;)V 1 4 kotlin/jvm/internal/Intrinsics checkNotNullParameter (Ljava/lang/Object;Ljava/lang/String;)V 1 11 kotlin/jvm/internal/Intrinsics checkNotNullParameter (Ljava/lang/Object;Ljava/lang/String;)V 1 18 kotlin/jvm/internal/Intrinsics checkNotNullParameter (Ljava/lang/Object;Ljava/lang/String;)V 1 51 org/jetbrains/kotlin/resolve/calls/inference/model/NewConstraintSystemImpl checkState (Lorg/jetbrains/kotlin/resolve/calls/inference/model/NewConstraintSystemImpl$State;Lorg/jetbrains/kotlin/resolve/calls/inference/model/NewConstraintSystemImpl$State;Lorg/jetbrains/kotlin/resolve/calls/inference/model/NewConstraintSystemImpl$State;)V 1 64 org/jetbrains/kotlin/resolve/calls/inference/components/ConstraintInjector addInitialSubtypeConstraint (Lorg/jetbrains/kotlin/resolve/calls/inference/components/ConstraintInjector$Context;Lorg/jetbrains/kotlin/types/model/KotlinTypeMarker;Lorg/jetbrains/kotlin/types/model/KotlinTypeMarker;Lorg/jetbrains/kotlin/resolve/calls/inference/model/ConstraintPosition;)V 2 3 kotlin/jvm/internal/Intrinsics checkNotNullParameter (Ljava/lang/Object;Ljava/lang/String;)V 2 9 kotlin/jvm/internal/Intrinsics checkNotNullParameter (Ljava/lang/Object;Ljava/lang/String;)V 2 15 kotlin/jvm/internal/Intrinsics checkNotNullParameter (Ljava/lang/Object;Ljava/lang/String;)V 2 22 kotlin/jvm/internal/Intrinsics checkNotNullParameter (Ljava/lang/Object;Ljava/lang/String;)V 2 36 org/jetbrains/kotlin/resolve/calls/inference/model/InitialConstraint <init> (Lorg/jetbrains/kotlin/types/model/KotlinTypeMarker;Lorg/jetbrains/kotlin/types/model/KotlinTypeMarker;Lorg/jetbrains/kotlin/resolve/calls/inference/model/ConstraintKind;Lorg/jetbrains/kotlin/resolve/calls/inference/model/ConstraintPosition;)V 3 3 kotlin/jvm/internal/Intrinsics checkNotNullParameter (Ljava/lang/Object;Ljava/lang/String;)V 3 9 kotlin/jvm/internal/Intrinsics checkNotNullParameter (Ljava/lang/Object;Ljava/lang/String;)V 3 15 kotlin/jvm/internal/Intrinsics checkNotNullParameter (Ljava/lang/Object;Ljava/lang/String;)V 3 22 kotlin/jvm/internal/Intrinsics checkNotNullParameter (Ljava/lang/Object;Ljava/lang/String;)V 3 26 java/lang/Object <init> ()V 2 51 org/jetbrains/kotlin/resolve/calls/inference/model/NewConstraintSystemImpl addInitialConstraint (Lorg/jetbrains/kotlin/resolve/calls/inference/model/InitialConstraint;)V 3 4 kotlin/jvm/internal/Intrinsics checkNotNullParameter (Ljava/lang/Object;Ljava/lang/String;)V 3 17 org/jetbrains/kotlin/resolve/calls/inference/model/NewConstraintSystemImpl checkState (Lorg/jetbrains/kotlin/resolve/calls/inference/model/NewConstraintSystemImpl$State;Lorg/jetbrains/kotlin/resolve/calls/inference/model/NewConstraintSystemImpl$State;Lorg/jetbrains/kotlin/resolve/calls/inference/model/NewConstraintSystemImpl$State;)V 3 24 org/jetbrains/kotlin/resolve/calls/inference/model/MutableConstraintStorage getInitialConstraints ()Ljava/util/List; 3 28 org/jetbrains/kotlin/utils/SmartList add (Ljava/lang/Object;)Z 2 75 org/jetbrains/kotlin/resolve/calls/inference/model/IncorporationConstraintPosition <init> (Lorg/jetbrains/kotlin/resolve/calls/inference/model/InitialConstraint;ZILkotlin/jvm/internal/DefaultConstructorMarker;)V 3 11 org/jetbrains/kotlin/resolve/calls/inference/model/IncorporationConstraintPosition <init> (Lorg/jetbrains/kotlin/resolve/calls/inference/model/InitialConstraint;Z)V 4 3 kotlin/jvm/internal/Intrinsics checkNotNullParameter (Ljava/lang/Object;Ljava/lang/String;)V 4 8 org/jetbrains/kotlin/resolve/calls/inference/model/ConstraintPosition <init> (Lkotlin/jvm/internal/DefaultConstructorMarker;)V 5 1 org/jetbrains/kotlin/resolve/calls/inference/model/ConstraintPosition <init> ()V 6 1 java/lang/Object <init> ()V 2 101 org/jetbrains/kotlin/resolve/calls/inference/components/ConstraintInjector addSubTypeConstraintAndIncorporateIt (Lorg/jetbrains/kotlin/resolve/calls/inference/components/ConstraintInjector$Context;Lorg/jetbrains/kotlin/types/model/KotlinTypeMarker;Lorg/jetbrains/kotlin/types/model/KotlinTypeMarker;Lorg/jetbrains/kotlin/resolve/calls/inference/components/ConstraintInjector$TypeCheckerStateForConstraintInjector;)V 3 4 org/jetbrains/kotlin/resolve/calls/inference/components/ConstraintInjector$TypeCheckerStateForConstraintInjector setConstrainingTypesToPrintDebugInfo (Lorg/jetbrains/kotlin/types/model/KotlinTypeMarker;Lorg/jetbrains/kotlin/types/model/KotlinTypeMarker;)V 4 4 kotlin/jvm/internal/Intrinsics checkNotNullParameter (Ljava/lang/Object;Ljava/lang/String;)V 4 11 kotlin/jvm/internal/Intrinsics checkNotNullParameter (Ljava/lang/Object;Ljava/lang/String;)V 3 16 org/jetbrains/kotlin/resolve/calls/inference/components/ConstraintInjector$TypeCheckerStateForConstraintInjector runIsSubtypeOf$default (Lorg/jetbrains/kotlin/resolve/calls/inference/components/ConstraintInjector$TypeCheckerStateForConstraintInjector;Lorg/jetbrains/kotlin/types/model/KotlinTypeMarker;Lorg/jetbrains/kotlin/types/model/KotlinTypeMarker;ZZILjava/lang/Object;)V 4 26 org/jetbrains/kotlin/resolve/calls/inference/components/ConstraintInjector$TypeCheckerStateForConstraintInjector runIsSubtypeOf (Lorg/jetbrains/kotlin/types/model/KotlinTypeMarker;Lorg/jetbrains/kotlin/types/model/KotlinTypeMarker;ZZ)V 5 4 kotlin/jvm/internal/Intrinsics checkNotNullParameter (Ljava/lang/Object;Ljava/lang/String;)V 5 11 kotlin/jvm/internal/Intrinsics checkNotNullParameter (Ljava/lang/Object;Ljava/lang/String;)V 5 19 org/jetbrains/kotlin/resolve/calls/inference/components/ConstraintInjector$TypeCheckerStateForConstraintInjector runIsSubtypeOf$isSubtypeOf (Lorg/jetbrains/kotlin/resolve/calls/inference/components/ConstraintInjector$TypeCheckerStateForConstraintInjector;Lorg/jetbrains/kotlin/types/model/KotlinTypeMarker;ZLorg/jetbrains/kotlin/types/model/KotlinTypeMarker;)Z 6 7 kotlin/jvm/internal/Intrinsics checkNotNull (Ljava/lang/Object;Ljava/lang/String;)V 6 17 org/jetbrains/kotlin/types/AbstractTypeChecker isSubtypeOf (Lorg/jetbrains/kotlin/types/TypeCheckerState;Lorg/jetbrains/kotlin/types/model/KotlinTypeMarker;Lorg/jetbrains/kotlin/types/model/KotlinTypeMarker;Z)Z 7 3 kotlin/jvm/internal/Intrinsics checkNotNullParameter (Ljava/lang/Object;Ljava/lang/String;)V 7 9 kotlin/jvm/internal/Intrinsics checkNotNullParameter (Ljava/lang/Object;Ljava/lang/String;)V 7 15 kotlin/jvm/internal/Intrinsics checkNotNullParameter (Ljava/lang/Object;Ljava/lang/String;)V 7 28 org/jetbrains/kotlin/types/TypeCheckerState customIsSubtypeOf (Lorg/jetbrains/kotlin/types/model/KotlinTypeMarker;Lorg/jetbrains/kotlin/types/model/KotlinTypeMarker;)Z 8 3 kotlin/jvm/internal/Intrinsics checkNotNullParameter (Ljava/lang/Object;Ljava/lang/String;)V 8 9 kotlin/jvm/internal/Intrinsics checkNotNullParameter (Ljava/lang/Object;Ljava/lang/String;)V 5 136 org/jetbrains/kotlin/resolve/calls/inference/model/NewConstraintError <init> (Lorg/jetbrains/kotlin/types/model/KotlinTypeMarker;Lorg/jetbrains/kotlin/types/model/KotlinTypeMarker;Lorg/jetbrains/kotlin/resolve/calls/inference/model/IncorporationConstraintPosition;)V 6 3 kotlin/jvm/internal/Intrinsics checkNotNullParameter (Ljava/lang/Object;Ljava/lang/String;)V 6 9 kotlin/jvm/internal/Intrinsics checkNotNullParameter (Ljava/lang/Object;Ljava/lang/String;)V 6 15 kotlin/jvm/internal/Intrinsics checkNotNullParameter (Ljava/lang/Object;Ljava/lang/String;)V 6 20 org/jetbrains/kotlin/resolve/calls/inference/model/IncorporationConstraintPosition getFrom ()Lorg/jetbrains/kotlin/resolve/calls/inference/model/ConstraintPosition; 7 4 org/jetbrains/kotlin/resolve/calls/inference/model/InitialConstraint getPosition ()Lorg/jetbrains/kotlin/resolve/calls/inference/model/ConstraintPosition; 6 39 org/jetbrains/kotlin/resolve/calls/inference/model/ConstraintSystemError <init> (Lorg/jetbrains/kotlin/resolve/calls/tower/CandidateApplicability;Lkotlin/jvm/internal/DefaultConstructorMarker;)V 7 2 org/jetbrains/kotlin/resolve/calls/inference/model/ConstraintSystemError <init> (Lorg/jetbrains/kotlin/resolve/calls/tower/CandidateApplicability;)V 8 1 java/lang/Object <init> ()V 5 142 org/jetbrains/kotlin/resolve/calls/inference/model/NewConstraintSystemImpl addError (Lorg/jetbrains/kotlin/resolve/calls/inference/model/ConstraintSystemError;)V 6 4 kotlin/jvm/internal/Intrinsics checkNotNullParameter (Ljava/lang/Object;Ljava/lang/String;)V 6 17 org/jetbrains/kotlin/resolve/calls/inference/model/NewConstraintSystemImpl checkState (Lorg/jetbrains/kotlin/resolve/calls/inference/model/NewConstraintSystemImpl$State;Lorg/jetbrains/kotlin/resolve/calls/inference/model/NewConstraintSystemImpl$State;Lorg/jetbrains/kotlin/resolve/calls/inference/model/NewConstraintSystemImpl$State;)V 6 24 org/jetbrains/kotlin/resolve/calls/inference/model/MutableConstraintStorage getErrors ()Ljava/util/List; 3 26 org/jetbrains/kotlin/resolve/calls/inference/components/ConstraintInjector processConstraints$default (Lorg/jetbrains/kotlin/resolve/calls/inference/components/ConstraintInjector;Lorg/jetbrains/kotlin/resolve/calls/inference/components/ConstraintInjector$Context;Lorg/jetbrains/kotlin/resolve/calls/inference/components/ConstraintInjector$TypeCheckerStateForConstraintInjector;ZILjava/lang/Object;)Ljava/util/List; 4 13 org/jetbrains/kotlin/resolve/calls/inference/components/ConstraintInjector processConstraints (Lorg/jetbrains/kotlin/resolve/calls/inference/components/ConstraintInjector$Context;Lorg/jetbrains/kotlin/resolve/calls/inference/components/ConstraintInjector$TypeCheckerStateForConstraintInjector;Z)Ljava/util/List; 5 4 org/jetbrains/kotlin/resolve/calls/inference/components/ConstraintInjector processConstraintsIgnoringForksData (Lorg/jetbrains/kotlin/resolve/calls/inference/components/ConstraintInjector$TypeCheckerStateForConstraintInjector;Lorg/jetbrains/kotlin/resolve/calls/inference/components/ConstraintInjector$Context;Z)Ljava/util/List; 6 7 org/jetbrains/kotlin/config/LanguageVersionSettings supportsFeature (Lorg/jetbrains/kotlin/config/LanguageFeature;)Z 7 3 kotlin/jvm/internal/Intrinsics checkNotNullParameter (Ljava/lang/Object;Ljava/lang/String;)V 7 8 org/jetbrains/kotlin/config/LanguageVersionSettingsImpl getFeatureSupport (Lorg/jetbrains/kotlin/config/LanguageFeature;)Lorg/jetbrains/kotlin/config/LanguageFeature$State; 8 3 kotlin/jvm/internal/Intrinsics checkNotNullParameter (Ljava/lang/Object;Ljava/lang/String;)V 8 11 java/util/Collections$UnmodifiableMap get (Ljava/lang/Object;)Ljava/lang/Object; 9 5 java/util/HashMap get (Ljava/lang/Object;)Ljava/lang/Object; 10 2 java/util/HashMap getNode (Ljava/lang/Object;)Ljava/util/HashMap$Node; 11 23 java/util/HashMap hash (Ljava/lang/Object;)I 12 9 java/lang/Enum hashCode ()I 11 63 java/lang/Enum equals (Ljava/lang/Object;)Z 11 128 java/lang/Enum equals (Ljava/lang/Object;)Z 9 5 java/util/LinkedHashMap get (Ljava/lang/Object;)Ljava/lang/Object; 10 2 java/util/HashMap getNode (Ljava/lang/Object;)Ljava/util/HashMap$Node; 11 23 java/util/HashMap hash (Ljava/lang/Object;)I 12 9 java/lang/Enum hashCode ()I 11 63 java/lang/Enum equals (Ljava/lang/Object;)Z 11 128 java/lang/Enum equals (Ljava/lang/Object;)Z 8 32 org/jetbrains/kotlin/config/LanguageFeature getSinceVersion ()Lorg/jetbrains/kotlin/config/LanguageVersion; 8 41 org/jetbrains/kotlin/config/LanguageVersionSettingsImpl getLanguageVersion ()Lorg/jetbrains/kotlin/config/LanguageVersion; 8 48 java/lang/Enum compareTo (Ljava/lang/Enum;)I 8 55 org/jetbrains/kotlin/config/LanguageVersionSettingsImpl getApiVersion ()Lorg/jetbrains/kotlin/config/ApiVersion; 8 59 org/jetbrains/kotlin/config/LanguageFeature getSinceApiVersion ()Lorg/jetbrains/kotlin/config/ApiVersion; 8 62 org/jetbrains/kotlin/config/ApiVersion compareTo (Lorg/jetbrains/kotlin/config/ApiVersion;)I 9 3 kotlin/jvm/internal/Intrinsics checkNotNullParameter (Ljava/lang/Object;Ljava/lang/String;)V 9 14 org/jetbrains/kotlin/config/MavenComparableVersion compareTo (Lorg/jetbrains/kotlin/config/MavenComparableVersion;)I 10 8 org/jetbrains/kotlin/config/MavenComparableVersion$ListItem compareTo (Lorg/jetbrains/kotlin/config/MavenComparableVersion$Item;)I 11 31 org/jetbrains/kotlin/config/MavenComparableVersion$ListItem getType ()I 11 69 java/util/ArrayList iterator ()Ljava/util/Iterator; 12 5 java/util/ArrayList$Itr <init> (Ljava/util/ArrayList;)V 13 6 java/lang/Object <init> ()V 11 77 java/util/ArrayList iterator ()Ljava/util/Iterator; 12 5 java/util/ArrayList$Itr <init> (Ljava/util/ArrayList;)V 13 6 java/lang/Object <init> ()V 11 82 java/util/ArrayList$Itr hasNext ()Z 11 100 java/util/ArrayList$Itr hasNext ()Z 11 109 java/util/ArrayList$Itr next ()Ljava/lang/Object; 12 1 java/util/ArrayList$Itr checkForComodification ()V 11 124 java/util/ArrayList$Itr hasNext ()Z 11 133 java/util/ArrayList$Itr next ()Ljava/lang/Object; 12 1 java/util/ArrayList$Itr checkForComodification ()V 11 179 org/jetbrains/kotlin/config/MavenComparableVersion$IntegerItem compareTo (Lorg/jetbrains/kotlin/config/MavenComparableVersion$Item;)I 12 24 org/jetbrains/kotlin/config/MavenComparableVersion$IntegerItem getType ()I 12 67 java/math/BigInteger compareTo (Ljava/math/BigInteger;)I 13 42 java/math/BigInteger compareMagnitude (Ljava/math/BigInteger;)I 8 69 org/jetbrains/kotlin/config/LanguageFeature isEnabledWithWarning$util ()Z 6 15 org/jetbrains/kotlin/resolve/calls/inference/components/ConstraintInjector$TypeCheckerStateForConstraintInjector hasConstraintsToProcess ()Z 6 25 org/jetbrains/kotlin/resolve/calls/inference/components/ConstraintInjector$TypeCheckerStateForConstraintInjector extractAllConstraints ()Ljava/util/List; 6 29 kotlin/jvm/internal/Intrinsics checkNotNull (Ljava/lang/Object;)V 6 35 org/jetbrains/kotlin/resolve/calls/inference/components/ConstraintInjector processGivenConstraints (Lorg/jetbrains/kotlin/resolve/calls/inference/components/ConstraintInjector$Context;Lorg/jetbrains/kotlin/resolve/calls/inference/components/ConstraintInjector$TypeCheckerStateForConstraintInjector;Ljava/util/Collection;)V 7 1 org/jetbrains/kotlin/utils/SmartList iterator ()Ljava/util/Iterator; 8 7 org/jetbrains/kotlin/utils/SmartList$EmptyIterator getInstance ()Lorg/jetbrains/kotlin/utils/SmartList$EmptyIterator; 8 32 org/jetbrains/kotlin/utils/SmartList$SingletonIterator <init> (Lorg/jetbrains/kotlin/utils/SmartList;)V 9 7 org/jetbrains/kotlin/utils/SmartList$SingletonIteratorBase <init> (Lorg/jetbrains/kotlin/utils/SmartList$1;)V 10 1 org/jetbrains/kotlin/utils/SmartList$SingletonIteratorBase <init> ()V 11 1 java/lang/Object <init> ()V 9 12 org/jetbrains/kotlin/utils/SmartList access$100 (Lorg/jetbrains/kotlin/utils/SmartList;)I 8 37 java/util/AbstractList iterator ()Ljava/util/Iterator; 9 5 java/util/AbstractList$Itr <init> (Ljava/util/AbstractList;)V 10 6 java/lang/Object <init> ()V 7 10 org/jetbrains/kotlin/utils/SmartList$SingletonIteratorBase hasNext ()Z 7 10 java/util/AbstractList$Itr hasNext ()Z 7 20 org/jetbrains/kotlin/utils/SmartList$SingletonIteratorBase next ()Ljava/lang/Object; 8 21 org/jetbrains/kotlin/utils/SmartList$SingletonIterator checkCoModification ()V 9 4 org/jetbrains/kotlin/utils/SmartList access$300 (Lorg/jetbrains/kotlin/utils/SmartList;)I 8 25 org/jetbrains/kotlin/utils/SmartList$SingletonIterator getElement ()Ljava/lang/Object; 9 4 org/jetbrains/kotlin/utils/SmartList access$200 (Lorg/jetbrains/kotlin/utils/SmartList;)Ljava/lang/Object; 7 20 java/util/AbstractList$Itr next ()Ljava/lang/Object; 8 1 java/util/AbstractList$Itr checkForComodification ()V 7 32 kotlin/Pair component1 ()Ljava/lang/Object; 7 42 kotlin/Pair component2 ()Ljava/lang/Object; 7 56 org/jetbrains/kotlin/resolve/calls/inference/components/ConstraintInjector shouldWeSkipConstraint (Lorg/jetbrains/kotlin/resolve/calls/inference/components/ConstraintInjector$Context;Lorg/jetbrains/kotlin/types/model/TypeVariableMarker;Lorg/jetbrains/kotlin/resolve/calls/inference/model/Constraint;)Z 8 1 org/jetbrains/kotlin/resolve/calls/inference/model/Constraint getKind ()Lorg/jetbrains/kotlin/resolve/calls/inference/model/ConstraintKind; 8 13 org/jetbrains/kotlin/resolve/calls/inference/model/Constraint getType ()Lorg/jetbrains/kotlin/types/model/KotlinTypeMarker; 8 21 org/jetbrains/kotlin/resolve/calls/inference/model/NewConstraintSystemImpl typeConstructor (Lorg/jetbrains/kotlin/types/model/KotlinTypeMarker;)Lorg/jetbrains/kotlin/types/model/TypeConstructorMarker; 9 4 kotlin/jvm/internal/Intrinsics checkNotNullParameter (Ljava/lang/Object;Ljava/lang/String;)V 9 15 org/jetbrains/kotlin/types/model/TypeSystemContext typeConstructor (Lorg/jetbrains/kotlin/types/model/KotlinTypeMarker;)Lorg/jetbrains/kotlin/types/model/TypeConstructorMarker; 10 3 kotlin/jvm/internal/Intrinsics checkNotNullParameter (Ljava/lang/Object;Ljava/lang/String;)V 10 9 org/jetbrains/kotlin/fir/types/ConeTypeContext asSimpleType (Lorg/jetbrains/kotlin/types/model/KotlinTypeMarker;)Lorg/jetbrains/kotlin/types/model/SimpleTypeMarker; 11 3 kotlin/jvm/internal/Intrinsics checkNotNullParameter (Ljava/lang/Object;Ljava/lang/String;)V 11 48 org/jetbrains/kotlin/fir/types/TypeComponents$typeContext$1 getSession ()Lorg/jetbrains/kotlin/fir/FirSession; 12 4 org/jetbrains/kotlin/fir/types/TypeComponents getSession ()Lorg/jetbrains/kotlin/fir/FirSession; 11 56 org/jetbrains/kotlin/fir/resolve/TypeExpansionUtilsKt fullyExpandedType$default (Lorg/jetbrains/kotlin/fir/types/ConeClassLikeType;Lorg/jetbrains/kotlin/fir/FirSession;Lkotlin/jvm/functions/Function1;ILjava/lang/Object;)Lorg/jetbrains/kotlin/fir/types/ConeClassLikeType; 10 21 org/jetbrains/kotlin/types/model/TypeSystemContext lowerBoundIfFlexible (Lorg/jetbrains/kotlin/types/model/KotlinTypeMarker;)Lorg/jetbrains/kotlin/types/model/SimpleTypeMarker; 11 3 kotlin/jvm/internal/Intrinsics checkNotNullParameter (Ljava/lang/Object;Ljava/lang/String;)V 11 8 org/jetbrains/kotlin/fir/types/ConeTypeContext asFlexibleType (Lorg/jetbrains/kotlin/types/model/KotlinTypeMarker;)Lorg/jetbrains/kotlin/types/model/FlexibleTypeMarker; 12 3 kotlin/jvm/internal/Intrinsics checkNotNullParameter (Ljava/lang/Object;Ljava/lang/String;)V 11 19 org/jetbrains/kotlin/fir/types/ConeTypeContext lowerBound (Lorg/jetbrains/kotlin/types/model/FlexibleTypeMarker;)Lorg/jetbrains/kotlin/types/model/SimpleTypeMarker; 12 3 kotlin/jvm/internal/Intrinsics checkNotNullParameter (Ljava/lang/Object;Ljava/lang/String;)V 12 32 org/jetbrains/kotlin/fir/types/ConeFlexibleType getLowerBound ()Lorg/jetbrains/kotlin/fir/types/ConeSimpleKotlinType; 11 31 org/jetbrains/kotlin/fir/types/ConeTypeContext asSimpleType (Lorg/jetbrains/kotlin/types/model/KotlinTypeMarker;)Lorg/jetbrains/kotlin/types/model/SimpleTypeMarker; 12 3 kotlin/jvm/internal/Intrinsics checkNotNullParameter (Ljava/lang/Object;Ljava/lang/String;)V 12 48 org/jetbrains/kotlin/fir/types/TypeComponents$typeContext$1 getSession ()Lorg/jetbrains/kotlin/fir/FirSession; 13 4 org/jetbrains/kotlin/fir/types/TypeComponents getSession ()Lorg/jetbrains/kotlin/fir/FirSession; 12 56 org/jetbrains/kotlin/fir/resolve/TypeExpansionUtilsKt fullyExpandedType$default (Lorg/jetbrains/kotlin/fir/types/ConeClassLikeType;Lorg/jetbrains/kotlin/fir/FirSession;Lkotlin/jvm/functions/Function1;ILjava/lang/Object;)Lorg/jetbrains/kotlin/fir/types/ConeClassLikeType; 11 37 kotlin/jvm/internal/Intrinsics checkNotNull (Ljava/lang/Object;)V 10 26 org/jetbrains/kotlin/fir/types/ConeTypeContext typeConstructor (Lorg/jetbrains/kotlin/types/model/SimpleTypeMarker;)Lorg/jetbrains/kotlin/types/model/TypeConstructorMarker; 11 3 kotlin/jvm/internal/Intrinsics checkNotNullParameter (Ljava/lang/Object;Ljava/lang/String;)V 11 32 org/jetbrains/kotlin/fir/types/ConeTypeUtilsKt getConstructor (Lorg/jetbrains/kotlin/fir/types/ConeSimpleKotlinType;)Lorg/jetbrains/kotlin/types/model/TypeConstructorMarker; 12 3 kotlin/jvm/internal/Intrinsics checkNotNullParameter (Ljava/lang/Object;Ljava/lang/String;)V 12 19 org/jetbrains/kotlin/fir/types/impl/ConeClassLikeTypeImpl getLookupTag ()Lorg/jetbrains/kotlin/fir/symbols/ConeClassifierLookupTag; 13 1 org/jetbrains/kotlin/fir/types/impl/ConeClassLikeTypeImpl getLookupTag ()Lorg/jetbrains/kotlin/fir/symbols/ConeClassLikeLookupTag; 12 19 org/jetbrains/kotlin/fir/types/impl/ConeTypeParameterTypeImpl getLookupTag ()Lorg/jetbrains/kotlin/fir/symbols/ConeClassifierLookupTag; 13 1 org/jetbrains/kotlin/fir/types/impl/ConeTypeParameterTypeImpl getLookupTag ()Lorg/jetbrains/kotlin/fir/symbols/ConeTypeParameterLookupTag; 12 39 org/jetbrains/kotlin/fir/types/ConeCapturedType getConstructor ()Lorg/jetbrains/kotlin/fir/types/ConeCapturedTypeConstructor; 12 59 org/jetbrains/kotlin/fir/types/ConeTypeVariableType getTypeConstructor ()Lorg/jetbrains/kotlin/fir/types/ConeTypeVariableTypeConstructor; 12 93 org/jetbrains/kotlin/fir/types/ConeStubType getConstructor ()Lorg/jetbrains/kotlin/fir/types/ConeStubTypeConstructor; 12 113 org/jetbrains/kotlin/fir/types/ConeDefinitelyNotNullType getOriginal ()Lorg/jetbrains/kotlin/fir/types/ConeSimpleKotlinType; 8 28 org/jetbrains/kotlin/resolve/calls/inference/model/NewConstraintSystemImpl freshTypeConstructor (Lorg/jetbrains/kotlin/types/model/TypeVariableMarker;)Lorg/jetbrains/kotlin/types/model/TypeConstructorMarker; 9 4 kotlin/jvm/internal/Intrinsics checkNotNullParameter (Ljava/lang/Object;Ljava/lang/String;)V 9 12 org/jetbrains/kotlin/fir/types/ConeInferenceContext freshTypeConstructor (Lorg/jetbrains/kotlin/types/model/TypeVariableMarker;)Lorg/jetbrains/kotlin/types/model/TypeConstructorMarker; 10 4 kotlin/jvm/internal/Intrinsics checkNotNullParameter (Ljava/lang/Object;Ljava/lang/String;)V 10 34 org/jetbrains/kotlin/fir/types/ConeTypeVariable getTypeConstructor ()Lorg/jetbrains/kotlin/fir/types/ConeTypeVariableTypeConstructor; 8 33 kotlin/jvm/internal/Intrinsics areEqual (Ljava/lang/Object;Ljava/lang/Object;)Z 8 43 org/jetbrains/kotlin/resolve/calls/inference/model/NewConstraintSystemImpl lowerBoundIfFlexible (Lorg/jetbrains/kotlin/types/model/KotlinTypeMarker;)Lorg/jetbrains/kotlin/types/model/SimpleTypeMarker; 9 4 kotlin/jvm/internal/Intrinsics checkNotNullParameter (Ljava/lang/Object;Ljava/lang/String;)V 9 15 org/jetbrains/kotlin/types/model/TypeSystemContext lowerBoundIfFlexible (Lorg/jetbrains/kotlin/types/model/KotlinTypeMarker;)Lorg/jetbrains/kotlin/types/model/SimpleTypeMarker; 10 3 kotlin/jvm/internal/Intrinsics checkNotNullParameter (Ljava/lang/Object;Ljava/lang/String;)V 10 8 org/jetbrains/kotlin/fir/types/ConeTypeContext asFlexibleType (Lorg/jetbrains/kotlin/types/model/KotlinTypeMarker;)Lorg/jetbrains/kotlin/types/model/FlexibleTypeMarker; 11 3 kotlin/jvm/internal/Intrinsics checkNotNullParameter (Ljava/lang/Object;Ljava/lang/String;)V 10 19 org/jetbrains/kotlin/fir/types/ConeTypeContext lowerBound (Lorg/jetbrains/kotlin/types/model/FlexibleTypeMarker;)Lorg/jetbrains/kotlin/types/model/SimpleTypeMarker; 11 3 kotlin/jvm/internal/Intrinsics checkNotNullParameter (Ljava/lang/Object;Ljava/lang/String;)V 11 32 org/jetbrains/kotlin/fir/types/ConeFlexibleType getLowerBound ()Lorg/jetbrains/kotlin/fir/types/ConeSimpleKotlinType; 10 31 org/jetbrains/kotlin/fir/types/ConeTypeContext asSimpleType (Lorg/jetbrains/kotlin/types/model/KotlinTypeMarker;)Lorg/jetbrains/kotlin/types/model/SimpleTypeMarker; 11 3 kotlin/jvm/internal/Intrinsics checkNotNullParameter (Ljava/lang/Object;Ljava/lang/String;)V 11 48 org/jetbrains/kotlin/fir/types/TypeComponents$typeContext$1 getSession ()Lorg/jetbrains/kotlin/fir/FirSession; 12 4 org/jetbrains/kotlin/fir/types/TypeComponents getSession ()Lorg/jetbrains/kotlin/fir/FirSession; 11 56 org/jetbrains/kotlin/fir/resolve/TypeExpansionUtilsKt fullyExpandedType$default (Lorg/jetbrains/kotlin/fir/types/ConeClassLikeType;Lorg/jetbrains/kotlin/fir/FirSession;Lkotlin/jvm/functions/Function1;ILjava/lang/Object;)Lorg/jetbrains/kotlin/fir/types/ConeClassLikeType; 10 37 kotlin/jvm/internal/Intrinsics checkNotNull (Ljava/lang/Object;)V 8 57 org/jetbrains/kotlin/resolve/calls/inference/model/Constraint getKind ()Lorg/jetbrains/kotlin/resolve/calls/inference/model/ConstraintKind; 8 71 org/jetbrains/kotlin/resolve/calls/inference/model/Constraint getPosition ()Lorg/jetbrains/kotlin/resolve/calls/inference/model/IncorporationConstraintPosition; 8 74 org/jetbrains/kotlin/resolve/calls/inference/model/IncorporationConstraintPosition getFrom ()Lorg/jetbrains/kotlin/resolve/calls/inference/model/ConstraintPosition; 9 4 org/jetbrains/kotlin/resolve/calls/inference/model/InitialConstraint getPosition ()Lorg/jetbrains/kotlin/resolve/calls/inference/model/ConstraintPosition; 8 84 org/jetbrains/kotlin/resolve/calls/inference/model/Constraint getKind ()Lorg/jetbrains/kotlin/resolve/calls/inference/model/ConstraintKind; 7 68 org/jetbrains/kotlin/types/model/MarkerExtensionsKt freshTypeConstructor (Lorg/jetbrains/kotlin/types/model/TypeVariableMarker;Lorg/jetbrains/kotlin/types/model/TypeSystemInferenceExtensionContext;)Lorg/jetbrains/kotlin/types/model/TypeConstructorMarker; 8 3 kotlin/jvm/internal/Intrinsics checkNotNullParameter (Ljava/lang/Object;Ljava/lang/String;)V 8 9 kotlin/jvm/internal/Intrinsics checkNotNullParameter (Ljava/lang/Object;Ljava/lang/String;)V 8 18 org/jetbrains/kotlin/resolve/calls/inference/model/NewConstraintSystemImpl freshTypeConstructor (Lorg/jetbrains/kotlin/types/model/TypeVariableMarker;)Lorg/jetbrains/kotlin/types/model/TypeConstructorMarker; 9 4 kotlin/jvm/internal/Intrinsics checkNotNullParameter (Ljava/lang/Object;Ljava/lang/String;)V 9 12 org/jetbrains/kotlin/fir/types/ConeInferenceContext freshTypeConstructor (Lorg/jetbrains/kotlin/types/model/TypeVariableMarker;)Lorg/jetbrains/kotlin/types/model/TypeConstructorMarker; 10 4 kotlin/jvm/internal/Intrinsics checkNotNullParameter (Ljava/lang/Object;Ljava/lang/String;)V 10 34 org/jetbrains/kotlin/fir/types/ConeTypeVariable getTypeConstructor ()Lorg/jetbrains/kotlin/fir/types/ConeTypeVariableTypeConstructor; 7 74 org/jetbrains/kotlin/resolve/calls/inference/model/NewConstraintSystemImpl getNotFixedTypeVariables ()Ljava/util/Map; 8 10 org/jetbrains/kotlin/resolve/calls/inference/model/NewConstraintSystemImpl checkState (Lorg/jetbrains/kotlin/resolve/calls/inference/model/NewConstraintSystemImpl$State;Lorg/jetbrains/kotlin/resolve/calls/inference/model/NewConstraintSystemImpl$State;Lorg/jetbrains/kotlin/resolve/calls/inference/model/NewConstraintSystemImpl$State;)V 8 17 org/jetbrains/kotlin/resolve/calls/inference/model/MutableConstraintStorage getNotFixedTypeVariables ()Ljava/util/Map; 7 81 java/util/LinkedHashMap get (Ljava/lang/Object;)Ljava/lang/Object; 8 2 java/util/HashMap getNode (Ljava/lang/Object;)Ljava/util/HashMap$Node; 9 23 java/util/HashMap hash (Ljava/lang/Object;)I 7 116 kotlin/Pair component1 ()Ljava/lang/Object; 7 126 kotlin/Pair component2 ()Ljava/lang/Object; 7 132 java/lang/Boolean booleanValue ()Z 7 139 org/jetbrains/kotlin/resolve/calls/inference/model/Constraint getPosition ()Lorg/jetbrains/kotlin/resolve/calls/inference/model/IncorporationConstraintPosition; 7 142 org/jetbrains/kotlin/resolve/calls/inference/model/IncorporationConstraintPosition getFrom ()Lorg/jetbrains/kotlin/resolve/calls/inference/model/ConstraintPosition; 8 4 org/jetbrains/kotlin/resolve/calls/inference/model/InitialConstraint getPosition ()Lorg/jetbrains/kotlin/resolve/calls/inference/model/ConstraintPosition; 7 155 org/jetbrains/kotlin/resolve/calls/inference/model/Constraint isNullabilityConstraint ()Z 7 179 org/jetbrains/kotlin/resolve/calls/inference/model/FixVariableConstraintPosition getVariable ()Lorg/jetbrains/kotlin/types/model/TypeVariableMarker; 7 184 kotlin/jvm/internal/Intrinsics areEqual (Ljava/lang/Object;Ljava/lang/Object;)Z 7 192 org/jetbrains/kotlin/resolve/calls/inference/model/Constraint getKind ()Lorg/jetbrains/kotlin/resolve/calls/inference/model/ConstraintKind; 7 220 org/jetbrains/kotlin/resolve/calls/inference/components/ConstraintInjector recordReferencesOfOtherTypeVariableInConstraint (Lorg/jetbrains/kotlin/resolve/calls/inference/components/ConstraintInjector$Context;Lorg/jetbrains/kotlin/resolve/calls/inference/model/Constraint;Lorg/jetbrains/kotlin/types/model/TypeConstructorMarker;)V 8 5 org/jetbrains/kotlin/resolve/calls/inference/model/Constraint getType ()Lorg/jetbrains/kotlin/types/model/KotlinTypeMarker; 8 11 kotlin/collections/builders/SetBuilder iterator ()Ljava/util/Iterator; 9 4 kotlin/collections/builders/MapBuilder keysIterator$kotlin_stdlib ()Lkotlin/collections/builders/MapBuilder$KeysItr; 10 5 kotlin/collections/builders/MapBuilder$KeysItr <init> (Lkotlin/collections/builders/MapBuilder;)V 11 3 kotlin/jvm/internal/Intrinsics checkNotNullParameter (Ljava/lang/Object;Ljava/lang/String;)V 11 8 kotlin/collections/builders/MapBuilder$Itr <init> (Lkotlin/collections/builders/MapBuilder;)V 12 3 kotlin/jvm/internal/Intrinsics checkNotNullParameter (Ljava/lang/Object;Ljava/lang/String;)V 12 7 java/lang/Object <init> ()V 12 25 kotlin/collections/builders/MapBuilder access$getModCount$p (Lkotlin/collections/builders/MapBuilder;)I 12 33 kotlin/collections/builders/MapBuilder$Itr initNext$kotlin_stdlib ()V 13 8 kotlin/collections/builders/MapBuilder access$getLength$p (Lkotlin/collections/builders/MapBuilder;)I 13 18 kotlin/collections/builders/MapBuilder access$getPresenceArray$p (Lkotlin/collections/builders/MapBuilder;)[I 8 20 kotlin/collections/builders/MapBuilder$Itr hasNext ()Z 9 8 kotlin/collections/builders/MapBuilder access$getLength$p (Lkotlin/collections/builders/MapBuilder;)I 8 30 kotlin/collections/builders/MapBuilder$KeysItr next ()Ljava/lang/Object; 9 1 kotlin/collections/builders/MapBuilder$Itr checkForComodification$kotlin_stdlib ()V 10 4 kotlin/collections/builders/MapBuilder access$getModCount$p (Lkotlin/collections/builders/MapBuilder;)I 9 5 kotlin/collections/builders/MapBuilder$Itr getIndex$kotlin_stdlib ()I 9 9 kotlin/collections/builders/MapBuilder$Itr getMap$kotlin_stdlib ()Lkotlin/collections/builders/MapBuilder; 9 12 kotlin/collections/builders/MapBuilder access$getLength$p (Lkotlin/collections/builders/MapBuilder;)I 9 28 kotlin/collections/builders/MapBuilder$Itr getIndex$kotlin_stdlib ()I 9 36 kotlin/collections/builders/MapBuilder$Itr setIndex$kotlin_stdlib (I)V 9 40 kotlin/collections/builders/MapBuilder$Itr setLastIndex$kotlin_stdlib (I)V 9 44 kotlin/collections/builders/MapBuilder$Itr getMap$kotlin_stdlib ()Lkotlin/collections/builders/MapBuilder; 9 47 kotlin/collections/builders/MapBuilder access$getKeysArray$p (Lkotlin/collections/builders/MapBuilder;)[Ljava/lang/Object; 9 51 kotlin/collections/builders/MapBuilder$Itr getLastIndex$kotlin_stdlib ()I 9 57 kotlin/collections/builders/MapBuilder$Itr initNext$kotlin_stdlib ()V 10 8 kotlin/collections/builders/MapBuilder access$getLength$p (Lkotlin/collections/builders/MapBuilder;)I 10 18 kotlin/collections/builders/MapBuilder access$getPresenceArray$p (Lkotlin/collections/builders/MapBuilder;)[I 8 44 org/jetbrains/kotlin/resolve/calls/inference/model/NewConstraintSystemImpl recordTypeVariableReferenceInConstraint (Lorg/jetbrains/kotlin/types/model/TypeConstructorMarker;Lorg/jetbrains/kotlin/types/model/TypeConstructorMarker;)V 9 4 kotlin/jvm/internal/Intrinsics checkNotNullParameter (Ljava/lang/Object;Ljava/lang/String;)V 9 11 kotlin/jvm/internal/Intrinsics checkNotNullParameter (Ljava/lang/Object;Ljava/lang/String;)V 9 15 org/jetbrains/kotlin/resolve/calls/inference/model/NewConstraintSystemImpl getTypeVariableDependencies ()Ljava/util/Map; 10 10 org/jetbrains/kotlin/resolve/calls/inference/model/NewConstraintSystemImpl checkState (Lorg/jetbrains/kotlin/resolve/calls/inference/model/NewConstraintSystemImpl$State;Lorg/jetbrains/kotlin/resolve/calls/inference/model/NewConstraintSystemImpl$State;Lorg/jetbrains/kotlin/resolve/calls/inference/model/NewConstraintSystemImpl$State;)V 10 17 org/jetbrains/kotlin/resolve/calls/inference/model/MutableConstraintStorage getTypeVariableDependencies ()Ljava/util/Map; 9 24 java/util/LinkedHashMap get (Ljava/lang/Object;)Ljava/lang/Object; 10 2 java/util/HashMap getNode (Ljava/lang/Object;)Ljava/util/HashMap$Node; 11 23 java/util/HashMap hash (Ljava/lang/Object;)I 11 63 java/lang/Object equals (Ljava/lang/Object;)Z 11 128 java/lang/Object equals (Ljava/lang/Object;)Z 9 43 java/util/LinkedHashSet <init> ()V 10 6 java/util/HashSet <init> (IFZ)V 11 1 java/util/AbstractSet <init> ()V 12 1 java/util/AbstractCollection <init> ()V 13 1 java/lang/Object <init> ()V 11 11 java/util/LinkedHashMap <init> (IF)V 12 3 java/util/HashMap <init> (IF)V 13 1 java/util/AbstractMap <init> ()V 14 1 java/lang/Object <init> ()V 13 51 java/lang/Float isNaN (F)Z 13 91 java/util/HashMap tableSizeFor (I)I 9 56 java/util/HashMap put (Ljava/lang/Object;Ljava/lang/Object;)Ljava/lang/Object; 10 2 java/util/HashMap hash (Ljava/lang/Object;)I 10 9 java/util/HashMap putVal (ILjava/lang/Object;Ljava/lang/Object;ZZ)Ljava/lang/Object; 11 56 java/util/LinkedHashMap newNode (ILjava/lang/Object;Ljava/lang/Object;Ljava/util/HashMap$Node;)Ljava/util/HashMap$Node; 12 9 java/util/LinkedHashMap$Entry <init> (ILjava/lang/Object;Ljava/lang/Object;Ljava/util/HashMap$Node;)V 13 6 java/util/HashMap$Node <init> (ILjava/lang/Object;Ljava/lang/Object;Ljava/util/HashMap$Node;)V 14 1 java/lang/Object <init> ()V 12 17 java/util/LinkedHashMap linkNodeLast (Ljava/util/LinkedHashMap$Entry;)V 11 91 java/lang/Object equals (Ljava/lang/Object;)Z 11 203 java/lang/Object equals (Ljava/lang/Object;)Z 11 152 java/util/LinkedHashMap newNode (ILjava/lang/Object;Ljava/lang/Object;Ljava/util/HashMap$Node;)Ljava/util/HashMap$Node; 12 9 java/util/LinkedHashMap$Entry <init> (ILjava/lang/Object;Ljava/lang/Object;Ljava/util/HashMap$Node;)V 13 6 java/util/HashMap$Node <init> (ILjava/lang/Object;Ljava/lang/Object;Ljava/util/HashMap$Node;)V 14 1 java/lang/Object <init> ()V 12 17 java/util/LinkedHashMap linkNodeLast (Ljava/util/LinkedHashMap$Entry;)V 11 253 java/util/LinkedHashMap afterNodeAccess (Ljava/util/HashMap$Node;)V 11 295 java/util/LinkedHashMap afterNodeInsertion (Z)V 12 15 java/util/LinkedHashMap removeEldestEntry (Ljava/util/Map$Entry;)Z 9 74 java/util/HashSet add (Ljava/lang/Object;)Z 10 8 java/util/HashMap put (Ljava/lang/Object;Ljava/lang/Object;)Ljava/lang/Object; 11 2 java/util/HashMap hash (Ljava/lang/Object;)I 11 9 java/util/HashMap putVal (ILjava/lang/Object;Ljava/lang/Object;ZZ)Ljava/lang/Object; 12 56 java/util/HashMap newNode (ILjava/lang/Object;Ljava/lang/Object;Ljava/util/HashMap$Node;)Ljava/util/HashMap$Node; 13 9 java/util/HashMap$Node <init> (ILjava/lang/Object;Ljava/lang/Object;Ljava/util/HashMap$Node;)V 14 1 java/lang/Object <init> ()V 12 253 java/util/HashMap afterNodeAccess (Ljava/util/HashMap$Node;)V 12 295 java/util/HashMap afterNodeInsertion (Z)V
